[12:21:21] INFO [Billing] Conectando a RabbitMQ (localhost)...
[12:21:21] INFO [Billing] \U0001f680 Billing Service corriendo en http://localhost:5001
[12:21:21] INFO [Billing] Pika version 1.3.2 connecting to ('::1', 5672, 0, 0)
[12:21:21] INFO [Billing] [31m[1mWARNING: This is a development server. Do not use it in a production deployment. Use a production WSGI server instead.[0m
 * Running on all addresses (0.0.0.0)
 * Running on http://127.0.0.1:5001
 * Running on http://192.168.0.117:5001
[12:21:21] INFO [Billing] [33mPress CTRL+C to quit[0m
[12:21:23] ERROR [Billing] Socket failed to connect: <socket.socket fd=640, family=23, type=1, proto=6, laddr=('::', 53200, 0, 0)>; error=10061 (Unknown error)
[12:21:23] ERROR [Billing] TCP Connection attempt failed: ConnectionRefusedError(10061, 'Unknown error'); dest=(<AddressFamily.AF_INET6: 23>, <SocketKind.SOCK_STREAM: 1>, 6, '', ('::1', 5672, 0, 0))
[12:21:23] ERROR [Billing] AMQPConnector - reporting failure: AMQPConnectorSocketConnectError: ConnectionRefusedError(10061, 'Unknown error')
[12:21:23] INFO [Billing] Pika version 1.3.2 connecting to ('127.0.0.1', 5672)
[12:21:25] ERROR [Billing] Socket failed to connect: <socket.socket fd=640, family=2, type=1, proto=6, laddr=('0.0.0.0', 53205)>; error=10061 (Unknown error)
[12:21:25] ERROR [Billing] TCP Connection attempt failed: ConnectionRefusedError(10061, 'Unknown error'); dest=(<AddressFamily.AF_INET: 2>, <SocketKind.SOCK_STREAM: 1>, 6, '', ('127.0.0.1', 5672))
[12:21:25] ERROR [Billing] AMQPConnector - reporting failure: AMQPConnectorSocketConnectError: ConnectionRefusedError(10061, 'Unknown error')
[12:21:25] ERROR [Billing] AMQP connection workflow failed: AMQPConnectionWorkflowFailed: 2 exceptions in all; last exception - AMQPConnectorSocketConnectError: ConnectionRefusedError(10061, 'Unknown error'); first exception - AMQPConnectorSocketConnectError: ConnectionRefusedError(10061, 'Unknown error').
[12:21:25] ERROR [Billing] AMQPConnectionWorkflow - reporting failure: AMQPConnectionWorkflowFailed: 2 exceptions in all; last exception - AMQPConnectorSocketConnectError: ConnectionRefusedError(10061, 'Unknown error'); first exception - AMQPConnectorSocketConnectError: ConnectionRefusedError(10061, 'Unknown error')
[12:21:25] ERROR [Billing] Connection workflow failed: AMQPConnectionWorkflowFailed: 2 exceptions in all; last exception - AMQPConnectorSocketConnectError: ConnectionRefusedError(10061, 'Unknown error'); first exception - AMQPConnectorSocketConnectError: ConnectionRefusedError(10061, 'Unknown error')
[12:21:25] ERROR [Billing] Error in _create_connection().
Traceback (most recent call last):
  File "C:\Users\Usuario iTC\OneDrive\Desktop\Proyecto-Distribuidos\Proyecto-Sistemas-Distribuidos-U1\.venv\Lib\site-packages\pika\adapters\blocking_connection.py", line 451, in _create_connection
    raise self._reap_last_connection_workflow_error(error)
pika.exceptions.AMQPConnectionError
[12:21:25] ERROR [Billing] RabbitMQ no disponible: . Reintentando en 5s...
[12:21:30] INFO [Billing] Conectando a RabbitMQ (localhost)...
[12:21:30] INFO [Billing] Pika version 1.3.2 connecting to ('::1', 5672, 0, 0)
[12:21:32] ERROR [Billing] Socket failed to connect: <socket.socket fd=884, family=23, type=1, proto=6, laddr=('::', 62736, 0, 0)>; error=10061 (Unknown error)
[12:21:32] ERROR [Billing] TCP Connection attempt failed: ConnectionRefusedError(10061, 'Unknown error'); dest=(<AddressFamily.AF_INET6: 23>, <SocketKind.SOCK_STREAM: 1>, 6, '', ('::1', 5672, 0, 0))
[12:21:32] ERROR [Billing] AMQPConnector - reporting failure: AMQPConnectorSocketConnectError: ConnectionRefusedError(10061, 'Unknown error')
[12:21:32] INFO [Billing] Pika version 1.3.2 connecting to ('127.0.0.1', 5672)
[12:21:34] ERROR [Billing] Socket failed to connect: <socket.socket fd=884, family=2, type=1, proto=6, laddr=('0.0.0.0', 62741)>; error=10061 (Unknown error)
[12:21:34] ERROR [Billing] TCP Connection attempt failed: ConnectionRefusedError(10061, 'Unknown error'); dest=(<AddressFamily.AF_INET: 2>, <SocketKind.SOCK_STREAM: 1>, 6, '', ('127.0.0.1', 5672))
[12:21:34] ERROR [Billing] AMQPConnector - reporting failure: AMQPConnectorSocketConnectError: ConnectionRefusedError(10061, 'Unknown error')
[12:21:34] ERROR [Billing] AMQP connection workflow failed: AMQPConnectionWorkflowFailed: 2 exceptions in all; last exception - AMQPConnectorSocketConnectError: ConnectionRefusedError(10061, 'Unknown error'); first exception - AMQPConnectorSocketConnectError: ConnectionRefusedError(10061, 'Unknown error').
[12:21:34] ERROR [Billing] AMQPConnectionWorkflow - reporting failure: AMQPConnectionWorkflowFailed: 2 exceptions in all; last exception - AMQPConnectorSocketConnectError: ConnectionRefusedError(10061, 'Unknown error'); first exception - AMQPConnectorSocketConnectError: ConnectionRefusedError(10061, 'Unknown error')
[12:21:34] ERROR [Billing] Connection workflow failed: AMQPConnectionWorkflowFailed: 2 exceptions in all; last exception - AMQPConnectorSocketConnectError: ConnectionRefusedError(10061, 'Unknown error'); first exception - AMQPConnectorSocketConnectError: ConnectionRefusedError(10061, 'Unknown error')
[12:21:34] ERROR [Billing] Error in _create_connection().
Traceback (most recent call last):
  File "C:\Users\Usuario iTC\OneDrive\Desktop\Proyecto-Distribuidos\Proyecto-Sistemas-Distribuidos-U1\.venv\Lib\site-packages\pika\adapters\blocking_connection.py", line 451, in _create_connection
    raise self._reap_last_connection_workflow_error(error)
pika.exceptions.AMQPConnectionError
[12:21:34] ERROR [Billing] RabbitMQ no disponible: . Reintentando en 5s...
[12:21:39] INFO [Billing] Conectando a RabbitMQ (localhost)...
[12:21:39] INFO [Billing] Pika version 1.3.2 connecting to ('::1', 5672, 0, 0)
[12:21:42] ERROR [Billing] Socket failed to connect: <socket.socket fd=864, family=23, type=1, proto=6, laddr=('::', 62761, 0, 0)>; error=10061 (Unknown error)
[12:21:42] ERROR [Billing] TCP Connection attempt failed: ConnectionRefusedError(10061, 'Unknown error'); dest=(<AddressFamily.AF_INET6: 23>, <SocketKind.SOCK_STREAM: 1>, 6, '', ('::1', 5672, 0, 0))
[12:21:42] ERROR [Billing] AMQPConnector - reporting failure: AMQPConnectorSocketConnectError: ConnectionRefusedError(10061, 'Unknown error')
[12:21:42] INFO [Billing] Pika version 1.3.2 connecting to ('127.0.0.1', 5672)
[12:21:44] ERROR [Billing] Socket failed to connect: <socket.socket fd=864, family=2, type=1, proto=6, laddr=('0.0.0.0', 62771)>; error=10061 (Unknown error)
[12:21:44] ERROR [Billing] TCP Connection attempt failed: ConnectionRefusedError(10061, 'Unknown error'); dest=(<AddressFamily.AF_INET: 2>, <SocketKind.SOCK_STREAM: 1>, 6, '', ('127.0.0.1', 5672))
[12:21:44] ERROR [Billing] AMQPConnector - reporting failure: AMQPConnectorSocketConnectError: ConnectionRefusedError(10061, 'Unknown error')
[12:21:44] ERROR [Billing] AMQP connection workflow failed: AMQPConnectionWorkflowFailed: 2 exceptions in all; last exception - AMQPConnectorSocketConnectError: ConnectionRefusedError(10061, 'Unknown error'); first exception - AMQPConnectorSocketConnectError: ConnectionRefusedError(10061, 'Unknown error').
[12:21:44] ERROR [Billing] AMQPConnectionWorkflow - reporting failure: AMQPConnectionWorkflowFailed: 2 exceptions in all; last exception - AMQPConnectorSocketConnectError: ConnectionRefusedError(10061, 'Unknown error'); first exception - AMQPConnectorSocketConnectError: ConnectionRefusedError(10061, 'Unknown error')
[12:21:44] ERROR [Billing] Connection workflow failed: AMQPConnectionWorkflowFailed: 2 exceptions in all; last exception - AMQPConnectorSocketConnectError: ConnectionRefusedError(10061, 'Unknown error'); first exception - AMQPConnectorSocketConnectError: ConnectionRefusedError(10061, 'Unknown error')
[12:21:44] ERROR [Billing] Error in _create_connection().
Traceback (most recent call last):
  File "C:\Users\Usuario iTC\OneDrive\Desktop\Proyecto-Distribuidos\Proyecto-Sistemas-Distribuidos-U1\.venv\Lib\site-packages\pika\adapters\blocking_connection.py", line 451, in _create_connection
    raise self._reap_last_connection_workflow_error(error)
pika.exceptions.AMQPConnectionError
[12:21:44] ERROR [Billing] RabbitMQ no disponible: . Reintentando en 5s...
[12:21:49] INFO [Billing] Conectando a RabbitMQ (localhost)...
[12:21:49] INFO [Billing] Pika version 1.3.2 connecting to ('::1', 5672, 0, 0)
[12:21:51] ERROR [Billing] Socket failed to connect: <socket.socket fd=904, family=23, type=1, proto=6, laddr=('::', 62792, 0, 0)>; error=10061 (Unknown error)
[12:21:51] ERROR [Billing] TCP Connection attempt failed: ConnectionRefusedError(10061, 'Unknown error'); dest=(<AddressFamily.AF_INET6: 23>, <SocketKind.SOCK_STREAM: 1>, 6, '', ('::1', 5672, 0, 0))
[12:21:51] ERROR [Billing] AMQPConnector - reporting failure: AMQPConnectorSocketConnectError: ConnectionRefusedError(10061, 'Unknown error')
[12:21:51] INFO [Billing] Pika version 1.3.2 connecting to ('127.0.0.1', 5672)
[12:21:53] ERROR [Billing] Socket failed to connect: <socket.socket fd=904, family=2, type=1, proto=6, laddr=('0.0.0.0', 62807)>; error=10061 (Unknown error)
[12:21:53] ERROR [Billing] TCP Connection attempt failed: ConnectionRefusedError(10061, 'Unknown error'); dest=(<AddressFamily.AF_INET: 2>, <SocketKind.SOCK_STREAM: 1>, 6, '', ('127.0.0.1', 5672))
[12:21:53] ERROR [Billing] AMQPConnector - reporting failure: AMQPConnectorSocketConnectError: ConnectionRefusedError(10061, 'Unknown error')
[12:21:53] ERROR [Billing] AMQP connection workflow failed: AMQPConnectionWorkflowFailed: 2 exceptions in all; last exception - AMQPConnectorSocketConnectError: ConnectionRefusedError(10061, 'Unknown error'); first exception - AMQPConnectorSocketConnectError: ConnectionRefusedError(10061, 'Unknown error').
[12:21:53] ERROR [Billing] AMQPConnectionWorkflow - reporting failure: AMQPConnectionWorkflowFailed: 2 exceptions in all; last exception - AMQPConnectorSocketConnectError: ConnectionRefusedError(10061, 'Unknown error'); first exception - AMQPConnectorSocketConnectError: ConnectionRefusedError(10061, 'Unknown error')
[12:21:53] ERROR [Billing] Connection workflow failed: AMQPConnectionWorkflowFailed: 2 exceptions in all; last exception - AMQPConnectorSocketConnectError: ConnectionRefusedError(10061, 'Unknown error'); first exception - AMQPConnectorSocketConnectError: ConnectionRefusedError(10061, 'Unknown error')
[12:21:53] ERROR [Billing] Error in _create_connection().
Traceback (most recent call last):
  File "C:\Users\Usuario iTC\OneDrive\Desktop\Proyecto-Distribuidos\Proyecto-Sistemas-Distribuidos-U1\.venv\Lib\site-packages\pika\adapters\blocking_connection.py", line 451, in _create_connection
    raise self._reap_last_connection_workflow_error(error)
pika.exceptions.AMQPConnectionError
[12:21:53] ERROR [Billing] RabbitMQ no disponible: . Reintentando en 5s...
[12:21:58] INFO [Billing] Conectando a RabbitMQ (localhost)...
[12:21:58] INFO [Billing] Pika version 1.3.2 connecting to ('::1', 5672, 0, 0)
[12:22:00] ERROR [Billing] Socket failed to connect: <socket.socket fd=932, family=23, type=1, proto=6, laddr=('::', 56837, 0, 0)>; error=10061 (Unknown error)
[12:22:00] ERROR [Billing] TCP Connection attempt failed: ConnectionRefusedError(10061, 'Unknown error'); dest=(<AddressFamily.AF_INET6: 23>, <SocketKind.SOCK_STREAM: 1>, 6, '', ('::1', 5672, 0, 0))
[12:22:00] ERROR [Billing] AMQPConnector - reporting failure: AMQPConnectorSocketConnectError: ConnectionRefusedError(10061, 'Unknown error')
[12:22:00] INFO [Billing] Pika version 1.3.2 connecting to ('127.0.0.1', 5672)
[12:22:02] ERROR [Billing] Socket failed to connect: <socket.socket fd=932, family=2, type=1, proto=6, laddr=('0.0.0.0', 56842)>; error=10061 (Unknown error)
[12:22:02] ERROR [Billing] TCP Connection attempt failed: ConnectionRefusedError(10061, 'Unknown error'); dest=(<AddressFamily.AF_INET: 2>, <SocketKind.SOCK_STREAM: 1>, 6, '', ('127.0.0.1', 5672))
[12:22:02] ERROR [Billing] AMQPConnector - reporting failure: AMQPConnectorSocketConnectError: ConnectionRefusedError(10061, 'Unknown error')
[12:22:02] ERROR [Billing] AMQP connection workflow failed: AMQPConnectionWorkflowFailed: 2 exceptions in all; last exception - AMQPConnectorSocketConnectError: ConnectionRefusedError(10061, 'Unknown error'); first exception - AMQPConnectorSocketConnectError: ConnectionRefusedError(10061, 'Unknown error').
[12:22:02] ERROR [Billing] AMQPConnectionWorkflow - reporting failure: AMQPConnectionWorkflowFailed: 2 exceptions in all; last exception - AMQPConnectorSocketConnectError: ConnectionRefusedError(10061, 'Unknown error'); first exception - AMQPConnectorSocketConnectError: ConnectionRefusedError(10061, 'Unknown error')
[12:22:02] ERROR [Billing] Connection workflow failed: AMQPConnectionWorkflowFailed: 2 exceptions in all; last exception - AMQPConnectorSocketConnectError: ConnectionRefusedError(10061, 'Unknown error'); first exception - AMQPConnectorSocketConnectError: ConnectionRefusedError(10061, 'Unknown error')
[12:22:02] ERROR [Billing] Error in _create_connection().
Traceback (most recent call last):
  File "C:\Users\Usuario iTC\OneDrive\Desktop\Proyecto-Distribuidos\Proyecto-Sistemas-Distribuidos-U1\.venv\Lib\site-packages\pika\adapters\blocking_connection.py", line 451, in _create_connection
    raise self._reap_last_connection_workflow_error(error)
pika.exceptions.AMQPConnectionError
[12:22:02] ERROR [Billing] RabbitMQ no disponible: . Reintentando en 5s...
[12:22:07] INFO [Billing] Conectando a RabbitMQ (localhost)...
[12:22:07] INFO [Billing] Pika version 1.3.2 connecting to ('::1', 5672, 0, 0)
[12:22:09] ERROR [Billing] Socket failed to connect: <socket.socket fd=752, family=23, type=1, proto=6, laddr=('::', 61285, 0, 0)>; error=10061 (Unknown error)
[12:22:09] ERROR [Billing] TCP Connection attempt failed: ConnectionRefusedError(10061, 'Unknown error'); dest=(<AddressFamily.AF_INET6: 23>, <SocketKind.SOCK_STREAM: 1>, 6, '', ('::1', 5672, 0, 0))
[12:22:09] ERROR [Billing] AMQPConnector - reporting failure: AMQPConnectorSocketConnectError: ConnectionRefusedError(10061, 'Unknown error')
[12:22:09] INFO [Billing] Pika version 1.3.2 connecting to ('127.0.0.1', 5672)
[12:22:11] ERROR [Billing] Socket failed to connect: <socket.socket fd=752, family=2, type=1, proto=6, laddr=('0.0.0.0', 61290)>; error=10061 (Unknown error)
[12:22:11] ERROR [Billing] TCP Connection attempt failed: ConnectionRefusedError(10061, 'Unknown error'); dest=(<AddressFamily.AF_INET: 2>, <SocketKind.SOCK_STREAM: 1>, 6, '', ('127.0.0.1', 5672))
[12:22:11] ERROR [Billing] AMQPConnector - reporting failure: AMQPConnectorSocketConnectError: ConnectionRefusedError(10061, 'Unknown error')
[12:22:11] ERROR [Billing] AMQP connection workflow failed: AMQPConnectionWorkflowFailed: 2 exceptions in all; last exception - AMQPConnectorSocketConnectError: ConnectionRefusedError(10061, 'Unknown error'); first exception - AMQPConnectorSocketConnectError: ConnectionRefusedError(10061, 'Unknown error').
[12:22:11] ERROR [Billing] AMQPConnectionWorkflow - reporting failure: AMQPConnectionWorkflowFailed: 2 exceptions in all; last exception - AMQPConnectorSocketConnectError: ConnectionRefusedError(10061, 'Unknown error'); first exception - AMQPConnectorSocketConnectError: ConnectionRefusedError(10061, 'Unknown error')
[12:22:11] ERROR [Billing] Connection workflow failed: AMQPConnectionWorkflowFailed: 2 exceptions in all; last exception - AMQPConnectorSocketConnectError: ConnectionRefusedError(10061, 'Unknown error'); first exception - AMQPConnectorSocketConnectError: ConnectionRefusedError(10061, 'Unknown error')
[12:22:11] ERROR [Billing] Error in _create_connection().
Traceback (most recent call last):
  File "C:\Users\Usuario iTC\OneDrive\Desktop\Proyecto-Distribuidos\Proyecto-Sistemas-Distribuidos-U1\.venv\Lib\site-packages\pika\adapters\blocking_connection.py", line 451, in _create_connection
    raise self._reap_last_connection_workflow_error(error)
pika.exceptions.AMQPConnectionError
[12:22:11] ERROR [Billing] RabbitMQ no disponible: . Reintentando en 5s...
[12:22:16] INFO [Billing] Conectando a RabbitMQ (localhost)...
[12:22:16] INFO [Billing] Pika version 1.3.2 connecting to ('::1', 5672, 0, 0)
[12:22:18] ERROR [Billing] Socket failed to connect: <socket.socket fd=888, family=23, type=1, proto=6, laddr=('::', 61308, 0, 0)>; error=10061 (Unknown error)
[12:22:18] ERROR [Billing] TCP Connection attempt failed: ConnectionRefusedError(10061, 'Unknown error'); dest=(<AddressFamily.AF_INET6: 23>, <SocketKind.SOCK_STREAM: 1>, 6, '', ('::1', 5672, 0, 0))
[12:22:18] ERROR [Billing] AMQPConnector - reporting failure: AMQPConnectorSocketConnectError: ConnectionRefusedError(10061, 'Unknown error')
[12:22:18] INFO [Billing] Pika version 1.3.2 connecting to ('127.0.0.1', 5672)
[12:22:20] ERROR [Billing] Socket failed to connect: <socket.socket fd=888, family=2, type=1, proto=6, laddr=('0.0.0.0', 61313)>; error=10061 (Unknown error)
[12:22:20] ERROR [Billing] TCP Connection attempt failed: ConnectionRefusedError(10061, 'Unknown error'); dest=(<AddressFamily.AF_INET: 2>, <SocketKind.SOCK_STREAM: 1>, 6, '', ('127.0.0.1', 5672))
[12:22:20] ERROR [Billing] AMQPConnector - reporting failure: AMQPConnectorSocketConnectError: ConnectionRefusedError(10061, 'Unknown error')
[12:22:20] ERROR [Billing] AMQP connection workflow failed: AMQPConnectionWorkflowFailed: 2 exceptions in all; last exception - AMQPConnectorSocketConnectError: ConnectionRefusedError(10061, 'Unknown error'); first exception - AMQPConnectorSocketConnectError: ConnectionRefusedError(10061, 'Unknown error').
[12:22:20] ERROR [Billing] AMQPConnectionWorkflow - reporting failure: AMQPConnectionWorkflowFailed: 2 exceptions in all; last exception - AMQPConnectorSocketConnectError: ConnectionRefusedError(10061, 'Unknown error'); first exception - AMQPConnectorSocketConnectError: ConnectionRefusedError(10061, 'Unknown error')
[12:22:20] ERROR [Billing] Connection workflow failed: AMQPConnectionWorkflowFailed: 2 exceptions in all; last exception - AMQPConnectorSocketConnectError: ConnectionRefusedError(10061, 'Unknown error'); first exception - AMQPConnectorSocketConnectError: ConnectionRefusedError(10061, 'Unknown error')
[12:22:20] ERROR [Billing] Error in _create_connection().
Traceback (most recent call last):
  File "C:\Users\Usuario iTC\OneDrive\Desktop\Proyecto-Distribuidos\Proyecto-Sistemas-Distribuidos-U1\.venv\Lib\site-packages\pika\adapters\blocking_connection.py", line 451, in _create_connection
    raise self._reap_last_connection_workflow_error(error)
pika.exceptions.AMQPConnectionError
[12:22:20] ERROR [Billing] RabbitMQ no disponible: . Reintentando en 5s...
[12:22:25] INFO [Billing] Conectando a RabbitMQ (localhost)...
[12:22:25] INFO [Billing] Pika version 1.3.2 connecting to ('::1', 5672, 0, 0)
[12:22:27] ERROR [Billing] Socket failed to connect: <socket.socket fd=948, family=23, type=1, proto=6, laddr=('::', 61328, 0, 0)>; error=10061 (Unknown error)
[12:22:27] ERROR [Billing] TCP Connection attempt failed: ConnectionRefusedError(10061, 'Unknown error'); dest=(<AddressFamily.AF_INET6: 23>, <SocketKind.SOCK_STREAM: 1>, 6, '', ('::1', 5672, 0, 0))
[12:22:27] ERROR [Billing] AMQPConnector - reporting failure: AMQPConnectorSocketConnectError: ConnectionRefusedError(10061, 'Unknown error')
[12:22:27] INFO [Billing] Pika version 1.3.2 connecting to ('127.0.0.1', 5672)
[12:22:29] ERROR [Billing] Socket failed to connect: <socket.socket fd=948, family=2, type=1, proto=6, laddr=('0.0.0.0', 61337)>; error=10061 (Unknown error)
[12:22:29] ERROR [Billing] TCP Connection attempt failed: ConnectionRefusedError(10061, 'Unknown error'); dest=(<AddressFamily.AF_INET: 2>, <SocketKind.SOCK_STREAM: 1>, 6, '', ('127.0.0.1', 5672))
[12:22:29] ERROR [Billing] AMQPConnector - reporting failure: AMQPConnectorSocketConnectError: ConnectionRefusedError(10061, 'Unknown error')
[12:22:29] ERROR [Billing] AMQP connection workflow failed: AMQPConnectionWorkflowFailed: 2 exceptions in all; last exception - AMQPConnectorSocketConnectError: ConnectionRefusedError(10061, 'Unknown error'); first exception - AMQPConnectorSocketConnectError: ConnectionRefusedError(10061, 'Unknown error').
[12:22:29] ERROR [Billing] AMQPConnectionWorkflow - reporting failure: AMQPConnectionWorkflowFailed: 2 exceptions in all; last exception - AMQPConnectorSocketConnectError: ConnectionRefusedError(10061, 'Unknown error'); first exception - AMQPConnectorSocketConnectError: ConnectionRefusedError(10061, 'Unknown error')
[12:22:29] ERROR [Billing] Connection workflow failed: AMQPConnectionWorkflowFailed: 2 exceptions in all; last exception - AMQPConnectorSocketConnectError: ConnectionRefusedError(10061, 'Unknown error'); first exception - AMQPConnectorSocketConnectError: ConnectionRefusedError(10061, 'Unknown error')
[12:22:29] ERROR [Billing] Error in _create_connection().
Traceback (most recent call last):
  File "C:\Users\Usuario iTC\OneDrive\Desktop\Proyecto-Distribuidos\Proyecto-Sistemas-Distribuidos-U1\.venv\Lib\site-packages\pika\adapters\blocking_connection.py", line 451, in _create_connection
    raise self._reap_last_connection_workflow_error(error)
pika.exceptions.AMQPConnectionError
[12:22:29] ERROR [Billing] RabbitMQ no disponible: . Reintentando en 5s...
[12:22:34] INFO [Billing] Conectando a RabbitMQ (localhost)...
[12:22:34] INFO [Billing] Pika version 1.3.2 connecting to ('::1', 5672, 0, 0)
[12:22:36] ERROR [Billing] Socket failed to connect: <socket.socket fd=960, family=23, type=1, proto=6, laddr=('::', 61352, 0, 0)>; error=10061 (Unknown error)
[12:22:36] ERROR [Billing] TCP Connection attempt failed: ConnectionRefusedError(10061, 'Unknown error'); dest=(<AddressFamily.AF_INET6: 23>, <SocketKind.SOCK_STREAM: 1>, 6, '', ('::1', 5672, 0, 0))
[12:22:36] ERROR [Billing] AMQPConnector - reporting failure: AMQPConnectorSocketConnectError: ConnectionRefusedError(10061, 'Unknown error')
[12:22:36] INFO [Billing] Pika version 1.3.2 connecting to ('127.0.0.1', 5672)
[12:22:38] ERROR [Billing] Socket failed to connect: <socket.socket fd=960, family=2, type=1, proto=6, laddr=('0.0.0.0', 61359)>; error=10061 (Unknown error)
[12:22:38] ERROR [Billing] TCP Connection attempt failed: ConnectionRefusedError(10061, 'Unknown error'); dest=(<AddressFamily.AF_INET: 2>, <SocketKind.SOCK_STREAM: 1>, 6, '', ('127.0.0.1', 5672))
[12:22:38] ERROR [Billing] AMQPConnector - reporting failure: AMQPConnectorSocketConnectError: ConnectionRefusedError(10061, 'Unknown error')
[12:22:38] ERROR [Billing] AMQP connection workflow failed: AMQPConnectionWorkflowFailed: 2 exceptions in all; last exception - AMQPConnectorSocketConnectError: ConnectionRefusedError(10061, 'Unknown error'); first exception - AMQPConnectorSocketConnectError: ConnectionRefusedError(10061, 'Unknown error').
[12:22:38] ERROR [Billing] AMQPConnectionWorkflow - reporting failure: AMQPConnectionWorkflowFailed: 2 exceptions in all; last exception - AMQPConnectorSocketConnectError: ConnectionRefusedError(10061, 'Unknown error'); first exception - AMQPConnectorSocketConnectError: ConnectionRefusedError(10061, 'Unknown error')
[12:22:38] ERROR [Billing] Connection workflow failed: AMQPConnectionWorkflowFailed: 2 exceptions in all; last exception - AMQPConnectorSocketConnectError: ConnectionRefusedError(10061, 'Unknown error'); first exception - AMQPConnectorSocketConnectError: ConnectionRefusedError(10061, 'Unknown error')
[12:22:38] ERROR [Billing] Error in _create_connection().
Traceback (most recent call last):
  File "C:\Users\Usuario iTC\OneDrive\Desktop\Proyecto-Distribuidos\Proyecto-Sistemas-Distribuidos-U1\.venv\Lib\site-packages\pika\adapters\blocking_connection.py", line 451, in _create_connection
    raise self._reap_last_connection_workflow_error(error)
pika.exceptions.AMQPConnectionError
[12:22:38] ERROR [Billing] RabbitMQ no disponible: . Reintentando en 5s...
[12:22:43] INFO [Billing] Conectando a RabbitMQ (localhost)...
[12:22:43] INFO [Billing] Pika version 1.3.2 connecting to ('::1', 5672, 0, 0)
[12:22:45] ERROR [Billing] Socket failed to connect: <socket.socket fd=872, family=23, type=1, proto=6, laddr=('::', 61376, 0, 0)>; error=10061 (Unknown error)
[12:22:45] ERROR [Billing] TCP Connection attempt failed: ConnectionRefusedError(10061, 'Unknown error'); dest=(<AddressFamily.AF_INET6: 23>, <SocketKind.SOCK_STREAM: 1>, 6, '', ('::1', 5672, 0, 0))
[12:22:45] ERROR [Billing] AMQPConnector - reporting failure: AMQPConnectorSocketConnectError: ConnectionRefusedError(10061, 'Unknown error')
[12:22:45] INFO [Billing] Pika version 1.3.2 connecting to ('127.0.0.1', 5672)
[12:22:47] ERROR [Billing] Socket failed to connect: <socket.socket fd=872, family=2, type=1, proto=6, laddr=('0.0.0.0', 61384)>; error=10061 (Unknown error)
[12:22:47] ERROR [Billing] TCP Connection attempt failed: ConnectionRefusedError(10061, 'Unknown error'); dest=(<AddressFamily.AF_INET: 2>, <SocketKind.SOCK_STREAM: 1>, 6, '', ('127.0.0.1', 5672))
[12:22:47] ERROR [Billing] AMQPConnector - reporting failure: AMQPConnectorSocketConnectError: ConnectionRefusedError(10061, 'Unknown error')
[12:22:47] ERROR [Billing] AMQP connection workflow failed: AMQPConnectionWorkflowFailed: 2 exceptions in all; last exception - AMQPConnectorSocketConnectError: ConnectionRefusedError(10061, 'Unknown error'); first exception - AMQPConnectorSocketConnectError: ConnectionRefusedError(10061, 'Unknown error').
[12:22:47] ERROR [Billing] AMQPConnectionWorkflow - reporting failure: AMQPConnectionWorkflowFailed: 2 exceptions in all; last exception - AMQPConnectorSocketConnectError: ConnectionRefusedError(10061, 'Unknown error'); first exception - AMQPConnectorSocketConnectError: ConnectionRefusedError(10061, 'Unknown error')
[12:22:47] ERROR [Billing] Connection workflow failed: AMQPConnectionWorkflowFailed: 2 exceptions in all; last exception - AMQPConnectorSocketConnectError: ConnectionRefusedError(10061, 'Unknown error'); first exception - AMQPConnectorSocketConnectError: ConnectionRefusedError(10061, 'Unknown error')
[12:22:47] ERROR [Billing] Error in _create_connection().
Traceback (most recent call last):
  File "C:\Users\Usuario iTC\OneDrive\Desktop\Proyecto-Distribuidos\Proyecto-Sistemas-Distribuidos-U1\.venv\Lib\site-packages\pika\adapters\blocking_connection.py", line 451, in _create_connection
    raise self._reap_last_connection_workflow_error(error)
pika.exceptions.AMQPConnectionError
[12:22:47] ERROR [Billing] RabbitMQ no disponible: . Reintentando en 5s...
[12:22:52] INFO [Billing] Conectando a RabbitMQ (localhost)...
[12:22:52] INFO [Billing] Pika version 1.3.2 connecting to ('::1', 5672, 0, 0)
[12:22:54] ERROR [Billing] Socket failed to connect: <socket.socket fd=792, family=23, type=1, proto=6, laddr=('::', 49525, 0, 0)>; error=10061 (Unknown error)
[12:22:54] ERROR [Billing] TCP Connection attempt failed: ConnectionRefusedError(10061, 'Unknown error'); dest=(<AddressFamily.AF_INET6: 23>, <SocketKind.SOCK_STREAM: 1>, 6, '', ('::1', 5672, 0, 0))
[12:22:54] ERROR [Billing] AMQPConnector - reporting failure: AMQPConnectorSocketConnectError: ConnectionRefusedError(10061, 'Unknown error')
[12:22:54] INFO [Billing] Pika version 1.3.2 connecting to ('127.0.0.1', 5672)
[12:22:56] ERROR [Billing] Socket failed to connect: <socket.socket fd=792, family=2, type=1, proto=6, laddr=('0.0.0.0', 53191)>; error=10061 (Unknown error)
[12:22:56] ERROR [Billing] TCP Connection attempt failed: ConnectionRefusedError(10061, 'Unknown error'); dest=(<AddressFamily.AF_INET: 2>, <SocketKind.SOCK_STREAM: 1>, 6, '', ('127.0.0.1', 5672))
[12:22:56] ERROR [Billing] AMQPConnector - reporting failure: AMQPConnectorSocketConnectError: ConnectionRefusedError(10061, 'Unknown error')
[12:22:56] ERROR [Billing] AMQP connection workflow failed: AMQPConnectionWorkflowFailed: 2 exceptions in all; last exception - AMQPConnectorSocketConnectError: ConnectionRefusedError(10061, 'Unknown error'); first exception - AMQPConnectorSocketConnectError: ConnectionRefusedError(10061, 'Unknown error').
[12:22:56] ERROR [Billing] AMQPConnectionWorkflow - reporting failure: AMQPConnectionWorkflowFailed: 2 exceptions in all; last exception - AMQPConnectorSocketConnectError: ConnectionRefusedError(10061, 'Unknown error'); first exception - AMQPConnectorSocketConnectError: ConnectionRefusedError(10061, 'Unknown error')
[12:22:56] ERROR [Billing] Connection workflow failed: AMQPConnectionWorkflowFailed: 2 exceptions in all; last exception - AMQPConnectorSocketConnectError: ConnectionRefusedError(10061, 'Unknown error'); first exception - AMQPConnectorSocketConnectError: ConnectionRefusedError(10061, 'Unknown error')
[12:22:56] ERROR [Billing] Error in _create_connection().
Traceback (most recent call last):
  File "C:\Users\Usuario iTC\OneDrive\Desktop\Proyecto-Distribuidos\Proyecto-Sistemas-Distribuidos-U1\.venv\Lib\site-packages\pika\adapters\blocking_connection.py", line 451, in _create_connection
    raise self._reap_last_connection_workflow_error(error)
pika.exceptions.AMQPConnectionError
[12:22:56] ERROR [Billing] RabbitMQ no disponible: . Reintentando en 5s...
[12:23:01] INFO [Billing] Conectando a RabbitMQ (localhost)...
[12:23:01] INFO [Billing] Pika version 1.3.2 connecting to ('::1', 5672, 0, 0)
[12:23:03] ERROR [Billing] Socket failed to connect: <socket.socket fd=924, family=23, type=1, proto=6, laddr=('::', 53218, 0, 0)>; error=10061 (Unknown error)
[12:23:03] ERROR [Billing] TCP Connection attempt failed: ConnectionRefusedError(10061, 'Unknown error'); dest=(<AddressFamily.AF_INET6: 23>, <SocketKind.SOCK_STREAM: 1>, 6, '', ('::1', 5672, 0, 0))
[12:23:03] ERROR [Billing] AMQPConnector - reporting failure: AMQPConnectorSocketConnectError: ConnectionRefusedError(10061, 'Unknown error')
[12:23:03] INFO [Billing] Pika version 1.3.2 connecting to ('127.0.0.1', 5672)
[12:23:05] ERROR [Billing] Socket failed to connect: <socket.socket fd=924, family=2, type=1, proto=6, laddr=('0.0.0.0', 53222)>; error=10061 (Unknown error)
[12:23:05] ERROR [Billing] TCP Connection attempt failed: ConnectionRefusedError(10061, 'Unknown error'); dest=(<AddressFamily.AF_INET: 2>, <SocketKind.SOCK_STREAM: 1>, 6, '', ('127.0.0.1', 5672))
[12:23:05] ERROR [Billing] AMQPConnector - reporting failure: AMQPConnectorSocketConnectError: ConnectionRefusedError(10061, 'Unknown error')
[12:23:05] ERROR [Billing] AMQP connection workflow failed: AMQPConnectionWorkflowFailed: 2 exceptions in all; last exception - AMQPConnectorSocketConnectError: ConnectionRefusedError(10061, 'Unknown error'); first exception - AMQPConnectorSocketConnectError: ConnectionRefusedError(10061, 'Unknown error').
[12:23:05] ERROR [Billing] AMQPConnectionWorkflow - reporting failure: AMQPConnectionWorkflowFailed: 2 exceptions in all; last exception - AMQPConnectorSocketConnectError: ConnectionRefusedError(10061, 'Unknown error'); first exception - AMQPConnectorSocketConnectError: ConnectionRefusedError(10061, 'Unknown error')
[12:23:05] ERROR [Billing] Connection workflow failed: AMQPConnectionWorkflowFailed: 2 exceptions in all; last exception - AMQPConnectorSocketConnectError: ConnectionRefusedError(10061, 'Unknown error'); first exception - AMQPConnectorSocketConnectError: ConnectionRefusedError(10061, 'Unknown error')
[12:23:05] ERROR [Billing] Error in _create_connection().
Traceback (most recent call last):
  File "C:\Users\Usuario iTC\OneDrive\Desktop\Proyecto-Distribuidos\Proyecto-Sistemas-Distribuidos-U1\.venv\Lib\site-packages\pika\adapters\blocking_connection.py", line 451, in _create_connection
    raise self._reap_last_connection_workflow_error(error)
pika.exceptions.AMQPConnectionError
[12:23:05] ERROR [Billing] RabbitMQ no disponible: . Reintentando en 5s...
[12:23:10] INFO [Billing] Conectando a RabbitMQ (localhost)...
[12:23:10] INFO [Billing] Pika version 1.3.2 connecting to ('::1', 5672, 0, 0)
[12:23:12] ERROR [Billing] Socket failed to connect: <socket.socket fd=924, family=23, type=1, proto=6, laddr=('::', 64100, 0, 0)>; error=10061 (Unknown error)
[12:23:12] ERROR [Billing] TCP Connection attempt failed: ConnectionRefusedError(10061, 'Unknown error'); dest=(<AddressFamily.AF_INET6: 23>, <SocketKind.SOCK_STREAM: 1>, 6, '', ('::1', 5672, 0, 0))
[12:23:12] ERROR [Billing] AMQPConnector - reporting failure: AMQPConnectorSocketConnectError: ConnectionRefusedError(10061, 'Unknown error')
[12:23:12] INFO [Billing] Pika version 1.3.2 connecting to ('127.0.0.1', 5672)
[12:23:14] ERROR [Billing] Socket failed to connect: <socket.socket fd=924, family=2, type=1, proto=6, laddr=('0.0.0.0', 64106)>; error=10061 (Unknown error)
[12:23:14] ERROR [Billing] TCP Connection attempt failed: ConnectionRefusedError(10061, 'Unknown error'); dest=(<AddressFamily.AF_INET: 2>, <SocketKind.SOCK_STREAM: 1>, 6, '', ('127.0.0.1', 5672))
[12:23:14] ERROR [Billing] AMQPConnector - reporting failure: AMQPConnectorSocketConnectError: ConnectionRefusedError(10061, 'Unknown error')
[12:23:14] ERROR [Billing] AMQP connection workflow failed: AMQPConnectionWorkflowFailed: 2 exceptions in all; last exception - AMQPConnectorSocketConnectError: ConnectionRefusedError(10061, 'Unknown error'); first exception - AMQPConnectorSocketConnectError: ConnectionRefusedError(10061, 'Unknown error').
[12:23:14] ERROR [Billing] AMQPConnectionWorkflow - reporting failure: AMQPConnectionWorkflowFailed: 2 exceptions in all; last exception - AMQPConnectorSocketConnectError: ConnectionRefusedError(10061, 'Unknown error'); first exception - AMQPConnectorSocketConnectError: ConnectionRefusedError(10061, 'Unknown error')
[12:23:14] ERROR [Billing] Connection workflow failed: AMQPConnectionWorkflowFailed: 2 exceptions in all; last exception - AMQPConnectorSocketConnectError: ConnectionRefusedError(10061, 'Unknown error'); first exception - AMQPConnectorSocketConnectError: ConnectionRefusedError(10061, 'Unknown error')
[12:23:14] ERROR [Billing] Error in _create_connection().
Traceback (most recent call last):
  File "C:\Users\Usuario iTC\OneDrive\Desktop\Proyecto-Distribuidos\Proyecto-Sistemas-Distribuidos-U1\.venv\Lib\site-packages\pika\adapters\blocking_connection.py", line 451, in _create_connection
    raise self._reap_last_connection_workflow_error(error)
pika.exceptions.AMQPConnectionError
[12:23:14] ERROR [Billing] RabbitMQ no disponible: . Reintentando en 5s...
[12:23:19] INFO [Billing] Conectando a RabbitMQ (localhost)...
[12:23:19] INFO [Billing] Pika version 1.3.2 connecting to ('::1', 5672, 0, 0)
[12:23:21] ERROR [Billing] Socket failed to connect: <socket.socket fd=860, family=23, type=1, proto=6, laddr=('::', 64122, 0, 0)>; error=10061 (Unknown error)
[12:23:21] ERROR [Billing] TCP Connection attempt failed: ConnectionRefusedError(10061, 'Unknown error'); dest=(<AddressFamily.AF_INET6: 23>, <SocketKind.SOCK_STREAM: 1>, 6, '', ('::1', 5672, 0, 0))
[12:23:21] ERROR [Billing] AMQPConnector - reporting failure: AMQPConnectorSocketConnectError: ConnectionRefusedError(10061, 'Unknown error')
[12:23:21] INFO [Billing] Pika version 1.3.2 connecting to ('127.0.0.1', 5672)
[12:23:24] ERROR [Billing] Socket failed to connect: <socket.socket fd=860, family=2, type=1, proto=6, laddr=('0.0.0.0', 64128)>; error=10061 (Unknown error)
[12:23:24] ERROR [Billing] TCP Connection attempt failed: ConnectionRefusedError(10061, 'Unknown error'); dest=(<AddressFamily.AF_INET: 2>, <SocketKind.SOCK_STREAM: 1>, 6, '', ('127.0.0.1', 5672))
[12:23:24] ERROR [Billing] AMQPConnector - reporting failure: AMQPConnectorSocketConnectError: ConnectionRefusedError(10061, 'Unknown error')
[12:23:24] ERROR [Billing] AMQP connection workflow failed: AMQPConnectionWorkflowFailed: 2 exceptions in all; last exception - AMQPConnectorSocketConnectError: ConnectionRefusedError(10061, 'Unknown error'); first exception - AMQPConnectorSocketConnectError: ConnectionRefusedError(10061, 'Unknown error').
[12:23:24] ERROR [Billing] AMQPConnectionWorkflow - reporting failure: AMQPConnectionWorkflowFailed: 2 exceptions in all; last exception - AMQPConnectorSocketConnectError: ConnectionRefusedError(10061, 'Unknown error'); first exception - AMQPConnectorSocketConnectError: ConnectionRefusedError(10061, 'Unknown error')
[12:23:24] ERROR [Billing] Connection workflow failed: AMQPConnectionWorkflowFailed: 2 exceptions in all; last exception - AMQPConnectorSocketConnectError: ConnectionRefusedError(10061, 'Unknown error'); first exception - AMQPConnectorSocketConnectError: ConnectionRefusedError(10061, 'Unknown error')
[12:23:24] ERROR [Billing] Error in _create_connection().
Traceback (most recent call last):
  File "C:\Users\Usuario iTC\OneDrive\Desktop\Proyecto-Distribuidos\Proyecto-Sistemas-Distribuidos-U1\.venv\Lib\site-packages\pika\adapters\blocking_connection.py", line 451, in _create_connection
    raise self._reap_last_connection_workflow_error(error)
pika.exceptions.AMQPConnectionError
[12:23:24] ERROR [Billing] RabbitMQ no disponible: . Reintentando en 5s...
[12:23:29] INFO [Billing] Conectando a RabbitMQ (localhost)...
[12:23:29] INFO [Billing] Pika version 1.3.2 connecting to ('::1', 5672, 0, 0)
[12:23:31] ERROR [Billing] Socket failed to connect: <socket.socket fd=900, family=23, type=1, proto=6, laddr=('::', 64147, 0, 0)>; error=10061 (Unknown error)
[12:23:31] ERROR [Billing] TCP Connection attempt failed: ConnectionRefusedError(10061, 'Unknown error'); dest=(<AddressFamily.AF_INET6: 23>, <SocketKind.SOCK_STREAM: 1>, 6, '', ('::1', 5672, 0, 0))
[12:23:31] ERROR [Billing] AMQPConnector - reporting failure: AMQPConnectorSocketConnectError: ConnectionRefusedError(10061, 'Unknown error')
[12:23:31] INFO [Billing] Pika version 1.3.2 connecting to ('127.0.0.1', 5672)
[12:23:33] ERROR [Billing] Socket failed to connect: <socket.socket fd=900, family=2, type=1, proto=6, laddr=('0.0.0.0', 64154)>; error=10061 (Unknown error)
[12:23:33] ERROR [Billing] TCP Connection attempt failed: ConnectionRefusedError(10061, 'Unknown error'); dest=(<AddressFamily.AF_INET: 2>, <SocketKind.SOCK_STREAM: 1>, 6, '', ('127.0.0.1', 5672))
[12:23:33] ERROR [Billing] AMQPConnector - reporting failure: AMQPConnectorSocketConnectError: ConnectionRefusedError(10061, 'Unknown error')
[12:23:33] ERROR [Billing] AMQP connection workflow failed: AMQPConnectionWorkflowFailed: 2 exceptions in all; last exception - AMQPConnectorSocketConnectError: ConnectionRefusedError(10061, 'Unknown error'); first exception - AMQPConnectorSocketConnectError: ConnectionRefusedError(10061, 'Unknown error').
[12:23:33] ERROR [Billing] AMQPConnectionWorkflow - reporting failure: AMQPConnectionWorkflowFailed: 2 exceptions in all; last exception - AMQPConnectorSocketConnectError: ConnectionRefusedError(10061, 'Unknown error'); first exception - AMQPConnectorSocketConnectError: ConnectionRefusedError(10061, 'Unknown error')
[12:23:33] ERROR [Billing] Connection workflow failed: AMQPConnectionWorkflowFailed: 2 exceptions in all; last exception - AMQPConnectorSocketConnectError: ConnectionRefusedError(10061, 'Unknown error'); first exception - AMQPConnectorSocketConnectError: ConnectionRefusedError(10061, 'Unknown error')
[12:23:33] ERROR [Billing] Error in _create_connection().
Traceback (most recent call last):
  File "C:\Users\Usuario iTC\OneDrive\Desktop\Proyecto-Distribuidos\Proyecto-Sistemas-Distribuidos-U1\.venv\Lib\site-packages\pika\adapters\blocking_connection.py", line 451, in _create_connection
    raise self._reap_last_connection_workflow_error(error)
pika.exceptions.AMQPConnectionError
[12:23:33] ERROR [Billing] RabbitMQ no disponible: . Reintentando en 5s...
[12:23:38] INFO [Billing] Conectando a RabbitMQ (localhost)...
[12:23:38] INFO [Billing] Pika version 1.3.2 connecting to ('::1', 5672, 0, 0)
[12:23:40] ERROR [Billing] Socket failed to connect: <socket.socket fd=708, family=23, type=1, proto=6, laddr=('::', 64170, 0, 0)>; error=10061 (Unknown error)
[12:23:40] ERROR [Billing] TCP Connection attempt failed: ConnectionRefusedError(10061, 'Unknown error'); dest=(<AddressFamily.AF_INET6: 23>, <SocketKind.SOCK_STREAM: 1>, 6, '', ('::1', 5672, 0, 0))
[12:23:40] ERROR [Billing] AMQPConnector - reporting failure: AMQPConnectorSocketConnectError: ConnectionRefusedError(10061, 'Unknown error')
[12:23:40] INFO [Billing] Pika version 1.3.2 connecting to ('127.0.0.1', 5672)
[12:23:42] ERROR [Billing] Socket failed to connect: <socket.socket fd=708, family=2, type=1, proto=6, laddr=('0.0.0.0', 64174)>; error=10061 (Unknown error)
[12:23:42] ERROR [Billing] TCP Connection attempt failed: ConnectionRefusedError(10061, 'Unknown error'); dest=(<AddressFamily.AF_INET: 2>, <SocketKind.SOCK_STREAM: 1>, 6, '', ('127.0.0.1', 5672))
[12:23:42] ERROR [Billing] AMQPConnector - reporting failure: AMQPConnectorSocketConnectError: ConnectionRefusedError(10061, 'Unknown error')
[12:23:42] ERROR [Billing] AMQP connection workflow failed: AMQPConnectionWorkflowFailed: 2 exceptions in all; last exception - AMQPConnectorSocketConnectError: ConnectionRefusedError(10061, 'Unknown error'); first exception - AMQPConnectorSocketConnectError: ConnectionRefusedError(10061, 'Unknown error').
[12:23:42] ERROR [Billing] AMQPConnectionWorkflow - reporting failure: AMQPConnectionWorkflowFailed: 2 exceptions in all; last exception - AMQPConnectorSocketConnectError: ConnectionRefusedError(10061, 'Unknown error'); first exception - AMQPConnectorSocketConnectError: ConnectionRefusedError(10061, 'Unknown error')
[12:23:42] ERROR [Billing] Connection workflow failed: AMQPConnectionWorkflowFailed: 2 exceptions in all; last exception - AMQPConnectorSocketConnectError: ConnectionRefusedError(10061, 'Unknown error'); first exception - AMQPConnectorSocketConnectError: ConnectionRefusedError(10061, 'Unknown error')
[12:23:42] ERROR [Billing] Error in _create_connection().
Traceback (most recent call last):
  File "C:\Users\Usuario iTC\OneDrive\Desktop\Proyecto-Distribuidos\Proyecto-Sistemas-Distribuidos-U1\.venv\Lib\site-packages\pika\adapters\blocking_connection.py", line 451, in _create_connection
    raise self._reap_last_connection_workflow_error(error)
pika.exceptions.AMQPConnectionError
[12:23:42] ERROR [Billing] RabbitMQ no disponible: . Reintentando en 5s...
[12:23:47] INFO [Billing] Conectando a RabbitMQ (localhost)...
[12:23:47] INFO [Billing] Pika version 1.3.2 connecting to ('::1', 5672, 0, 0)
[12:23:49] ERROR [Billing] Socket failed to connect: <socket.socket fd=924, family=23, type=1, proto=6, laddr=('::', 64191, 0, 0)>; error=10061 (Unknown error)
[12:23:49] ERROR [Billing] TCP Connection attempt failed: ConnectionRefusedError(10061, 'Unknown error'); dest=(<AddressFamily.AF_INET6: 23>, <SocketKind.SOCK_STREAM: 1>, 6, '', ('::1', 5672, 0, 0))
[12:23:49] ERROR [Billing] AMQPConnector - reporting failure: AMQPConnectorSocketConnectError: ConnectionRefusedError(10061, 'Unknown error')
[12:23:49] INFO [Billing] Pika version 1.3.2 connecting to ('127.0.0.1', 5672)
[12:23:51] ERROR [Billing] Socket failed to connect: <socket.socket fd=924, family=2, type=1, proto=6, laddr=('0.0.0.0', 64195)>; error=10061 (Unknown error)
[12:23:51] ERROR [Billing] TCP Connection attempt failed: ConnectionRefusedError(10061, 'Unknown error'); dest=(<AddressFamily.AF_INET: 2>, <SocketKind.SOCK_STREAM: 1>, 6, '', ('127.0.0.1', 5672))
[12:23:51] ERROR [Billing] AMQPConnector - reporting failure: AMQPConnectorSocketConnectError: ConnectionRefusedError(10061, 'Unknown error')
[12:23:51] ERROR [Billing] AMQP connection workflow failed: AMQPConnectionWorkflowFailed: 2 exceptions in all; last exception - AMQPConnectorSocketConnectError: ConnectionRefusedError(10061, 'Unknown error'); first exception - AMQPConnectorSocketConnectError: ConnectionRefusedError(10061, 'Unknown error').
[12:23:51] ERROR [Billing] AMQPConnectionWorkflow - reporting failure: AMQPConnectionWorkflowFailed: 2 exceptions in all; last exception - AMQPConnectorSocketConnectError: ConnectionRefusedError(10061, 'Unknown error'); first exception - AMQPConnectorSocketConnectError: ConnectionRefusedError(10061, 'Unknown error')
[12:23:51] ERROR [Billing] Connection workflow failed: AMQPConnectionWorkflowFailed: 2 exceptions in all; last exception - AMQPConnectorSocketConnectError: ConnectionRefusedError(10061, 'Unknown error'); first exception - AMQPConnectorSocketConnectError: ConnectionRefusedError(10061, 'Unknown error')
[12:23:51] ERROR [Billing] Error in _create_connection().
Traceback (most recent call last):
  File "C:\Users\Usuario iTC\OneDrive\Desktop\Proyecto-Distribuidos\Proyecto-Sistemas-Distribuidos-U1\.venv\Lib\site-packages\pika\adapters\blocking_connection.py", line 451, in _create_connection
    raise self._reap_last_connection_workflow_error(error)
pika.exceptions.AMQPConnectionError
[12:23:51] ERROR [Billing] RabbitMQ no disponible: . Reintentando en 5s...
[12:23:56] INFO [Billing] Conectando a RabbitMQ (localhost)...
[12:23:56] INFO [Billing] Pika version 1.3.2 connecting to ('::1', 5672, 0, 0)
[12:23:58] ERROR [Billing] Socket failed to connect: <socket.socket fd=916, family=23, type=1, proto=6, laddr=('::', 53683, 0, 0)>; error=10061 (Unknown error)
[12:23:58] ERROR [Billing] TCP Connection attempt failed: ConnectionRefusedError(10061, 'Unknown error'); dest=(<AddressFamily.AF_INET6: 23>, <SocketKind.SOCK_STREAM: 1>, 6, '', ('::1', 5672, 0, 0))
[12:23:58] ERROR [Billing] AMQPConnector - reporting failure: AMQPConnectorSocketConnectError: ConnectionRefusedError(10061, 'Unknown error')
[12:23:58] INFO [Billing] Pika version 1.3.2 connecting to ('127.0.0.1', 5672)
[12:24:00] ERROR [Billing] Socket failed to connect: <socket.socket fd=916, family=2, type=1, proto=6, laddr=('0.0.0.0', 53687)>; error=10061 (Unknown error)
[12:24:00] ERROR [Billing] TCP Connection attempt failed: ConnectionRefusedError(10061, 'Unknown error'); dest=(<AddressFamily.AF_INET: 2>, <SocketKind.SOCK_STREAM: 1>, 6, '', ('127.0.0.1', 5672))
[12:24:00] ERROR [Billing] AMQPConnector - reporting failure: AMQPConnectorSocketConnectError: ConnectionRefusedError(10061, 'Unknown error')
[12:24:00] ERROR [Billing] AMQP connection workflow failed: AMQPConnectionWorkflowFailed: 2 exceptions in all; last exception - AMQPConnectorSocketConnectError: ConnectionRefusedError(10061, 'Unknown error'); first exception - AMQPConnectorSocketConnectError: ConnectionRefusedError(10061, 'Unknown error').
[12:24:00] ERROR [Billing] AMQPConnectionWorkflow - reporting failure: AMQPConnectionWorkflowFailed: 2 exceptions in all; last exception - AMQPConnectorSocketConnectError: ConnectionRefusedError(10061, 'Unknown error'); first exception - AMQPConnectorSocketConnectError: ConnectionRefusedError(10061, 'Unknown error')
[12:24:00] ERROR [Billing] Connection workflow failed: AMQPConnectionWorkflowFailed: 2 exceptions in all; last exception - AMQPConnectorSocketConnectError: ConnectionRefusedError(10061, 'Unknown error'); first exception - AMQPConnectorSocketConnectError: ConnectionRefusedError(10061, 'Unknown error')
[12:24:00] ERROR [Billing] Error in _create_connection().
Traceback (most recent call last):
  File "C:\Users\Usuario iTC\OneDrive\Desktop\Proyecto-Distribuidos\Proyecto-Sistemas-Distribuidos-U1\.venv\Lib\site-packages\pika\adapters\blocking_connection.py", line 451, in _create_connection
    raise self._reap_last_connection_workflow_error(error)
pika.exceptions.AMQPConnectionError
[12:24:00] ERROR [Billing] RabbitMQ no disponible: . Reintentando en 5s...
[12:24:05] INFO [Billing] Conectando a RabbitMQ (localhost)...
[12:24:05] INFO [Billing] Pika version 1.3.2 connecting to ('::1', 5672, 0, 0)
[12:24:07] ERROR [Billing] Socket failed to connect: <socket.socket fd=972, family=23, type=1, proto=6, laddr=('::', 53703, 0, 0)>; error=10061 (Unknown error)
[12:24:07] ERROR [Billing] TCP Connection attempt failed: ConnectionRefusedError(10061, 'Unknown error'); dest=(<AddressFamily.AF_INET6: 23>, <SocketKind.SOCK_STREAM: 1>, 6, '', ('::1', 5672, 0, 0))
[12:24:07] ERROR [Billing] AMQPConnector - reporting failure: AMQPConnectorSocketConnectError: ConnectionRefusedError(10061, 'Unknown error')
[12:24:07] INFO [Billing] Pika version 1.3.2 connecting to ('127.0.0.1', 5672)
[12:24:09] ERROR [Billing] Socket failed to connect: <socket.socket fd=972, family=2, type=1, proto=6, laddr=('0.0.0.0', 53709)>; error=10061 (Unknown error)
[12:24:09] ERROR [Billing] TCP Connection attempt failed: ConnectionRefusedError(10061, 'Unknown error'); dest=(<AddressFamily.AF_INET: 2>, <SocketKind.SOCK_STREAM: 1>, 6, '', ('127.0.0.1', 5672))
[12:24:09] ERROR [Billing] AMQPConnector - reporting failure: AMQPConnectorSocketConnectError: ConnectionRefusedError(10061, 'Unknown error')
[12:24:09] ERROR [Billing] AMQP connection workflow failed: AMQPConnectionWorkflowFailed: 2 exceptions in all; last exception - AMQPConnectorSocketConnectError: ConnectionRefusedError(10061, 'Unknown error'); first exception - AMQPConnectorSocketConnectError: ConnectionRefusedError(10061, 'Unknown error').
[12:24:09] ERROR [Billing] AMQPConnectionWorkflow - reporting failure: AMQPConnectionWorkflowFailed: 2 exceptions in all; last exception - AMQPConnectorSocketConnectError: ConnectionRefusedError(10061, 'Unknown error'); first exception - AMQPConnectorSocketConnectError: ConnectionRefusedError(10061, 'Unknown error')
[12:24:09] ERROR [Billing] Connection workflow failed: AMQPConnectionWorkflowFailed: 2 exceptions in all; last exception - AMQPConnectorSocketConnectError: ConnectionRefusedError(10061, 'Unknown error'); first exception - AMQPConnectorSocketConnectError: ConnectionRefusedError(10061, 'Unknown error')
[12:24:09] ERROR [Billing] Error in _create_connection().
Traceback (most recent call last):
  File "C:\Users\Usuario iTC\OneDrive\Desktop\Proyecto-Distribuidos\Proyecto-Sistemas-Distribuidos-U1\.venv\Lib\site-packages\pika\adapters\blocking_connection.py", line 451, in _create_connection
    raise self._reap_last_connection_workflow_error(error)
pika.exceptions.AMQPConnectionError
[12:24:09] ERROR [Billing] RabbitMQ no disponible: . Reintentando en 5s...
[12:24:14] INFO [Billing] Conectando a RabbitMQ (localhost)...
[12:24:14] INFO [Billing] Pika version 1.3.2 connecting to ('::1', 5672, 0, 0)
[12:24:16] ERROR [Billing] Socket failed to connect: <socket.socket fd=740, family=23, type=1, proto=6, laddr=('::', 53725, 0, 0)>; error=10061 (Unknown error)
[12:24:16] ERROR [Billing] TCP Connection attempt failed: ConnectionRefusedError(10061, 'Unknown error'); dest=(<AddressFamily.AF_INET6: 23>, <SocketKind.SOCK_STREAM: 1>, 6, '', ('::1', 5672, 0, 0))
[12:24:16] ERROR [Billing] AMQPConnector - reporting failure: AMQPConnectorSocketConnectError: ConnectionRefusedError(10061, 'Unknown error')
[12:24:16] INFO [Billing] Pika version 1.3.2 connecting to ('127.0.0.1', 5672)
[12:24:18] ERROR [Billing] Socket failed to connect: <socket.socket fd=740, family=2, type=1, proto=6, laddr=('0.0.0.0', 57163)>; error=10061 (Unknown error)
[12:24:18] ERROR [Billing] TCP Connection attempt failed: ConnectionRefusedError(10061, 'Unknown error'); dest=(<AddressFamily.AF_INET: 2>, <SocketKind.SOCK_STREAM: 1>, 6, '', ('127.0.0.1', 5672))
[12:24:18] ERROR [Billing] AMQPConnector - reporting failure: AMQPConnectorSocketConnectError: ConnectionRefusedError(10061, 'Unknown error')
[12:24:18] ERROR [Billing] AMQP connection workflow failed: AMQPConnectionWorkflowFailed: 2 exceptions in all; last exception - AMQPConnectorSocketConnectError: ConnectionRefusedError(10061, 'Unknown error'); first exception - AMQPConnectorSocketConnectError: ConnectionRefusedError(10061, 'Unknown error').
[12:24:18] ERROR [Billing] AMQPConnectionWorkflow - reporting failure: AMQPConnectionWorkflowFailed: 2 exceptions in all; last exception - AMQPConnectorSocketConnectError: ConnectionRefusedError(10061, 'Unknown error'); first exception - AMQPConnectorSocketConnectError: ConnectionRefusedError(10061, 'Unknown error')
[12:24:18] ERROR [Billing] Connection workflow failed: AMQPConnectionWorkflowFailed: 2 exceptions in all; last exception - AMQPConnectorSocketConnectError: ConnectionRefusedError(10061, 'Unknown error'); first exception - AMQPConnectorSocketConnectError: ConnectionRefusedError(10061, 'Unknown error')
[12:24:18] ERROR [Billing] Error in _create_connection().
Traceback (most recent call last):
  File "C:\Users\Usuario iTC\OneDrive\Desktop\Proyecto-Distribuidos\Proyecto-Sistemas-Distribuidos-U1\.venv\Lib\site-packages\pika\adapters\blocking_connection.py", line 451, in _create_connection
    raise self._reap_last_connection_workflow_error(error)
pika.exceptions.AMQPConnectionError
[12:24:18] ERROR [Billing] RabbitMQ no disponible: . Reintentando en 5s...
[12:24:23] INFO [Billing] Conectando a RabbitMQ (localhost)...
[12:24:23] INFO [Billing] Pika version 1.3.2 connecting to ('::1', 5672, 0, 0)
[12:24:25] ERROR [Billing] Socket failed to connect: <socket.socket fd=740, family=23, type=1, proto=6, laddr=('::', 57178, 0, 0)>; error=10061 (Unknown error)
[12:24:25] ERROR [Billing] TCP Connection attempt failed: ConnectionRefusedError(10061, 'Unknown error'); dest=(<AddressFamily.AF_INET6: 23>, <SocketKind.SOCK_STREAM: 1>, 6, '', ('::1', 5672, 0, 0))
[12:24:25] ERROR [Billing] AMQPConnector - reporting failure: AMQPConnectorSocketConnectError: ConnectionRefusedError(10061, 'Unknown error')
[12:24:25] INFO [Billing] Pika version 1.3.2 connecting to ('127.0.0.1', 5672)
[12:24:27] ERROR [Billing] Socket failed to connect: <socket.socket fd=740, family=2, type=1, proto=6, laddr=('0.0.0.0', 57183)>; error=10061 (Unknown error)
[12:24:27] ERROR [Billing] TCP Connection attempt failed: ConnectionRefusedError(10061, 'Unknown error'); dest=(<AddressFamily.AF_INET: 2>, <SocketKind.SOCK_STREAM: 1>, 6, '', ('127.0.0.1', 5672))
[12:24:27] ERROR [Billing] AMQPConnector - reporting failure: AMQPConnectorSocketConnectError: ConnectionRefusedError(10061, 'Unknown error')
[12:24:27] ERROR [Billing] AMQP connection workflow failed: AMQPConnectionWorkflowFailed: 2 exceptions in all; last exception - AMQPConnectorSocketConnectError: ConnectionRefusedError(10061, 'Unknown error'); first exception - AMQPConnectorSocketConnectError: ConnectionRefusedError(10061, 'Unknown error').
[12:24:27] ERROR [Billing] AMQPConnectionWorkflow - reporting failure: AMQPConnectionWorkflowFailed: 2 exceptions in all; last exception - AMQPConnectorSocketConnectError: ConnectionRefusedError(10061, 'Unknown error'); first exception - AMQPConnectorSocketConnectError: ConnectionRefusedError(10061, 'Unknown error')
[12:24:27] ERROR [Billing] Connection workflow failed: AMQPConnectionWorkflowFailed: 2 exceptions in all; last exception - AMQPConnectorSocketConnectError: ConnectionRefusedError(10061, 'Unknown error'); first exception - AMQPConnectorSocketConnectError: ConnectionRefusedError(10061, 'Unknown error')
[12:24:27] ERROR [Billing] Error in _create_connection().
Traceback (most recent call last):
  File "C:\Users\Usuario iTC\OneDrive\Desktop\Proyecto-Distribuidos\Proyecto-Sistemas-Distribuidos-U1\.venv\Lib\site-packages\pika\adapters\blocking_connection.py", line 451, in _create_connection
    raise self._reap_last_connection_workflow_error(error)
pika.exceptions.AMQPConnectionError
[12:24:27] ERROR [Billing] RabbitMQ no disponible: . Reintentando en 5s...
[12:24:32] INFO [Billing] Conectando a RabbitMQ (localhost)...
[12:24:32] INFO [Billing] Pika version 1.3.2 connecting to ('::1', 5672, 0, 0)
[12:24:34] ERROR [Billing] Socket failed to connect: <socket.socket fd=972, family=23, type=1, proto=6, laddr=('::', 57201, 0, 0)>; error=10061 (Unknown error)
[12:24:34] ERROR [Billing] TCP Connection attempt failed: ConnectionRefusedError(10061, 'Unknown error'); dest=(<AddressFamily.AF_INET6: 23>, <SocketKind.SOCK_STREAM: 1>, 6, '', ('::1', 5672, 0, 0))
[12:24:34] ERROR [Billing] AMQPConnector - reporting failure: AMQPConnectorSocketConnectError: ConnectionRefusedError(10061, 'Unknown error')
[12:24:34] INFO [Billing] Pika version 1.3.2 connecting to ('127.0.0.1', 5672)
[12:24:36] ERROR [Billing] Socket failed to connect: <socket.socket fd=972, family=2, type=1, proto=6, laddr=('0.0.0.0', 52039)>; error=10061 (Unknown error)
[12:24:36] ERROR [Billing] TCP Connection attempt failed: ConnectionRefusedError(10061, 'Unknown error'); dest=(<AddressFamily.AF_INET: 2>, <SocketKind.SOCK_STREAM: 1>, 6, '', ('127.0.0.1', 5672))
[12:24:36] ERROR [Billing] AMQPConnector - reporting failure: AMQPConnectorSocketConnectError: ConnectionRefusedError(10061, 'Unknown error')
[12:24:36] ERROR [Billing] AMQP connection workflow failed: AMQPConnectionWorkflowFailed: 2 exceptions in all; last exception - AMQPConnectorSocketConnectError: ConnectionRefusedError(10061, 'Unknown error'); first exception - AMQPConnectorSocketConnectError: ConnectionRefusedError(10061, 'Unknown error').
[12:24:36] ERROR [Billing] AMQPConnectionWorkflow - reporting failure: AMQPConnectionWorkflowFailed: 2 exceptions in all; last exception - AMQPConnectorSocketConnectError: ConnectionRefusedError(10061, 'Unknown error'); first exception - AMQPConnectorSocketConnectError: ConnectionRefusedError(10061, 'Unknown error')
[12:24:36] ERROR [Billing] Connection workflow failed: AMQPConnectionWorkflowFailed: 2 exceptions in all; last exception - AMQPConnectorSocketConnectError: ConnectionRefusedError(10061, 'Unknown error'); first exception - AMQPConnectorSocketConnectError: ConnectionRefusedError(10061, 'Unknown error')
[12:24:36] ERROR [Billing] Error in _create_connection().
Traceback (most recent call last):
  File "C:\Users\Usuario iTC\OneDrive\Desktop\Proyecto-Distribuidos\Proyecto-Sistemas-Distribuidos-U1\.venv\Lib\site-packages\pika\adapters\blocking_connection.py", line 451, in _create_connection
    raise self._reap_last_connection_workflow_error(error)
pika.exceptions.AMQPConnectionError
[12:24:36] ERROR [Billing] RabbitMQ no disponible: . Reintentando en 5s...
[12:24:41] INFO [Billing] Conectando a RabbitMQ (localhost)...
[12:24:41] INFO [Billing] Pika version 1.3.2 connecting to ('::1', 5672, 0, 0)
[12:24:43] ERROR [Billing] Socket failed to connect: <socket.socket fd=924, family=23, type=1, proto=6, laddr=('::', 52057, 0, 0)>; error=10061 (Unknown error)
[12:24:43] ERROR [Billing] TCP Connection attempt failed: ConnectionRefusedError(10061, 'Unknown error'); dest=(<AddressFamily.AF_INET6: 23>, <SocketKind.SOCK_STREAM: 1>, 6, '', ('::1', 5672, 0, 0))
[12:24:43] ERROR [Billing] AMQPConnector - reporting failure: AMQPConnectorSocketConnectError: ConnectionRefusedError(10061, 'Unknown error')
[12:24:43] INFO [Billing] Pika version 1.3.2 connecting to ('127.0.0.1', 5672)
[12:24:45] ERROR [Billing] Socket failed to connect: <socket.socket fd=924, family=2, type=1, proto=6, laddr=('0.0.0.0', 52061)>; error=10061 (Unknown error)
[12:24:45] ERROR [Billing] TCP Connection attempt failed: ConnectionRefusedError(10061, 'Unknown error'); dest=(<AddressFamily.AF_INET: 2>, <SocketKind.SOCK_STREAM: 1>, 6, '', ('127.0.0.1', 5672))
[12:24:45] ERROR [Billing] AMQPConnector - reporting failure: AMQPConnectorSocketConnectError: ConnectionRefusedError(10061, 'Unknown error')
[12:24:45] ERROR [Billing] AMQP connection workflow failed: AMQPConnectionWorkflowFailed: 2 exceptions in all; last exception - AMQPConnectorSocketConnectError: ConnectionRefusedError(10061, 'Unknown error'); first exception - AMQPConnectorSocketConnectError: ConnectionRefusedError(10061, 'Unknown error').
[12:24:45] ERROR [Billing] AMQPConnectionWorkflow - reporting failure: AMQPConnectionWorkflowFailed: 2 exceptions in all; last exception - AMQPConnectorSocketConnectError: ConnectionRefusedError(10061, 'Unknown error'); first exception - AMQPConnectorSocketConnectError: ConnectionRefusedError(10061, 'Unknown error')
[12:24:45] ERROR [Billing] Connection workflow failed: AMQPConnectionWorkflowFailed: 2 exceptions in all; last exception - AMQPConnectorSocketConnectError: ConnectionRefusedError(10061, 'Unknown error'); first exception - AMQPConnectorSocketConnectError: ConnectionRefusedError(10061, 'Unknown error')
[12:24:45] ERROR [Billing] Error in _create_connection().
Traceback (most recent call last):
  File "C:\Users\Usuario iTC\OneDrive\Desktop\Proyecto-Distribuidos\Proyecto-Sistemas-Distribuidos-U1\.venv\Lib\site-packages\pika\adapters\blocking_connection.py", line 451, in _create_connection
    raise self._reap_last_connection_workflow_error(error)
pika.exceptions.AMQPConnectionError
[12:24:45] ERROR [Billing] RabbitMQ no disponible: . Reintentando en 5s...
[12:24:50] INFO [Billing] Conectando a RabbitMQ (localhost)...
[12:24:50] INFO [Billing] Pika version 1.3.2 connecting to ('::1', 5672, 0, 0)
[12:24:52] ERROR [Billing] Socket failed to connect: <socket.socket fd=792, family=23, type=1, proto=6, laddr=('::', 52078, 0, 0)>; error=10061 (Unknown error)
[12:24:52] ERROR [Billing] TCP Connection attempt failed: ConnectionRefusedError(10061, 'Unknown error'); dest=(<AddressFamily.AF_INET6: 23>, <SocketKind.SOCK_STREAM: 1>, 6, '', ('::1', 5672, 0, 0))
[12:24:52] ERROR [Billing] AMQPConnector - reporting failure: AMQPConnectorSocketConnectError: ConnectionRefusedError(10061, 'Unknown error')
[12:24:52] INFO [Billing] Pika version 1.3.2 connecting to ('127.0.0.1', 5672)
[12:24:54] ERROR [Billing] Socket failed to connect: <socket.socket fd=792, family=2, type=1, proto=6, laddr=('0.0.0.0', 52084)>; error=10061 (Unknown error)
[12:24:54] ERROR [Billing] TCP Connection attempt failed: ConnectionRefusedError(10061, 'Unknown error'); dest=(<AddressFamily.AF_INET: 2>, <SocketKind.SOCK_STREAM: 1>, 6, '', ('127.0.0.1', 5672))
[12:24:54] ERROR [Billing] AMQPConnector - reporting failure: AMQPConnectorSocketConnectError: ConnectionRefusedError(10061, 'Unknown error')
[12:24:54] ERROR [Billing] AMQP connection workflow failed: AMQPConnectionWorkflowFailed: 2 exceptions in all; last exception - AMQPConnectorSocketConnectError: ConnectionRefusedError(10061, 'Unknown error'); first exception - AMQPConnectorSocketConnectError: ConnectionRefusedError(10061, 'Unknown error').
[12:24:54] ERROR [Billing] AMQPConnectionWorkflow - reporting failure: AMQPConnectionWorkflowFailed: 2 exceptions in all; last exception - AMQPConnectorSocketConnectError: ConnectionRefusedError(10061, 'Unknown error'); first exception - AMQPConnectorSocketConnectError: ConnectionRefusedError(10061, 'Unknown error')
[12:24:54] ERROR [Billing] Connection workflow failed: AMQPConnectionWorkflowFailed: 2 exceptions in all; last exception - AMQPConnectorSocketConnectError: ConnectionRefusedError(10061, 'Unknown error'); first exception - AMQPConnectorSocketConnectError: ConnectionRefusedError(10061, 'Unknown error')
[12:24:54] ERROR [Billing] Error in _create_connection().
Traceback (most recent call last):
  File "C:\Users\Usuario iTC\OneDrive\Desktop\Proyecto-Distribuidos\Proyecto-Sistemas-Distribuidos-U1\.venv\Lib\site-packages\pika\adapters\blocking_connection.py", line 451, in _create_connection
    raise self._reap_last_connection_workflow_error(error)
pika.exceptions.AMQPConnectionError
[12:24:54] ERROR [Billing] RabbitMQ no disponible: . Reintentando en 5s...
[12:24:59] INFO [Billing] Conectando a RabbitMQ (localhost)...
[12:24:59] INFO [Billing] Pika version 1.3.2 connecting to ('::1', 5672, 0, 0)
[12:25:01] ERROR [Billing] Socket failed to connect: <socket.socket fd=872, family=23, type=1, proto=6, laddr=('::', 61713, 0, 0)>; error=10061 (Unknown error)
[12:25:01] ERROR [Billing] TCP Connection attempt failed: ConnectionRefusedError(10061, 'Unknown error'); dest=(<AddressFamily.AF_INET6: 23>, <SocketKind.SOCK_STREAM: 1>, 6, '', ('::1', 5672, 0, 0))
[12:25:01] ERROR [Billing] AMQPConnector - reporting failure: AMQPConnectorSocketConnectError: ConnectionRefusedError(10061, 'Unknown error')
[12:25:01] INFO [Billing] Pika version 1.3.2 connecting to ('127.0.0.1', 5672)
[12:25:03] ERROR [Billing] Socket failed to connect: <socket.socket fd=872, family=2, type=1, proto=6, laddr=('0.0.0.0', 58825)>; error=10061 (Unknown error)
[12:25:03] ERROR [Billing] TCP Connection attempt failed: ConnectionRefusedError(10061, 'Unknown error'); dest=(<AddressFamily.AF_INET: 2>, <SocketKind.SOCK_STREAM: 1>, 6, '', ('127.0.0.1', 5672))
[12:25:03] ERROR [Billing] AMQPConnector - reporting failure: AMQPConnectorSocketConnectError: ConnectionRefusedError(10061, 'Unknown error')
[12:25:03] ERROR [Billing] AMQP connection workflow failed: AMQPConnectionWorkflowFailed: 2 exceptions in all; last exception - AMQPConnectorSocketConnectError: ConnectionRefusedError(10061, 'Unknown error'); first exception - AMQPConnectorSocketConnectError: ConnectionRefusedError(10061, 'Unknown error').
[12:25:03] ERROR [Billing] AMQPConnectionWorkflow - reporting failure: AMQPConnectionWorkflowFailed: 2 exceptions in all; last exception - AMQPConnectorSocketConnectError: ConnectionRefusedError(10061, 'Unknown error'); first exception - AMQPConnectorSocketConnectError: ConnectionRefusedError(10061, 'Unknown error')
[12:25:03] ERROR [Billing] Connection workflow failed: AMQPConnectionWorkflowFailed: 2 exceptions in all; last exception - AMQPConnectorSocketConnectError: ConnectionRefusedError(10061, 'Unknown error'); first exception - AMQPConnectorSocketConnectError: ConnectionRefusedError(10061, 'Unknown error')
[12:25:03] ERROR [Billing] Error in _create_connection().
Traceback (most recent call last):
  File "C:\Users\Usuario iTC\OneDrive\Desktop\Proyecto-Distribuidos\Proyecto-Sistemas-Distribuidos-U1\.venv\Lib\site-packages\pika\adapters\blocking_connection.py", line 451, in _create_connection
    raise self._reap_last_connection_workflow_error(error)
pika.exceptions.AMQPConnectionError
[12:25:03] ERROR [Billing] RabbitMQ no disponible: . Reintentando en 5s...
[12:25:08] INFO [Billing] Conectando a RabbitMQ (localhost)...
[12:25:08] INFO [Billing] Pika version 1.3.2 connecting to ('::1', 5672, 0, 0)
[12:25:10] ERROR [Billing] Socket failed to connect: <socket.socket fd=872, family=23, type=1, proto=6, laddr=('::', 58842, 0, 0)>; error=10061 (Unknown error)
[12:25:10] ERROR [Billing] TCP Connection attempt failed: ConnectionRefusedError(10061, 'Unknown error'); dest=(<AddressFamily.AF_INET6: 23>, <SocketKind.SOCK_STREAM: 1>, 6, '', ('::1', 5672, 0, 0))
[12:25:10] ERROR [Billing] AMQPConnector - reporting failure: AMQPConnectorSocketConnectError: ConnectionRefusedError(10061, 'Unknown error')
[12:25:10] INFO [Billing] Pika version 1.3.2 connecting to ('127.0.0.1', 5672)
[12:25:12] ERROR [Billing] Socket failed to connect: <socket.socket fd=872, family=2, type=1, proto=6, laddr=('0.0.0.0', 58848)>; error=10061 (Unknown error)
[12:25:12] ERROR [Billing] TCP Connection attempt failed: ConnectionRefusedError(10061, 'Unknown error'); dest=(<AddressFamily.AF_INET: 2>, <SocketKind.SOCK_STREAM: 1>, 6, '', ('127.0.0.1', 5672))
[12:25:12] ERROR [Billing] AMQPConnector - reporting failure: AMQPConnectorSocketConnectError: ConnectionRefusedError(10061, 'Unknown error')
[12:25:12] ERROR [Billing] AMQP connection workflow failed: AMQPConnectionWorkflowFailed: 2 exceptions in all; last exception - AMQPConnectorSocketConnectError: ConnectionRefusedError(10061, 'Unknown error'); first exception - AMQPConnectorSocketConnectError: ConnectionRefusedError(10061, 'Unknown error').
[12:25:12] ERROR [Billing] AMQPConnectionWorkflow - reporting failure: AMQPConnectionWorkflowFailed: 2 exceptions in all; last exception - AMQPConnectorSocketConnectError: ConnectionRefusedError(10061, 'Unknown error'); first exception - AMQPConnectorSocketConnectError: ConnectionRefusedError(10061, 'Unknown error')
[12:25:12] ERROR [Billing] Connection workflow failed: AMQPConnectionWorkflowFailed: 2 exceptions in all; last exception - AMQPConnectorSocketConnectError: ConnectionRefusedError(10061, 'Unknown error'); first exception - AMQPConnectorSocketConnectError: ConnectionRefusedError(10061, 'Unknown error')
[12:25:12] ERROR [Billing] Error in _create_connection().
Traceback (most recent call last):
  File "C:\Users\Usuario iTC\OneDrive\Desktop\Proyecto-Distribuidos\Proyecto-Sistemas-Distribuidos-U1\.venv\Lib\site-packages\pika\adapters\blocking_connection.py", line 451, in _create_connection
    raise self._reap_last_connection_workflow_error(error)
pika.exceptions.AMQPConnectionError
[12:25:12] ERROR [Billing] RabbitMQ no disponible: . Reintentando en 5s...
[12:25:17] INFO [Billing] Conectando a RabbitMQ (localhost)...
[12:25:17] INFO [Billing] Pika version 1.3.2 connecting to ('::1', 5672, 0, 0)
[12:25:19] ERROR [Billing] Socket failed to connect: <socket.socket fd=748, family=23, type=1, proto=6, laddr=('::', 58867, 0, 0)>; error=10061 (Unknown error)
[12:25:19] ERROR [Billing] TCP Connection attempt failed: ConnectionRefusedError(10061, 'Unknown error'); dest=(<AddressFamily.AF_INET6: 23>, <SocketKind.SOCK_STREAM: 1>, 6, '', ('::1', 5672, 0, 0))
[12:25:19] ERROR [Billing] AMQPConnector - reporting failure: AMQPConnectorSocketConnectError: ConnectionRefusedError(10061, 'Unknown error')
[12:25:19] INFO [Billing] Pika version 1.3.2 connecting to ('127.0.0.1', 5672)
[12:25:21] ERROR [Billing] Socket failed to connect: <socket.socket fd=748, family=2, type=1, proto=6, laddr=('0.0.0.0', 58871)>; error=10061 (Unknown error)
[12:25:21] ERROR [Billing] TCP Connection attempt failed: ConnectionRefusedError(10061, 'Unknown error'); dest=(<AddressFamily.AF_INET: 2>, <SocketKind.SOCK_STREAM: 1>, 6, '', ('127.0.0.1', 5672))
[12:25:21] ERROR [Billing] AMQPConnector - reporting failure: AMQPConnectorSocketConnectError: ConnectionRefusedError(10061, 'Unknown error')
[12:25:21] ERROR [Billing] AMQP connection workflow failed: AMQPConnectionWorkflowFailed: 2 exceptions in all; last exception - AMQPConnectorSocketConnectError: ConnectionRefusedError(10061, 'Unknown error'); first exception - AMQPConnectorSocketConnectError: ConnectionRefusedError(10061, 'Unknown error').
[12:25:21] ERROR [Billing] AMQPConnectionWorkflow - reporting failure: AMQPConnectionWorkflowFailed: 2 exceptions in all; last exception - AMQPConnectorSocketConnectError: ConnectionRefusedError(10061, 'Unknown error'); first exception - AMQPConnectorSocketConnectError: ConnectionRefusedError(10061, 'Unknown error')
[12:25:21] ERROR [Billing] Connection workflow failed: AMQPConnectionWorkflowFailed: 2 exceptions in all; last exception - AMQPConnectorSocketConnectError: ConnectionRefusedError(10061, 'Unknown error'); first exception - AMQPConnectorSocketConnectError: ConnectionRefusedError(10061, 'Unknown error')
[12:25:21] ERROR [Billing] Error in _create_connection().
Traceback (most recent call last):
  File "C:\Users\Usuario iTC\OneDrive\Desktop\Proyecto-Distribuidos\Proyecto-Sistemas-Distribuidos-U1\.venv\Lib\site-packages\pika\adapters\blocking_connection.py", line 451, in _create_connection
    raise self._reap_last_connection_workflow_error(error)
pika.exceptions.AMQPConnectionError
[12:25:21] ERROR [Billing] RabbitMQ no disponible: . Reintentando en 5s...
[12:25:26] INFO [Billing] Conectando a RabbitMQ (localhost)...
[12:25:26] INFO [Billing] Pika version 1.3.2 connecting to ('::1', 5672, 0, 0)
[12:25:28] ERROR [Billing] Socket failed to connect: <socket.socket fd=964, family=23, type=1, proto=6, laddr=('::', 54298, 0, 0)>; error=10061 (Unknown error)
[12:25:28] ERROR [Billing] TCP Connection attempt failed: ConnectionRefusedError(10061, 'Unknown error'); dest=(<AddressFamily.AF_INET6: 23>, <SocketKind.SOCK_STREAM: 1>, 6, '', ('::1', 5672, 0, 0))
[12:25:28] ERROR [Billing] AMQPConnector - reporting failure: AMQPConnectorSocketConnectError: ConnectionRefusedError(10061, 'Unknown error')
[12:25:28] INFO [Billing] Pika version 1.3.2 connecting to ('127.0.0.1', 5672)
[12:25:30] ERROR [Billing] Socket failed to connect: <socket.socket fd=964, family=2, type=1, proto=6, laddr=('0.0.0.0', 54305)>; error=10061 (Unknown error)
[12:25:30] ERROR [Billing] TCP Connection attempt failed: ConnectionRefusedError(10061, 'Unknown error'); dest=(<AddressFamily.AF_INET: 2>, <SocketKind.SOCK_STREAM: 1>, 6, '', ('127.0.0.1', 5672))
[12:25:30] ERROR [Billing] AMQPConnector - reporting failure: AMQPConnectorSocketConnectError: ConnectionRefusedError(10061, 'Unknown error')
[12:25:30] ERROR [Billing] AMQP connection workflow failed: AMQPConnectionWorkflowFailed: 2 exceptions in all; last exception - AMQPConnectorSocketConnectError: ConnectionRefusedError(10061, 'Unknown error'); first exception - AMQPConnectorSocketConnectError: ConnectionRefusedError(10061, 'Unknown error').
[12:25:30] ERROR [Billing] AMQPConnectionWorkflow - reporting failure: AMQPConnectionWorkflowFailed: 2 exceptions in all; last exception - AMQPConnectorSocketConnectError: ConnectionRefusedError(10061, 'Unknown error'); first exception - AMQPConnectorSocketConnectError: ConnectionRefusedError(10061, 'Unknown error')
[12:25:30] ERROR [Billing] Connection workflow failed: AMQPConnectionWorkflowFailed: 2 exceptions in all; last exception - AMQPConnectorSocketConnectError: ConnectionRefusedError(10061, 'Unknown error'); first exception - AMQPConnectorSocketConnectError: ConnectionRefusedError(10061, 'Unknown error')
[12:25:30] ERROR [Billing] Error in _create_connection().
Traceback (most recent call last):
  File "C:\Users\Usuario iTC\OneDrive\Desktop\Proyecto-Distribuidos\Proyecto-Sistemas-Distribuidos-U1\.venv\Lib\site-packages\pika\adapters\blocking_connection.py", line 451, in _create_connection
    raise self._reap_last_connection_workflow_error(error)
pika.exceptions.AMQPConnectionError
[12:25:30] ERROR [Billing] RabbitMQ no disponible: . Reintentando en 5s...
[12:25:35] INFO [Billing] Conectando a RabbitMQ (localhost)...
[12:25:35] INFO [Billing] Pika version 1.3.2 connecting to ('::1', 5672, 0, 0)
[12:25:38] ERROR [Billing] Socket failed to connect: <socket.socket fd=872, family=23, type=1, proto=6, laddr=('::', 54321, 0, 0)>; error=10061 (Unknown error)
[12:25:38] ERROR [Billing] TCP Connection attempt failed: ConnectionRefusedError(10061, 'Unknown error'); dest=(<AddressFamily.AF_INET6: 23>, <SocketKind.SOCK_STREAM: 1>, 6, '', ('::1', 5672, 0, 0))
[12:25:38] ERROR [Billing] AMQPConnector - reporting failure: AMQPConnectorSocketConnectError: ConnectionRefusedError(10061, 'Unknown error')
[12:25:38] INFO [Billing] Pika version 1.3.2 connecting to ('127.0.0.1', 5672)
[12:25:40] ERROR [Billing] Socket failed to connect: <socket.socket fd=872, family=2, type=1, proto=6, laddr=('0.0.0.0', 54327)>; error=10061 (Unknown error)
[12:25:40] ERROR [Billing] TCP Connection attempt failed: ConnectionRefusedError(10061, 'Unknown error'); dest=(<AddressFamily.AF_INET: 2>, <SocketKind.SOCK_STREAM: 1>, 6, '', ('127.0.0.1', 5672))
[12:25:40] ERROR [Billing] AMQPConnector - reporting failure: AMQPConnectorSocketConnectError: ConnectionRefusedError(10061, 'Unknown error')
[12:25:40] ERROR [Billing] AMQP connection workflow failed: AMQPConnectionWorkflowFailed: 2 exceptions in all; last exception - AMQPConnectorSocketConnectError: ConnectionRefusedError(10061, 'Unknown error'); first exception - AMQPConnectorSocketConnectError: ConnectionRefusedError(10061, 'Unknown error').
[12:25:40] ERROR [Billing] AMQPConnectionWorkflow - reporting failure: AMQPConnectionWorkflowFailed: 2 exceptions in all; last exception - AMQPConnectorSocketConnectError: ConnectionRefusedError(10061, 'Unknown error'); first exception - AMQPConnectorSocketConnectError: ConnectionRefusedError(10061, 'Unknown error')
[12:25:40] ERROR [Billing] Connection workflow failed: AMQPConnectionWorkflowFailed: 2 exceptions in all; last exception - AMQPConnectorSocketConnectError: ConnectionRefusedError(10061, 'Unknown error'); first exception - AMQPConnectorSocketConnectError: ConnectionRefusedError(10061, 'Unknown error')
[12:25:40] ERROR [Billing] Error in _create_connection().
Traceback (most recent call last):
  File "C:\Users\Usuario iTC\OneDrive\Desktop\Proyecto-Distribuidos\Proyecto-Sistemas-Distribuidos-U1\.venv\Lib\site-packages\pika\adapters\blocking_connection.py", line 451, in _create_connection
    raise self._reap_last_connection_workflow_error(error)
pika.exceptions.AMQPConnectionError
[12:25:40] ERROR [Billing] RabbitMQ no disponible: . Reintentando en 5s...
[12:25:45] INFO [Billing] Conectando a RabbitMQ (localhost)...
[12:25:45] INFO [Billing] Pika version 1.3.2 connecting to ('::1', 5672, 0, 0)
[12:25:47] ERROR [Billing] Socket failed to connect: <socket.socket fd=960, family=23, type=1, proto=6, laddr=('::', 54342, 0, 0)>; error=10061 (Unknown error)
[12:25:47] ERROR [Billing] TCP Connection attempt failed: ConnectionRefusedError(10061, 'Unknown error'); dest=(<AddressFamily.AF_INET6: 23>, <SocketKind.SOCK_STREAM: 1>, 6, '', ('::1', 5672, 0, 0))
[12:25:47] ERROR [Billing] AMQPConnector - reporting failure: AMQPConnectorSocketConnectError: ConnectionRefusedError(10061, 'Unknown error')
[12:25:47] INFO [Billing] Pika version 1.3.2 connecting to ('127.0.0.1', 5672)
[12:25:49] ERROR [Billing] Socket failed to connect: <socket.socket fd=960, family=2, type=1, proto=6, laddr=('0.0.0.0', 54351)>; error=10061 (Unknown error)
[12:25:49] ERROR [Billing] TCP Connection attempt failed: ConnectionRefusedError(10061, 'Unknown error'); dest=(<AddressFamily.AF_INET: 2>, <SocketKind.SOCK_STREAM: 1>, 6, '', ('127.0.0.1', 5672))
[12:25:49] ERROR [Billing] AMQPConnector - reporting failure: AMQPConnectorSocketConnectError: ConnectionRefusedError(10061, 'Unknown error')
[12:25:49] ERROR [Billing] AMQP connection workflow failed: AMQPConnectionWorkflowFailed: 2 exceptions in all; last exception - AMQPConnectorSocketConnectError: ConnectionRefusedError(10061, 'Unknown error'); first exception - AMQPConnectorSocketConnectError: ConnectionRefusedError(10061, 'Unknown error').
[12:25:49] ERROR [Billing] AMQPConnectionWorkflow - reporting failure: AMQPConnectionWorkflowFailed: 2 exceptions in all; last exception - AMQPConnectorSocketConnectError: ConnectionRefusedError(10061, 'Unknown error'); first exception - AMQPConnectorSocketConnectError: ConnectionRefusedError(10061, 'Unknown error')
[12:25:49] ERROR [Billing] Connection workflow failed: AMQPConnectionWorkflowFailed: 2 exceptions in all; last exception - AMQPConnectorSocketConnectError: ConnectionRefusedError(10061, 'Unknown error'); first exception - AMQPConnectorSocketConnectError: ConnectionRefusedError(10061, 'Unknown error')
[12:25:49] ERROR [Billing] Error in _create_connection().
Traceback (most recent call last):
  File "C:\Users\Usuario iTC\OneDrive\Desktop\Proyecto-Distribuidos\Proyecto-Sistemas-Distribuidos-U1\.venv\Lib\site-packages\pika\adapters\blocking_connection.py", line 451, in _create_connection
    raise self._reap_last_connection_workflow_error(error)
pika.exceptions.AMQPConnectionError
[12:25:49] ERROR [Billing] RabbitMQ no disponible: . Reintentando en 5s...
[12:25:54] INFO [Billing] Conectando a RabbitMQ (localhost)...
[12:25:54] INFO [Billing] Pika version 1.3.2 connecting to ('::1', 5672, 0, 0)
[12:25:56] ERROR [Billing] Socket failed to connect: <socket.socket fd=924, family=23, type=1, proto=6, laddr=('::', 65058, 0, 0)>; error=10061 (Unknown error)
[12:25:56] ERROR [Billing] TCP Connection attempt failed: ConnectionRefusedError(10061, 'Unknown error'); dest=(<AddressFamily.AF_INET6: 23>, <SocketKind.SOCK_STREAM: 1>, 6, '', ('::1', 5672, 0, 0))
[12:25:56] ERROR [Billing] AMQPConnector - reporting failure: AMQPConnectorSocketConnectError: ConnectionRefusedError(10061, 'Unknown error')
[12:25:56] INFO [Billing] Pika version 1.3.2 connecting to ('127.0.0.1', 5672)
[12:25:58] ERROR [Billing] Socket failed to connect: <socket.socket fd=924, family=2, type=1, proto=6, laddr=('0.0.0.0', 65067)>; error=10061 (Unknown error)
[12:25:58] ERROR [Billing] TCP Connection attempt failed: ConnectionRefusedError(10061, 'Unknown error'); dest=(<AddressFamily.AF_INET: 2>, <SocketKind.SOCK_STREAM: 1>, 6, '', ('127.0.0.1', 5672))
[12:25:58] ERROR [Billing] AMQPConnector - reporting failure: AMQPConnectorSocketConnectError: ConnectionRefusedError(10061, 'Unknown error')
[12:25:58] ERROR [Billing] AMQP connection workflow failed: AMQPConnectionWorkflowFailed: 2 exceptions in all; last exception - AMQPConnectorSocketConnectError: ConnectionRefusedError(10061, 'Unknown error'); first exception - AMQPConnectorSocketConnectError: ConnectionRefusedError(10061, 'Unknown error').
[12:25:58] ERROR [Billing] AMQPConnectionWorkflow - reporting failure: AMQPConnectionWorkflowFailed: 2 exceptions in all; last exception - AMQPConnectorSocketConnectError: ConnectionRefusedError(10061, 'Unknown error'); first exception - AMQPConnectorSocketConnectError: ConnectionRefusedError(10061, 'Unknown error')
[12:25:58] ERROR [Billing] Connection workflow failed: AMQPConnectionWorkflowFailed: 2 exceptions in all; last exception - AMQPConnectorSocketConnectError: ConnectionRefusedError(10061, 'Unknown error'); first exception - AMQPConnectorSocketConnectError: ConnectionRefusedError(10061, 'Unknown error')
[12:25:58] ERROR [Billing] Error in _create_connection().
Traceback (most recent call last):
  File "C:\Users\Usuario iTC\OneDrive\Desktop\Proyecto-Distribuidos\Proyecto-Sistemas-Distribuidos-U1\.venv\Lib\site-packages\pika\adapters\blocking_connection.py", line 451, in _create_connection
    raise self._reap_last_connection_workflow_error(error)
pika.exceptions.AMQPConnectionError
[12:25:58] ERROR [Billing] RabbitMQ no disponible: . Reintentando en 5s...
[12:26:03] INFO [Billing] Conectando a RabbitMQ (localhost)...
[12:26:03] INFO [Billing] Pika version 1.3.2 connecting to ('::1', 5672, 0, 0)
[12:26:05] ERROR [Billing] Socket failed to connect: <socket.socket fd=736, family=23, type=1, proto=6, laddr=('::', 65084, 0, 0)>; error=10061 (Unknown error)
[12:26:05] ERROR [Billing] TCP Connection attempt failed: ConnectionRefusedError(10061, 'Unknown error'); dest=(<AddressFamily.AF_INET6: 23>, <SocketKind.SOCK_STREAM: 1>, 6, '', ('::1', 5672, 0, 0))
[12:26:05] ERROR [Billing] AMQPConnector - reporting failure: AMQPConnectorSocketConnectError: ConnectionRefusedError(10061, 'Unknown error')
[12:26:05] INFO [Billing] Pika version 1.3.2 connecting to ('127.0.0.1', 5672)
[12:26:07] ERROR [Billing] Socket failed to connect: <socket.socket fd=736, family=2, type=1, proto=6, laddr=('0.0.0.0', 65094)>; error=10061 (Unknown error)
[12:26:07] ERROR [Billing] TCP Connection attempt failed: ConnectionRefusedError(10061, 'Unknown error'); dest=(<AddressFamily.AF_INET: 2>, <SocketKind.SOCK_STREAM: 1>, 6, '', ('127.0.0.1', 5672))
[12:26:07] ERROR [Billing] AMQPConnector - reporting failure: AMQPConnectorSocketConnectError: ConnectionRefusedError(10061, 'Unknown error')
[12:26:07] ERROR [Billing] AMQP connection workflow failed: AMQPConnectionWorkflowFailed: 2 exceptions in all; last exception - AMQPConnectorSocketConnectError: ConnectionRefusedError(10061, 'Unknown error'); first exception - AMQPConnectorSocketConnectError: ConnectionRefusedError(10061, 'Unknown error').
[12:26:07] ERROR [Billing] AMQPConnectionWorkflow - reporting failure: AMQPConnectionWorkflowFailed: 2 exceptions in all; last exception - AMQPConnectorSocketConnectError: ConnectionRefusedError(10061, 'Unknown error'); first exception - AMQPConnectorSocketConnectError: ConnectionRefusedError(10061, 'Unknown error')
[12:26:07] ERROR [Billing] Connection workflow failed: AMQPConnectionWorkflowFailed: 2 exceptions in all; last exception - AMQPConnectorSocketConnectError: ConnectionRefusedError(10061, 'Unknown error'); first exception - AMQPConnectorSocketConnectError: ConnectionRefusedError(10061, 'Unknown error')
[12:26:07] ERROR [Billing] Error in _create_connection().
Traceback (most recent call last):
  File "C:\Users\Usuario iTC\OneDrive\Desktop\Proyecto-Distribuidos\Proyecto-Sistemas-Distribuidos-U1\.venv\Lib\site-packages\pika\adapters\blocking_connection.py", line 451, in _create_connection
    raise self._reap_last_connection_workflow_error(error)
pika.exceptions.AMQPConnectionError
[12:26:07] ERROR [Billing] RabbitMQ no disponible: . Reintentando en 5s...
[12:26:12] INFO [Billing] Conectando a RabbitMQ (localhost)...
[12:26:12] INFO [Billing] Pika version 1.3.2 connecting to ('::1', 5672, 0, 0)
[12:26:14] ERROR [Billing] Socket failed to connect: <socket.socket fd=892, family=23, type=1, proto=6, laddr=('::', 65116, 0, 0)>; error=10061 (Unknown error)
[12:26:14] ERROR [Billing] TCP Connection attempt failed: ConnectionRefusedError(10061, 'Unknown error'); dest=(<AddressFamily.AF_INET6: 23>, <SocketKind.SOCK_STREAM: 1>, 6, '', ('::1', 5672, 0, 0))
[12:26:14] ERROR [Billing] AMQPConnector - reporting failure: AMQPConnectorSocketConnectError: ConnectionRefusedError(10061, 'Unknown error')
[12:26:14] INFO [Billing] Pika version 1.3.2 connecting to ('127.0.0.1', 5672)
[12:26:16] ERROR [Billing] Socket failed to connect: <socket.socket fd=892, family=2, type=1, proto=6, laddr=('0.0.0.0', 65121)>; error=10061 (Unknown error)
[12:26:16] ERROR [Billing] TCP Connection attempt failed: ConnectionRefusedError(10061, 'Unknown error'); dest=(<AddressFamily.AF_INET: 2>, <SocketKind.SOCK_STREAM: 1>, 6, '', ('127.0.0.1', 5672))
[12:26:16] ERROR [Billing] AMQPConnector - reporting failure: AMQPConnectorSocketConnectError: ConnectionRefusedError(10061, 'Unknown error')
[12:26:16] ERROR [Billing] AMQP connection workflow failed: AMQPConnectionWorkflowFailed: 2 exceptions in all; last exception - AMQPConnectorSocketConnectError: ConnectionRefusedError(10061, 'Unknown error'); first exception - AMQPConnectorSocketConnectError: ConnectionRefusedError(10061, 'Unknown error').
[12:26:16] ERROR [Billing] AMQPConnectionWorkflow - reporting failure: AMQPConnectionWorkflowFailed: 2 exceptions in all; last exception - AMQPConnectorSocketConnectError: ConnectionRefusedError(10061, 'Unknown error'); first exception - AMQPConnectorSocketConnectError: ConnectionRefusedError(10061, 'Unknown error')
[12:26:16] ERROR [Billing] Connection workflow failed: AMQPConnectionWorkflowFailed: 2 exceptions in all; last exception - AMQPConnectorSocketConnectError: ConnectionRefusedError(10061, 'Unknown error'); first exception - AMQPConnectorSocketConnectError: ConnectionRefusedError(10061, 'Unknown error')
[12:26:16] ERROR [Billing] Error in _create_connection().
Traceback (most recent call last):
  File "C:\Users\Usuario iTC\OneDrive\Desktop\Proyecto-Distribuidos\Proyecto-Sistemas-Distribuidos-U1\.venv\Lib\site-packages\pika\adapters\blocking_connection.py", line 451, in _create_connection
    raise self._reap_last_connection_workflow_error(error)
pika.exceptions.AMQPConnectionError
[12:26:16] ERROR [Billing] RabbitMQ no disponible: . Reintentando en 5s...
[12:26:21] INFO [Billing] Conectando a RabbitMQ (localhost)...
[12:26:21] INFO [Billing] Pika version 1.3.2 connecting to ('::1', 5672, 0, 0)
[12:26:23] ERROR [Billing] Socket failed to connect: <socket.socket fd=968, family=23, type=1, proto=6, laddr=('::', 65139, 0, 0)>; error=10061 (Unknown error)
[12:26:23] ERROR [Billing] TCP Connection attempt failed: ConnectionRefusedError(10061, 'Unknown error'); dest=(<AddressFamily.AF_INET6: 23>, <SocketKind.SOCK_STREAM: 1>, 6, '', ('::1', 5672, 0, 0))
[12:26:23] ERROR [Billing] AMQPConnector - reporting failure: AMQPConnectorSocketConnectError: ConnectionRefusedError(10061, 'Unknown error')
[12:26:23] INFO [Billing] Pika version 1.3.2 connecting to ('127.0.0.1', 5672)
[12:26:25] ERROR [Billing] Socket failed to connect: <socket.socket fd=968, family=2, type=1, proto=6, laddr=('0.0.0.0', 65143)>; error=10061 (Unknown error)
[12:26:25] ERROR [Billing] TCP Connection attempt failed: ConnectionRefusedError(10061, 'Unknown error'); dest=(<AddressFamily.AF_INET: 2>, <SocketKind.SOCK_STREAM: 1>, 6, '', ('127.0.0.1', 5672))
[12:26:25] ERROR [Billing] AMQPConnector - reporting failure: AMQPConnectorSocketConnectError: ConnectionRefusedError(10061, 'Unknown error')
[12:26:25] ERROR [Billing] AMQP connection workflow failed: AMQPConnectionWorkflowFailed: 2 exceptions in all; last exception - AMQPConnectorSocketConnectError: ConnectionRefusedError(10061, 'Unknown error'); first exception - AMQPConnectorSocketConnectError: ConnectionRefusedError(10061, 'Unknown error').
[12:26:25] ERROR [Billing] AMQPConnectionWorkflow - reporting failure: AMQPConnectionWorkflowFailed: 2 exceptions in all; last exception - AMQPConnectorSocketConnectError: ConnectionRefusedError(10061, 'Unknown error'); first exception - AMQPConnectorSocketConnectError: ConnectionRefusedError(10061, 'Unknown error')
[12:26:25] ERROR [Billing] Connection workflow failed: AMQPConnectionWorkflowFailed: 2 exceptions in all; last exception - AMQPConnectorSocketConnectError: ConnectionRefusedError(10061, 'Unknown error'); first exception - AMQPConnectorSocketConnectError: ConnectionRefusedError(10061, 'Unknown error')
[12:26:25] ERROR [Billing] Error in _create_connection().
Traceback (most recent call last):
  File "C:\Users\Usuario iTC\OneDrive\Desktop\Proyecto-Distribuidos\Proyecto-Sistemas-Distribuidos-U1\.venv\Lib\site-packages\pika\adapters\blocking_connection.py", line 451, in _create_connection
    raise self._reap_last_connection_workflow_error(error)
pika.exceptions.AMQPConnectionError
[12:26:25] ERROR [Billing] RabbitMQ no disponible: . Reintentando en 5s...
[12:26:30] INFO [Billing] Conectando a RabbitMQ (localhost)...
[12:26:30] INFO [Billing] Pika version 1.3.2 connecting to ('::1', 5672, 0, 0)
[12:26:32] ERROR [Billing] Socket failed to connect: <socket.socket fd=968, family=23, type=1, proto=6, laddr=('::', 65159, 0, 0)>; error=10061 (Unknown error)
[12:26:32] ERROR [Billing] TCP Connection attempt failed: ConnectionRefusedError(10061, 'Unknown error'); dest=(<AddressFamily.AF_INET6: 23>, <SocketKind.SOCK_STREAM: 1>, 6, '', ('::1', 5672, 0, 0))
[12:26:32] ERROR [Billing] AMQPConnector - reporting failure: AMQPConnectorSocketConnectError: ConnectionRefusedError(10061, 'Unknown error')
[12:26:32] INFO [Billing] Pika version 1.3.2 connecting to ('127.0.0.1', 5672)
[12:26:34] ERROR [Billing] Socket failed to connect: <socket.socket fd=968, family=2, type=1, proto=6, laddr=('0.0.0.0', 65166)>; error=10061 (Unknown error)
[12:26:34] ERROR [Billing] TCP Connection attempt failed: ConnectionRefusedError(10061, 'Unknown error'); dest=(<AddressFamily.AF_INET: 2>, <SocketKind.SOCK_STREAM: 1>, 6, '', ('127.0.0.1', 5672))
[12:26:34] ERROR [Billing] AMQPConnector - reporting failure: AMQPConnectorSocketConnectError: ConnectionRefusedError(10061, 'Unknown error')
[12:26:34] ERROR [Billing] AMQP connection workflow failed: AMQPConnectionWorkflowFailed: 2 exceptions in all; last exception - AMQPConnectorSocketConnectError: ConnectionRefusedError(10061, 'Unknown error'); first exception - AMQPConnectorSocketConnectError: ConnectionRefusedError(10061, 'Unknown error').
[12:26:34] ERROR [Billing] AMQPConnectionWorkflow - reporting failure: AMQPConnectionWorkflowFailed: 2 exceptions in all; last exception - AMQPConnectorSocketConnectError: ConnectionRefusedError(10061, 'Unknown error'); first exception - AMQPConnectorSocketConnectError: ConnectionRefusedError(10061, 'Unknown error')
[12:26:34] ERROR [Billing] Connection workflow failed: AMQPConnectionWorkflowFailed: 2 exceptions in all; last exception - AMQPConnectorSocketConnectError: ConnectionRefusedError(10061, 'Unknown error'); first exception - AMQPConnectorSocketConnectError: ConnectionRefusedError(10061, 'Unknown error')
[12:26:34] ERROR [Billing] Error in _create_connection().
Traceback (most recent call last):
  File "C:\Users\Usuario iTC\OneDrive\Desktop\Proyecto-Distribuidos\Proyecto-Sistemas-Distribuidos-U1\.venv\Lib\site-packages\pika\adapters\blocking_connection.py", line 451, in _create_connection
    raise self._reap_last_connection_workflow_error(error)
pika.exceptions.AMQPConnectionError
[12:26:34] ERROR [Billing] RabbitMQ no disponible: . Reintentando en 5s...
[12:26:39] INFO [Billing] Conectando a RabbitMQ (localhost)...
[12:26:39] INFO [Billing] Pika version 1.3.2 connecting to ('::1', 5672, 0, 0)
[12:26:41] ERROR [Billing] Socket failed to connect: <socket.socket fd=596, family=23, type=1, proto=6, laddr=('::', 65183, 0, 0)>; error=10061 (Unknown error)
[12:26:41] ERROR [Billing] TCP Connection attempt failed: ConnectionRefusedError(10061, 'Unknown error'); dest=(<AddressFamily.AF_INET6: 23>, <SocketKind.SOCK_STREAM: 1>, 6, '', ('::1', 5672, 0, 0))
[12:26:41] ERROR [Billing] AMQPConnector - reporting failure: AMQPConnectorSocketConnectError: ConnectionRefusedError(10061, 'Unknown error')
[12:26:41] INFO [Billing] Pika version 1.3.2 connecting to ('127.0.0.1', 5672)
[12:26:43] ERROR [Billing] Socket failed to connect: <socket.socket fd=596, family=2, type=1, proto=6, laddr=('0.0.0.0', 65189)>; error=10061 (Unknown error)
[12:26:43] ERROR [Billing] TCP Connection attempt failed: ConnectionRefusedError(10061, 'Unknown error'); dest=(<AddressFamily.AF_INET: 2>, <SocketKind.SOCK_STREAM: 1>, 6, '', ('127.0.0.1', 5672))
[12:26:43] ERROR [Billing] AMQPConnector - reporting failure: AMQPConnectorSocketConnectError: ConnectionRefusedError(10061, 'Unknown error')
[12:26:43] ERROR [Billing] AMQP connection workflow failed: AMQPConnectionWorkflowFailed: 2 exceptions in all; last exception - AMQPConnectorSocketConnectError: ConnectionRefusedError(10061, 'Unknown error'); first exception - AMQPConnectorSocketConnectError: ConnectionRefusedError(10061, 'Unknown error').
[12:26:43] ERROR [Billing] AMQPConnectionWorkflow - reporting failure: AMQPConnectionWorkflowFailed: 2 exceptions in all; last exception - AMQPConnectorSocketConnectError: ConnectionRefusedError(10061, 'Unknown error'); first exception - AMQPConnectorSocketConnectError: ConnectionRefusedError(10061, 'Unknown error')
[12:26:43] ERROR [Billing] Connection workflow failed: AMQPConnectionWorkflowFailed: 2 exceptions in all; last exception - AMQPConnectorSocketConnectError: ConnectionRefusedError(10061, 'Unknown error'); first exception - AMQPConnectorSocketConnectError: ConnectionRefusedError(10061, 'Unknown error')
[12:26:43] ERROR [Billing] Error in _create_connection().
Traceback (most recent call last):
  File "C:\Users\Usuario iTC\OneDrive\Desktop\Proyecto-Distribuidos\Proyecto-Sistemas-Distribuidos-U1\.venv\Lib\site-packages\pika\adapters\blocking_connection.py", line 451, in _create_connection
    raise self._reap_last_connection_workflow_error(error)
pika.exceptions.AMQPConnectionError
[12:26:43] ERROR [Billing] RabbitMQ no disponible: . Reintentando en 5s...
[12:26:48] INFO [Billing] Conectando a RabbitMQ (localhost)...
[12:26:48] INFO [Billing] Pika version 1.3.2 connecting to ('::1', 5672, 0, 0)
[12:26:50] ERROR [Billing] Socket failed to connect: <socket.socket fd=976, family=23, type=1, proto=6, laddr=('::', 61168, 0, 0)>; error=10061 (Unknown error)
[12:26:50] ERROR [Billing] TCP Connection attempt failed: ConnectionRefusedError(10061, 'Unknown error'); dest=(<AddressFamily.AF_INET6: 23>, <SocketKind.SOCK_STREAM: 1>, 6, '', ('::1', 5672, 0, 0))
[12:26:50] ERROR [Billing] AMQPConnector - reporting failure: AMQPConnectorSocketConnectError: ConnectionRefusedError(10061, 'Unknown error')
[12:26:50] INFO [Billing] Pika version 1.3.2 connecting to ('127.0.0.1', 5672)
[12:26:52] ERROR [Billing] Socket failed to connect: <socket.socket fd=976, family=2, type=1, proto=6, laddr=('0.0.0.0', 61175)>; error=10061 (Unknown error)
[12:26:52] ERROR [Billing] TCP Connection attempt failed: ConnectionRefusedError(10061, 'Unknown error'); dest=(<AddressFamily.AF_INET: 2>, <SocketKind.SOCK_STREAM: 1>, 6, '', ('127.0.0.1', 5672))
[12:26:52] ERROR [Billing] AMQPConnector - reporting failure: AMQPConnectorSocketConnectError: ConnectionRefusedError(10061, 'Unknown error')
[12:26:52] ERROR [Billing] AMQP connection workflow failed: AMQPConnectionWorkflowFailed: 2 exceptions in all; last exception - AMQPConnectorSocketConnectError: ConnectionRefusedError(10061, 'Unknown error'); first exception - AMQPConnectorSocketConnectError: ConnectionRefusedError(10061, 'Unknown error').
[12:26:52] ERROR [Billing] AMQPConnectionWorkflow - reporting failure: AMQPConnectionWorkflowFailed: 2 exceptions in all; last exception - AMQPConnectorSocketConnectError: ConnectionRefusedError(10061, 'Unknown error'); first exception - AMQPConnectorSocketConnectError: ConnectionRefusedError(10061, 'Unknown error')
[12:26:52] ERROR [Billing] Connection workflow failed: AMQPConnectionWorkflowFailed: 2 exceptions in all; last exception - AMQPConnectorSocketConnectError: ConnectionRefusedError(10061, 'Unknown error'); first exception - AMQPConnectorSocketConnectError: ConnectionRefusedError(10061, 'Unknown error')
[12:26:52] ERROR [Billing] Error in _create_connection().
Traceback (most recent call last):
  File "C:\Users\Usuario iTC\OneDrive\Desktop\Proyecto-Distribuidos\Proyecto-Sistemas-Distribuidos-U1\.venv\Lib\site-packages\pika\adapters\blocking_connection.py", line 451, in _create_connection
    raise self._reap_last_connection_workflow_error(error)
pika.exceptions.AMQPConnectionError
[12:26:52] ERROR [Billing] RabbitMQ no disponible: . Reintentando en 5s...
[12:26:57] INFO [Billing] Conectando a RabbitMQ (localhost)...
[12:26:57] INFO [Billing] Pika version 1.3.2 connecting to ('::1', 5672, 0, 0)
[12:26:59] ERROR [Billing] Socket failed to connect: <socket.socket fd=596, family=23, type=1, proto=6, laddr=('::', 58861, 0, 0)>; error=10061 (Unknown error)
[12:26:59] ERROR [Billing] TCP Connection attempt failed: ConnectionRefusedError(10061, 'Unknown error'); dest=(<AddressFamily.AF_INET6: 23>, <SocketKind.SOCK_STREAM: 1>, 6, '', ('::1', 5672, 0, 0))
[12:26:59] ERROR [Billing] AMQPConnector - reporting failure: AMQPConnectorSocketConnectError: ConnectionRefusedError(10061, 'Unknown error')
[12:26:59] INFO [Billing] Pika version 1.3.2 connecting to ('127.0.0.1', 5672)
[12:27:01] ERROR [Billing] Socket failed to connect: <socket.socket fd=596, family=2, type=1, proto=6, laddr=('0.0.0.0', 58867)>; error=10061 (Unknown error)
[12:27:01] ERROR [Billing] TCP Connection attempt failed: ConnectionRefusedError(10061, 'Unknown error'); dest=(<AddressFamily.AF_INET: 2>, <SocketKind.SOCK_STREAM: 1>, 6, '', ('127.0.0.1', 5672))
[12:27:01] ERROR [Billing] AMQPConnector - reporting failure: AMQPConnectorSocketConnectError: ConnectionRefusedError(10061, 'Unknown error')
[12:27:01] ERROR [Billing] AMQP connection workflow failed: AMQPConnectionWorkflowFailed: 2 exceptions in all; last exception - AMQPConnectorSocketConnectError: ConnectionRefusedError(10061, 'Unknown error'); first exception - AMQPConnectorSocketConnectError: ConnectionRefusedError(10061, 'Unknown error').
[12:27:01] ERROR [Billing] AMQPConnectionWorkflow - reporting failure: AMQPConnectionWorkflowFailed: 2 exceptions in all; last exception - AMQPConnectorSocketConnectError: ConnectionRefusedError(10061, 'Unknown error'); first exception - AMQPConnectorSocketConnectError: ConnectionRefusedError(10061, 'Unknown error')
[12:27:01] ERROR [Billing] Connection workflow failed: AMQPConnectionWorkflowFailed: 2 exceptions in all; last exception - AMQPConnectorSocketConnectError: ConnectionRefusedError(10061, 'Unknown error'); first exception - AMQPConnectorSocketConnectError: ConnectionRefusedError(10061, 'Unknown error')
[12:27:01] ERROR [Billing] Error in _create_connection().
Traceback (most recent call last):
  File "C:\Users\Usuario iTC\OneDrive\Desktop\Proyecto-Distribuidos\Proyecto-Sistemas-Distribuidos-U1\.venv\Lib\site-packages\pika\adapters\blocking_connection.py", line 451, in _create_connection
    raise self._reap_last_connection_workflow_error(error)
pika.exceptions.AMQPConnectionError
[12:27:01] ERROR [Billing] RabbitMQ no disponible: . Reintentando en 5s...
[12:27:06] INFO [Billing] Conectando a RabbitMQ (localhost)...
[12:27:06] INFO [Billing] Pika version 1.3.2 connecting to ('::1', 5672, 0, 0)
[12:27:08] ERROR [Billing] Socket failed to connect: <socket.socket fd=948, family=23, type=1, proto=6, laddr=('::', 58886, 0, 0)>; error=10061 (Unknown error)
[12:27:08] ERROR [Billing] TCP Connection attempt failed: ConnectionRefusedError(10061, 'Unknown error'); dest=(<AddressFamily.AF_INET6: 23>, <SocketKind.SOCK_STREAM: 1>, 6, '', ('::1', 5672, 0, 0))
[12:27:08] ERROR [Billing] AMQPConnector - reporting failure: AMQPConnectorSocketConnectError: ConnectionRefusedError(10061, 'Unknown error')
[12:27:08] INFO [Billing] Pika version 1.3.2 connecting to ('127.0.0.1', 5672)
[12:27:10] ERROR [Billing] Socket failed to connect: <socket.socket fd=948, family=2, type=1, proto=6, laddr=('0.0.0.0', 58890)>; error=10061 (Unknown error)
[12:27:10] ERROR [Billing] TCP Connection attempt failed: ConnectionRefusedError(10061, 'Unknown error'); dest=(<AddressFamily.AF_INET: 2>, <SocketKind.SOCK_STREAM: 1>, 6, '', ('127.0.0.1', 5672))
[12:27:10] ERROR [Billing] AMQPConnector - reporting failure: AMQPConnectorSocketConnectError: ConnectionRefusedError(10061, 'Unknown error')
[12:27:10] ERROR [Billing] AMQP connection workflow failed: AMQPConnectionWorkflowFailed: 2 exceptions in all; last exception - AMQPConnectorSocketConnectError: ConnectionRefusedError(10061, 'Unknown error'); first exception - AMQPConnectorSocketConnectError: ConnectionRefusedError(10061, 'Unknown error').
[12:27:10] ERROR [Billing] AMQPConnectionWorkflow - reporting failure: AMQPConnectionWorkflowFailed: 2 exceptions in all; last exception - AMQPConnectorSocketConnectError: ConnectionRefusedError(10061, 'Unknown error'); first exception - AMQPConnectorSocketConnectError: ConnectionRefusedError(10061, 'Unknown error')
[12:27:10] ERROR [Billing] Connection workflow failed: AMQPConnectionWorkflowFailed: 2 exceptions in all; last exception - AMQPConnectorSocketConnectError: ConnectionRefusedError(10061, 'Unknown error'); first exception - AMQPConnectorSocketConnectError: ConnectionRefusedError(10061, 'Unknown error')
[12:27:10] ERROR [Billing] Error in _create_connection().
Traceback (most recent call last):
  File "C:\Users\Usuario iTC\OneDrive\Desktop\Proyecto-Distribuidos\Proyecto-Sistemas-Distribuidos-U1\.venv\Lib\site-packages\pika\adapters\blocking_connection.py", line 451, in _create_connection
    raise self._reap_last_connection_workflow_error(error)
pika.exceptions.AMQPConnectionError
[12:27:10] ERROR [Billing] RabbitMQ no disponible: . Reintentando en 5s...
[12:27:15] INFO [Billing] Conectando a RabbitMQ (localhost)...
[12:27:15] INFO [Billing] Pika version 1.3.2 connecting to ('::1', 5672, 0, 0)
[12:27:17] ERROR [Billing] Socket failed to connect: <socket.socket fd=740, family=23, type=1, proto=6, laddr=('::', 58907, 0, 0)>; error=10061 (Unknown error)
[12:27:17] ERROR [Billing] TCP Connection attempt failed: ConnectionRefusedError(10061, 'Unknown error'); dest=(<AddressFamily.AF_INET6: 23>, <SocketKind.SOCK_STREAM: 1>, 6, '', ('::1', 5672, 0, 0))
[12:27:17] ERROR [Billing] AMQPConnector - reporting failure: AMQPConnectorSocketConnectError: ConnectionRefusedError(10061, 'Unknown error')
[12:27:17] INFO [Billing] Pika version 1.3.2 connecting to ('127.0.0.1', 5672)
[12:27:19] ERROR [Billing] Socket failed to connect: <socket.socket fd=740, family=2, type=1, proto=6, laddr=('0.0.0.0', 58913)>; error=10061 (Unknown error)
[12:27:19] ERROR [Billing] TCP Connection attempt failed: ConnectionRefusedError(10061, 'Unknown error'); dest=(<AddressFamily.AF_INET: 2>, <SocketKind.SOCK_STREAM: 1>, 6, '', ('127.0.0.1', 5672))
[12:27:19] ERROR [Billing] AMQPConnector - reporting failure: AMQPConnectorSocketConnectError: ConnectionRefusedError(10061, 'Unknown error')
[12:27:19] ERROR [Billing] AMQP connection workflow failed: AMQPConnectionWorkflowFailed: 2 exceptions in all; last exception - AMQPConnectorSocketConnectError: ConnectionRefusedError(10061, 'Unknown error'); first exception - AMQPConnectorSocketConnectError: ConnectionRefusedError(10061, 'Unknown error').
[12:27:19] ERROR [Billing] AMQPConnectionWorkflow - reporting failure: AMQPConnectionWorkflowFailed: 2 exceptions in all; last exception - AMQPConnectorSocketConnectError: ConnectionRefusedError(10061, 'Unknown error'); first exception - AMQPConnectorSocketConnectError: ConnectionRefusedError(10061, 'Unknown error')
[12:27:19] ERROR [Billing] Connection workflow failed: AMQPConnectionWorkflowFailed: 2 exceptions in all; last exception - AMQPConnectorSocketConnectError: ConnectionRefusedError(10061, 'Unknown error'); first exception - AMQPConnectorSocketConnectError: ConnectionRefusedError(10061, 'Unknown error')
[12:27:19] ERROR [Billing] Error in _create_connection().
Traceback (most recent call last):
  File "C:\Users\Usuario iTC\OneDrive\Desktop\Proyecto-Distribuidos\Proyecto-Sistemas-Distribuidos-U1\.venv\Lib\site-packages\pika\adapters\blocking_connection.py", line 451, in _create_connection
    raise self._reap_last_connection_workflow_error(error)
pika.exceptions.AMQPConnectionError
[12:27:19] ERROR [Billing] RabbitMQ no disponible: . Reintentando en 5s...
[12:27:24] INFO [Billing] Conectando a RabbitMQ (localhost)...
[12:27:24] INFO [Billing] Pika version 1.3.2 connecting to ('::1', 5672, 0, 0)
[12:27:26] ERROR [Billing] Socket failed to connect: <socket.socket fd=808, family=23, type=1, proto=6, laddr=('::', 58930, 0, 0)>; error=10061 (Unknown error)
[12:27:26] ERROR [Billing] TCP Connection attempt failed: ConnectionRefusedError(10061, 'Unknown error'); dest=(<AddressFamily.AF_INET6: 23>, <SocketKind.SOCK_STREAM: 1>, 6, '', ('::1', 5672, 0, 0))
[12:27:26] ERROR [Billing] AMQPConnector - reporting failure: AMQPConnectorSocketConnectError: ConnectionRefusedError(10061, 'Unknown error')
[12:27:26] INFO [Billing] Pika version 1.3.2 connecting to ('127.0.0.1', 5672)
[12:27:28] ERROR [Billing] Socket failed to connect: <socket.socket fd=808, family=2, type=1, proto=6, laddr=('0.0.0.0', 58936)>; error=10061 (Unknown error)
[12:27:28] ERROR [Billing] TCP Connection attempt failed: ConnectionRefusedError(10061, 'Unknown error'); dest=(<AddressFamily.AF_INET: 2>, <SocketKind.SOCK_STREAM: 1>, 6, '', ('127.0.0.1', 5672))
[12:27:28] ERROR [Billing] AMQPConnector - reporting failure: AMQPConnectorSocketConnectError: ConnectionRefusedError(10061, 'Unknown error')
[12:27:28] ERROR [Billing] AMQP connection workflow failed: AMQPConnectionWorkflowFailed: 2 exceptions in all; last exception - AMQPConnectorSocketConnectError: ConnectionRefusedError(10061, 'Unknown error'); first exception - AMQPConnectorSocketConnectError: ConnectionRefusedError(10061, 'Unknown error').
[12:27:28] ERROR [Billing] AMQPConnectionWorkflow - reporting failure: AMQPConnectionWorkflowFailed: 2 exceptions in all; last exception - AMQPConnectorSocketConnectError: ConnectionRefusedError(10061, 'Unknown error'); first exception - AMQPConnectorSocketConnectError: ConnectionRefusedError(10061, 'Unknown error')
[12:27:28] ERROR [Billing] Connection workflow failed: AMQPConnectionWorkflowFailed: 2 exceptions in all; last exception - AMQPConnectorSocketConnectError: ConnectionRefusedError(10061, 'Unknown error'); first exception - AMQPConnectorSocketConnectError: ConnectionRefusedError(10061, 'Unknown error')
[12:27:28] ERROR [Billing] Error in _create_connection().
Traceback (most recent call last):
  File "C:\Users\Usuario iTC\OneDrive\Desktop\Proyecto-Distribuidos\Proyecto-Sistemas-Distribuidos-U1\.venv\Lib\site-packages\pika\adapters\blocking_connection.py", line 451, in _create_connection
    raise self._reap_last_connection_workflow_error(error)
pika.exceptions.AMQPConnectionError
[12:27:28] ERROR [Billing] RabbitMQ no disponible: . Reintentando en 5s...
[12:27:33] INFO [Billing] Conectando a RabbitMQ (localhost)...
[12:27:33] INFO [Billing] Pika version 1.3.2 connecting to ('::1', 5672, 0, 0)
[12:27:35] ERROR [Billing] Socket failed to connect: <socket.socket fd=956, family=23, type=1, proto=6, laddr=('::', 58953, 0, 0)>; error=10061 (Unknown error)
[12:27:35] ERROR [Billing] TCP Connection attempt failed: ConnectionRefusedError(10061, 'Unknown error'); dest=(<AddressFamily.AF_INET6: 23>, <SocketKind.SOCK_STREAM: 1>, 6, '', ('::1', 5672, 0, 0))
[12:27:35] ERROR [Billing] AMQPConnector - reporting failure: AMQPConnectorSocketConnectError: ConnectionRefusedError(10061, 'Unknown error')
[12:27:35] INFO [Billing] Pika version 1.3.2 connecting to ('127.0.0.1', 5672)
[12:27:37] ERROR [Billing] Socket failed to connect: <socket.socket fd=956, family=2, type=1, proto=6, laddr=('0.0.0.0', 58958)>; error=10061 (Unknown error)
[12:27:37] ERROR [Billing] TCP Connection attempt failed: ConnectionRefusedError(10061, 'Unknown error'); dest=(<AddressFamily.AF_INET: 2>, <SocketKind.SOCK_STREAM: 1>, 6, '', ('127.0.0.1', 5672))
[12:27:37] ERROR [Billing] AMQPConnector - reporting failure: AMQPConnectorSocketConnectError: ConnectionRefusedError(10061, 'Unknown error')
[12:27:37] ERROR [Billing] AMQP connection workflow failed: AMQPConnectionWorkflowFailed: 2 exceptions in all; last exception - AMQPConnectorSocketConnectError: ConnectionRefusedError(10061, 'Unknown error'); first exception - AMQPConnectorSocketConnectError: ConnectionRefusedError(10061, 'Unknown error').
[12:27:37] ERROR [Billing] AMQPConnectionWorkflow - reporting failure: AMQPConnectionWorkflowFailed: 2 exceptions in all; last exception - AMQPConnectorSocketConnectError: ConnectionRefusedError(10061, 'Unknown error'); first exception - AMQPConnectorSocketConnectError: ConnectionRefusedError(10061, 'Unknown error')
[12:27:37] ERROR [Billing] Connection workflow failed: AMQPConnectionWorkflowFailed: 2 exceptions in all; last exception - AMQPConnectorSocketConnectError: ConnectionRefusedError(10061, 'Unknown error'); first exception - AMQPConnectorSocketConnectError: ConnectionRefusedError(10061, 'Unknown error')
[12:27:37] ERROR [Billing] Error in _create_connection().
Traceback (most recent call last):
  File "C:\Users\Usuario iTC\OneDrive\Desktop\Proyecto-Distribuidos\Proyecto-Sistemas-Distribuidos-U1\.venv\Lib\site-packages\pika\adapters\blocking_connection.py", line 451, in _create_connection
    raise self._reap_last_connection_workflow_error(error)
pika.exceptions.AMQPConnectionError
[12:27:37] ERROR [Billing] RabbitMQ no disponible: . Reintentando en 5s...
[12:27:42] INFO [Billing] Conectando a RabbitMQ (localhost)...
[12:27:42] INFO [Billing] Pika version 1.3.2 connecting to ('::1', 5672, 0, 0)
[12:27:44] ERROR [Billing] Socket failed to connect: <socket.socket fd=984, family=23, type=1, proto=6, laddr=('::', 58975, 0, 0)>; error=10061 (Unknown error)
[12:27:44] ERROR [Billing] TCP Connection attempt failed: ConnectionRefusedError(10061, 'Unknown error'); dest=(<AddressFamily.AF_INET6: 23>, <SocketKind.SOCK_STREAM: 1>, 6, '', ('::1', 5672, 0, 0))
[12:27:44] ERROR [Billing] AMQPConnector - reporting failure: AMQPConnectorSocketConnectError: ConnectionRefusedError(10061, 'Unknown error')
[12:27:44] INFO [Billing] Pika version 1.3.2 connecting to ('127.0.0.1', 5672)
[12:27:46] ERROR [Billing] Socket failed to connect: <socket.socket fd=984, family=2, type=1, proto=6, laddr=('0.0.0.0', 58981)>; error=10061 (Unknown error)
[12:27:46] ERROR [Billing] TCP Connection attempt failed: ConnectionRefusedError(10061, 'Unknown error'); dest=(<AddressFamily.AF_INET: 2>, <SocketKind.SOCK_STREAM: 1>, 6, '', ('127.0.0.1', 5672))
[12:27:46] ERROR [Billing] AMQPConnector - reporting failure: AMQPConnectorSocketConnectError: ConnectionRefusedError(10061, 'Unknown error')
[12:27:46] ERROR [Billing] AMQP connection workflow failed: AMQPConnectionWorkflowFailed: 2 exceptions in all; last exception - AMQPConnectorSocketConnectError: ConnectionRefusedError(10061, 'Unknown error'); first exception - AMQPConnectorSocketConnectError: ConnectionRefusedError(10061, 'Unknown error').
[12:27:46] ERROR [Billing] AMQPConnectionWorkflow - reporting failure: AMQPConnectionWorkflowFailed: 2 exceptions in all; last exception - AMQPConnectorSocketConnectError: ConnectionRefusedError(10061, 'Unknown error'); first exception - AMQPConnectorSocketConnectError: ConnectionRefusedError(10061, 'Unknown error')
[12:27:46] ERROR [Billing] Connection workflow failed: AMQPConnectionWorkflowFailed: 2 exceptions in all; last exception - AMQPConnectorSocketConnectError: ConnectionRefusedError(10061, 'Unknown error'); first exception - AMQPConnectorSocketConnectError: ConnectionRefusedError(10061, 'Unknown error')
[12:27:46] ERROR [Billing] Error in _create_connection().
Traceback (most recent call last):
  File "C:\Users\Usuario iTC\OneDrive\Desktop\Proyecto-Distribuidos\Proyecto-Sistemas-Distribuidos-U1\.venv\Lib\site-packages\pika\adapters\blocking_connection.py", line 451, in _create_connection
    raise self._reap_last_connection_workflow_error(error)
pika.exceptions.AMQPConnectionError
[12:27:46] ERROR [Billing] RabbitMQ no disponible: . Reintentando en 5s...
[12:27:51] INFO [Billing] Conectando a RabbitMQ (localhost)...
[12:27:51] INFO [Billing] Pika version 1.3.2 connecting to ('::1', 5672, 0, 0)
[12:27:53] ERROR [Billing] Socket failed to connect: <socket.socket fd=968, family=23, type=1, proto=6, laddr=('::', 59004, 0, 0)>; error=10061 (Unknown error)
[12:27:53] ERROR [Billing] TCP Connection attempt failed: ConnectionRefusedError(10061, 'Unknown error'); dest=(<AddressFamily.AF_INET6: 23>, <SocketKind.SOCK_STREAM: 1>, 6, '', ('::1', 5672, 0, 0))
[12:27:53] ERROR [Billing] AMQPConnector - reporting failure: AMQPConnectorSocketConnectError: ConnectionRefusedError(10061, 'Unknown error')
[12:27:53] INFO [Billing] Pika version 1.3.2 connecting to ('127.0.0.1', 5672)
[12:27:56] ERROR [Billing] Socket failed to connect: <socket.socket fd=968, family=2, type=1, proto=6, laddr=('0.0.0.0', 54397)>; error=10061 (Unknown error)
[12:27:56] ERROR [Billing] TCP Connection attempt failed: ConnectionRefusedError(10061, 'Unknown error'); dest=(<AddressFamily.AF_INET: 2>, <SocketKind.SOCK_STREAM: 1>, 6, '', ('127.0.0.1', 5672))
[12:27:56] ERROR [Billing] AMQPConnector - reporting failure: AMQPConnectorSocketConnectError: ConnectionRefusedError(10061, 'Unknown error')
[12:27:56] ERROR [Billing] AMQP connection workflow failed: AMQPConnectionWorkflowFailed: 2 exceptions in all; last exception - AMQPConnectorSocketConnectError: ConnectionRefusedError(10061, 'Unknown error'); first exception - AMQPConnectorSocketConnectError: ConnectionRefusedError(10061, 'Unknown error').
[12:27:56] ERROR [Billing] AMQPConnectionWorkflow - reporting failure: AMQPConnectionWorkflowFailed: 2 exceptions in all; last exception - AMQPConnectorSocketConnectError: ConnectionRefusedError(10061, 'Unknown error'); first exception - AMQPConnectorSocketConnectError: ConnectionRefusedError(10061, 'Unknown error')
[12:27:56] ERROR [Billing] Connection workflow failed: AMQPConnectionWorkflowFailed: 2 exceptions in all; last exception - AMQPConnectorSocketConnectError: ConnectionRefusedError(10061, 'Unknown error'); first exception - AMQPConnectorSocketConnectError: ConnectionRefusedError(10061, 'Unknown error')
[12:27:56] ERROR [Billing] Error in _create_connection().
Traceback (most recent call last):
  File "C:\Users\Usuario iTC\OneDrive\Desktop\Proyecto-Distribuidos\Proyecto-Sistemas-Distribuidos-U1\.venv\Lib\site-packages\pika\adapters\blocking_connection.py", line 451, in _create_connection
    raise self._reap_last_connection_workflow_error(error)
pika.exceptions.AMQPConnectionError
[12:27:56] ERROR [Billing] RabbitMQ no disponible: . Reintentando en 5s...
[12:28:01] INFO [Billing] Conectando a RabbitMQ (localhost)...
[12:28:01] INFO [Billing] Pika version 1.3.2 connecting to ('::1', 5672, 0, 0)
[12:28:03] ERROR [Billing] Socket failed to connect: <socket.socket fd=996, family=23, type=1, proto=6, laddr=('::', 54416, 0, 0)>; error=10061 (Unknown error)
[12:28:03] ERROR [Billing] TCP Connection attempt failed: ConnectionRefusedError(10061, 'Unknown error'); dest=(<AddressFamily.AF_INET6: 23>, <SocketKind.SOCK_STREAM: 1>, 6, '', ('::1', 5672, 0, 0))
[12:28:03] ERROR [Billing] AMQPConnector - reporting failure: AMQPConnectorSocketConnectError: ConnectionRefusedError(10061, 'Unknown error')
[12:28:03] INFO [Billing] Pika version 1.3.2 connecting to ('127.0.0.1', 5672)
[12:28:05] ERROR [Billing] Socket failed to connect: <socket.socket fd=996, family=2, type=1, proto=6, laddr=('0.0.0.0', 54422)>; error=10061 (Unknown error)
[12:28:05] ERROR [Billing] TCP Connection attempt failed: ConnectionRefusedError(10061, 'Unknown error'); dest=(<AddressFamily.AF_INET: 2>, <SocketKind.SOCK_STREAM: 1>, 6, '', ('127.0.0.1', 5672))
[12:28:05] ERROR [Billing] AMQPConnector - reporting failure: AMQPConnectorSocketConnectError: ConnectionRefusedError(10061, 'Unknown error')
[12:28:05] ERROR [Billing] AMQP connection workflow failed: AMQPConnectionWorkflowFailed: 2 exceptions in all; last exception - AMQPConnectorSocketConnectError: ConnectionRefusedError(10061, 'Unknown error'); first exception - AMQPConnectorSocketConnectError: ConnectionRefusedError(10061, 'Unknown error').
[12:28:05] ERROR [Billing] AMQPConnectionWorkflow - reporting failure: AMQPConnectionWorkflowFailed: 2 exceptions in all; last exception - AMQPConnectorSocketConnectError: ConnectionRefusedError(10061, 'Unknown error'); first exception - AMQPConnectorSocketConnectError: ConnectionRefusedError(10061, 'Unknown error')
[12:28:05] ERROR [Billing] Connection workflow failed: AMQPConnectionWorkflowFailed: 2 exceptions in all; last exception - AMQPConnectorSocketConnectError: ConnectionRefusedError(10061, 'Unknown error'); first exception - AMQPConnectorSocketConnectError: ConnectionRefusedError(10061, 'Unknown error')
[12:28:05] ERROR [Billing] Error in _create_connection().
Traceback (most recent call last):
  File "C:\Users\Usuario iTC\OneDrive\Desktop\Proyecto-Distribuidos\Proyecto-Sistemas-Distribuidos-U1\.venv\Lib\site-packages\pika\adapters\blocking_connection.py", line 451, in _create_connection
    raise self._reap_last_connection_workflow_error(error)
pika.exceptions.AMQPConnectionError
[12:28:05] ERROR [Billing] RabbitMQ no disponible: . Reintentando en 5s...
[12:28:10] INFO [Billing] Conectando a RabbitMQ (localhost)...
[12:28:10] INFO [Billing] Pika version 1.3.2 connecting to ('::1', 5672, 0, 0)
[12:28:12] ERROR [Billing] Socket failed to connect: <socket.socket fd=844, family=23, type=1, proto=6, laddr=('::', 54439, 0, 0)>; error=10061 (Unknown error)
[12:28:12] ERROR [Billing] TCP Connection attempt failed: ConnectionRefusedError(10061, 'Unknown error'); dest=(<AddressFamily.AF_INET6: 23>, <SocketKind.SOCK_STREAM: 1>, 6, '', ('::1', 5672, 0, 0))
[12:28:12] ERROR [Billing] AMQPConnector - reporting failure: AMQPConnectorSocketConnectError: ConnectionRefusedError(10061, 'Unknown error')
[12:28:12] INFO [Billing] Pika version 1.3.2 connecting to ('127.0.0.1', 5672)
[12:28:14] ERROR [Billing] Socket failed to connect: <socket.socket fd=792, family=2, type=1, proto=6, laddr=('0.0.0.0', 54445)>; error=10061 (Unknown error)
[12:28:14] ERROR [Billing] TCP Connection attempt failed: ConnectionRefusedError(10061, 'Unknown error'); dest=(<AddressFamily.AF_INET: 2>, <SocketKind.SOCK_STREAM: 1>, 6, '', ('127.0.0.1', 5672))
[12:28:14] ERROR [Billing] AMQPConnector - reporting failure: AMQPConnectorSocketConnectError: ConnectionRefusedError(10061, 'Unknown error')
[12:28:14] ERROR [Billing] AMQP connection workflow failed: AMQPConnectionWorkflowFailed: 2 exceptions in all; last exception - AMQPConnectorSocketConnectError: ConnectionRefusedError(10061, 'Unknown error'); first exception - AMQPConnectorSocketConnectError: ConnectionRefusedError(10061, 'Unknown error').
[12:28:14] ERROR [Billing] AMQPConnectionWorkflow - reporting failure: AMQPConnectionWorkflowFailed: 2 exceptions in all; last exception - AMQPConnectorSocketConnectError: ConnectionRefusedError(10061, 'Unknown error'); first exception - AMQPConnectorSocketConnectError: ConnectionRefusedError(10061, 'Unknown error')
[12:28:14] ERROR [Billing] Connection workflow failed: AMQPConnectionWorkflowFailed: 2 exceptions in all; last exception - AMQPConnectorSocketConnectError: ConnectionRefusedError(10061, 'Unknown error'); first exception - AMQPConnectorSocketConnectError: ConnectionRefusedError(10061, 'Unknown error')
[12:28:14] ERROR [Billing] Error in _create_connection().
Traceback (most recent call last):
  File "C:\Users\Usuario iTC\OneDrive\Desktop\Proyecto-Distribuidos\Proyecto-Sistemas-Distribuidos-U1\.venv\Lib\site-packages\pika\adapters\blocking_connection.py", line 451, in _create_connection
    raise self._reap_last_connection_workflow_error(error)
pika.exceptions.AMQPConnectionError
[12:28:14] ERROR [Billing] RabbitMQ no disponible: . Reintentando en 5s...
[12:28:19] INFO [Billing] Conectando a RabbitMQ (localhost)...
[12:28:19] INFO [Billing] Pika version 1.3.2 connecting to ('::1', 5672, 0, 0)
[12:28:21] ERROR [Billing] Socket failed to connect: <socket.socket fd=900, family=23, type=1, proto=6, laddr=('::', 54462, 0, 0)>; error=10061 (Unknown error)
[12:28:21] ERROR [Billing] TCP Connection attempt failed: ConnectionRefusedError(10061, 'Unknown error'); dest=(<AddressFamily.AF_INET6: 23>, <SocketKind.SOCK_STREAM: 1>, 6, '', ('::1', 5672, 0, 0))
[12:28:21] ERROR [Billing] AMQPConnector - reporting failure: AMQPConnectorSocketConnectError: ConnectionRefusedError(10061, 'Unknown error')
[12:28:21] INFO [Billing] Pika version 1.3.2 connecting to ('127.0.0.1', 5672)
[12:28:23] ERROR [Billing] Socket failed to connect: <socket.socket fd=900, family=2, type=1, proto=6, laddr=('0.0.0.0', 54467)>; error=10061 (Unknown error)
[12:28:23] ERROR [Billing] TCP Connection attempt failed: ConnectionRefusedError(10061, 'Unknown error'); dest=(<AddressFamily.AF_INET: 2>, <SocketKind.SOCK_STREAM: 1>, 6, '', ('127.0.0.1', 5672))
[12:28:23] ERROR [Billing] AMQPConnector - reporting failure: AMQPConnectorSocketConnectError: ConnectionRefusedError(10061, 'Unknown error')
[12:28:23] ERROR [Billing] AMQP connection workflow failed: AMQPConnectionWorkflowFailed: 2 exceptions in all; last exception - AMQPConnectorSocketConnectError: ConnectionRefusedError(10061, 'Unknown error'); first exception - AMQPConnectorSocketConnectError: ConnectionRefusedError(10061, 'Unknown error').
[12:28:23] ERROR [Billing] AMQPConnectionWorkflow - reporting failure: AMQPConnectionWorkflowFailed: 2 exceptions in all; last exception - AMQPConnectorSocketConnectError: ConnectionRefusedError(10061, 'Unknown error'); first exception - AMQPConnectorSocketConnectError: ConnectionRefusedError(10061, 'Unknown error')
[12:28:23] ERROR [Billing] Connection workflow failed: AMQPConnectionWorkflowFailed: 2 exceptions in all; last exception - AMQPConnectorSocketConnectError: ConnectionRefusedError(10061, 'Unknown error'); first exception - AMQPConnectorSocketConnectError: ConnectionRefusedError(10061, 'Unknown error')
[12:28:23] ERROR [Billing] Error in _create_connection().
Traceback (most recent call last):
  File "C:\Users\Usuario iTC\OneDrive\Desktop\Proyecto-Distribuidos\Proyecto-Sistemas-Distribuidos-U1\.venv\Lib\site-packages\pika\adapters\blocking_connection.py", line 451, in _create_connection
    raise self._reap_last_connection_workflow_error(error)
pika.exceptions.AMQPConnectionError
[12:28:23] ERROR [Billing] RabbitMQ no disponible: . Reintentando en 5s...
[12:28:28] INFO [Billing] Conectando a RabbitMQ (localhost)...
[12:28:28] INFO [Billing] Pika version 1.3.2 connecting to ('::1', 5672, 0, 0)
[12:28:30] ERROR [Billing] Socket failed to connect: <socket.socket fd=924, family=23, type=1, proto=6, laddr=('::', 54492, 0, 0)>; error=10061 (Unknown error)
[12:28:30] ERROR [Billing] TCP Connection attempt failed: ConnectionRefusedError(10061, 'Unknown error'); dest=(<AddressFamily.AF_INET6: 23>, <SocketKind.SOCK_STREAM: 1>, 6, '', ('::1', 5672, 0, 0))
[12:28:30] ERROR [Billing] AMQPConnector - reporting failure: AMQPConnectorSocketConnectError: ConnectionRefusedError(10061, 'Unknown error')
[12:28:30] INFO [Billing] Pika version 1.3.2 connecting to ('127.0.0.1', 5672)
[12:28:32] ERROR [Billing] Socket failed to connect: <socket.socket fd=924, family=2, type=1, proto=6, laddr=('0.0.0.0', 54498)>; error=10061 (Unknown error)
[12:28:32] ERROR [Billing] TCP Connection attempt failed: ConnectionRefusedError(10061, 'Unknown error'); dest=(<AddressFamily.AF_INET: 2>, <SocketKind.SOCK_STREAM: 1>, 6, '', ('127.0.0.1', 5672))
[12:28:32] ERROR [Billing] AMQPConnector - reporting failure: AMQPConnectorSocketConnectError: ConnectionRefusedError(10061, 'Unknown error')
[12:28:32] ERROR [Billing] AMQP connection workflow failed: AMQPConnectionWorkflowFailed: 2 exceptions in all; last exception - AMQPConnectorSocketConnectError: ConnectionRefusedError(10061, 'Unknown error'); first exception - AMQPConnectorSocketConnectError: ConnectionRefusedError(10061, 'Unknown error').
[12:28:32] ERROR [Billing] AMQPConnectionWorkflow - reporting failure: AMQPConnectionWorkflowFailed: 2 exceptions in all; last exception - AMQPConnectorSocketConnectError: ConnectionRefusedError(10061, 'Unknown error'); first exception - AMQPConnectorSocketConnectError: ConnectionRefusedError(10061, 'Unknown error')
[12:28:32] ERROR [Billing] Connection workflow failed: AMQPConnectionWorkflowFailed: 2 exceptions in all; last exception - AMQPConnectorSocketConnectError: ConnectionRefusedError(10061, 'Unknown error'); first exception - AMQPConnectorSocketConnectError: ConnectionRefusedError(10061, 'Unknown error')
[12:28:32] ERROR [Billing] Error in _create_connection().
Traceback (most recent call last):
  File "C:\Users\Usuario iTC\OneDrive\Desktop\Proyecto-Distribuidos\Proyecto-Sistemas-Distribuidos-U1\.venv\Lib\site-packages\pika\adapters\blocking_connection.py", line 451, in _create_connection
    raise self._reap_last_connection_workflow_error(error)
pika.exceptions.AMQPConnectionError
[12:28:32] ERROR [Billing] RabbitMQ no disponible: . Reintentando en 5s...
[12:28:37] INFO [Billing] Conectando a RabbitMQ (localhost)...
[12:28:37] INFO [Billing] Pika version 1.3.2 connecting to ('::1', 5672, 0, 0)
[12:28:39] ERROR [Billing] Socket failed to connect: <socket.socket fd=928, family=23, type=1, proto=6, laddr=('::', 54516, 0, 0)>; error=10061 (Unknown error)
[12:28:39] ERROR [Billing] TCP Connection attempt failed: ConnectionRefusedError(10061, 'Unknown error'); dest=(<AddressFamily.AF_INET6: 23>, <SocketKind.SOCK_STREAM: 1>, 6, '', ('::1', 5672, 0, 0))
[12:28:39] ERROR [Billing] AMQPConnector - reporting failure: AMQPConnectorSocketConnectError: ConnectionRefusedError(10061, 'Unknown error')
[12:28:39] INFO [Billing] Pika version 1.3.2 connecting to ('127.0.0.1', 5672)
[12:28:41] ERROR [Billing] Socket failed to connect: <socket.socket fd=928, family=2, type=1, proto=6, laddr=('0.0.0.0', 54520)>; error=10061 (Unknown error)
[12:28:41] ERROR [Billing] TCP Connection attempt failed: ConnectionRefusedError(10061, 'Unknown error'); dest=(<AddressFamily.AF_INET: 2>, <SocketKind.SOCK_STREAM: 1>, 6, '', ('127.0.0.1', 5672))
[12:28:41] ERROR [Billing] AMQPConnector - reporting failure: AMQPConnectorSocketConnectError: ConnectionRefusedError(10061, 'Unknown error')
[12:28:41] ERROR [Billing] AMQP connection workflow failed: AMQPConnectionWorkflowFailed: 2 exceptions in all; last exception - AMQPConnectorSocketConnectError: ConnectionRefusedError(10061, 'Unknown error'); first exception - AMQPConnectorSocketConnectError: ConnectionRefusedError(10061, 'Unknown error').
[12:28:41] ERROR [Billing] AMQPConnectionWorkflow - reporting failure: AMQPConnectionWorkflowFailed: 2 exceptions in all; last exception - AMQPConnectorSocketConnectError: ConnectionRefusedError(10061, 'Unknown error'); first exception - AMQPConnectorSocketConnectError: ConnectionRefusedError(10061, 'Unknown error')
[12:28:41] ERROR [Billing] Connection workflow failed: AMQPConnectionWorkflowFailed: 2 exceptions in all; last exception - AMQPConnectorSocketConnectError: ConnectionRefusedError(10061, 'Unknown error'); first exception - AMQPConnectorSocketConnectError: ConnectionRefusedError(10061, 'Unknown error')
[12:28:41] ERROR [Billing] Error in _create_connection().
Traceback (most recent call last):
  File "C:\Users\Usuario iTC\OneDrive\Desktop\Proyecto-Distribuidos\Proyecto-Sistemas-Distribuidos-U1\.venv\Lib\site-packages\pika\adapters\blocking_connection.py", line 451, in _create_connection
    raise self._reap_last_connection_workflow_error(error)
pika.exceptions.AMQPConnectionError
[12:28:41] ERROR [Billing] RabbitMQ no disponible: . Reintentando en 5s...
[12:28:46] INFO [Billing] Conectando a RabbitMQ (localhost)...
[12:28:46] INFO [Billing] Pika version 1.3.2 connecting to ('::1', 5672, 0, 0)
[12:28:48] ERROR [Billing] Socket failed to connect: <socket.socket fd=596, family=23, type=1, proto=6, laddr=('::', 50464, 0, 0)>; error=10061 (Unknown error)
[12:28:48] ERROR [Billing] TCP Connection attempt failed: ConnectionRefusedError(10061, 'Unknown error'); dest=(<AddressFamily.AF_INET6: 23>, <SocketKind.SOCK_STREAM: 1>, 6, '', ('::1', 5672, 0, 0))
[12:28:48] ERROR [Billing] AMQPConnector - reporting failure: AMQPConnectorSocketConnectError: ConnectionRefusedError(10061, 'Unknown error')
[12:28:48] INFO [Billing] Pika version 1.3.2 connecting to ('127.0.0.1', 5672)
[12:28:50] ERROR [Billing] Socket failed to connect: <socket.socket fd=596, family=2, type=1, proto=6, laddr=('0.0.0.0', 50467)>; error=10061 (Unknown error)
[12:28:50] ERROR [Billing] TCP Connection attempt failed: ConnectionRefusedError(10061, 'Unknown error'); dest=(<AddressFamily.AF_INET: 2>, <SocketKind.SOCK_STREAM: 1>, 6, '', ('127.0.0.1', 5672))
[12:28:50] ERROR [Billing] AMQPConnector - reporting failure: AMQPConnectorSocketConnectError: ConnectionRefusedError(10061, 'Unknown error')
[12:28:50] ERROR [Billing] AMQP connection workflow failed: AMQPConnectionWorkflowFailed: 2 exceptions in all; last exception - AMQPConnectorSocketConnectError: ConnectionRefusedError(10061, 'Unknown error'); first exception - AMQPConnectorSocketConnectError: ConnectionRefusedError(10061, 'Unknown error').
[12:28:50] ERROR [Billing] AMQPConnectionWorkflow - reporting failure: AMQPConnectionWorkflowFailed: 2 exceptions in all; last exception - AMQPConnectorSocketConnectError: ConnectionRefusedError(10061, 'Unknown error'); first exception - AMQPConnectorSocketConnectError: ConnectionRefusedError(10061, 'Unknown error')
[12:28:50] ERROR [Billing] Connection workflow failed: AMQPConnectionWorkflowFailed: 2 exceptions in all; last exception - AMQPConnectorSocketConnectError: ConnectionRefusedError(10061, 'Unknown error'); first exception - AMQPConnectorSocketConnectError: ConnectionRefusedError(10061, 'Unknown error')
[12:28:50] ERROR [Billing] Error in _create_connection().
Traceback (most recent call last):
  File "C:\Users\Usuario iTC\OneDrive\Desktop\Proyecto-Distribuidos\Proyecto-Sistemas-Distribuidos-U1\.venv\Lib\site-packages\pika\adapters\blocking_connection.py", line 451, in _create_connection
    raise self._reap_last_connection_workflow_error(error)
pika.exceptions.AMQPConnectionError
[12:28:50] ERROR [Billing] RabbitMQ no disponible: . Reintentando en 5s...
[12:28:55] INFO [Billing] Conectando a RabbitMQ (localhost)...
[12:28:55] INFO [Billing] Pika version 1.3.2 connecting to ('::1', 5672, 0, 0)
[12:28:57] ERROR [Billing] Socket failed to connect: <socket.socket fd=644, family=23, type=1, proto=6, laddr=('::', 50480, 0, 0)>; error=10061 (Unknown error)
[12:28:57] ERROR [Billing] TCP Connection attempt failed: ConnectionRefusedError(10061, 'Unknown error'); dest=(<AddressFamily.AF_INET6: 23>, <SocketKind.SOCK_STREAM: 1>, 6, '', ('::1', 5672, 0, 0))
[12:28:57] ERROR [Billing] AMQPConnector - reporting failure: AMQPConnectorSocketConnectError: ConnectionRefusedError(10061, 'Unknown error')
[12:28:57] INFO [Billing] Pika version 1.3.2 connecting to ('127.0.0.1', 5672)
[12:28:59] ERROR [Billing] Socket failed to connect: <socket.socket fd=976, family=2, type=1, proto=6, laddr=('0.0.0.0', 50483)>; error=10061 (Unknown error)
[12:28:59] ERROR [Billing] TCP Connection attempt failed: ConnectionRefusedError(10061, 'Unknown error'); dest=(<AddressFamily.AF_INET: 2>, <SocketKind.SOCK_STREAM: 1>, 6, '', ('127.0.0.1', 5672))
[12:28:59] ERROR [Billing] AMQPConnector - reporting failure: AMQPConnectorSocketConnectError: ConnectionRefusedError(10061, 'Unknown error')
[12:28:59] ERROR [Billing] AMQP connection workflow failed: AMQPConnectionWorkflowFailed: 2 exceptions in all; last exception - AMQPConnectorSocketConnectError: ConnectionRefusedError(10061, 'Unknown error'); first exception - AMQPConnectorSocketConnectError: ConnectionRefusedError(10061, 'Unknown error').
[12:28:59] ERROR [Billing] AMQPConnectionWorkflow - reporting failure: AMQPConnectionWorkflowFailed: 2 exceptions in all; last exception - AMQPConnectorSocketConnectError: ConnectionRefusedError(10061, 'Unknown error'); first exception - AMQPConnectorSocketConnectError: ConnectionRefusedError(10061, 'Unknown error')
[12:28:59] ERROR [Billing] Connection workflow failed: AMQPConnectionWorkflowFailed: 2 exceptions in all; last exception - AMQPConnectorSocketConnectError: ConnectionRefusedError(10061, 'Unknown error'); first exception - AMQPConnectorSocketConnectError: ConnectionRefusedError(10061, 'Unknown error')
[12:28:59] ERROR [Billing] Error in _create_connection().
Traceback (most recent call last):
  File "C:\Users\Usuario iTC\OneDrive\Desktop\Proyecto-Distribuidos\Proyecto-Sistemas-Distribuidos-U1\.venv\Lib\site-packages\pika\adapters\blocking_connection.py", line 451, in _create_connection
    raise self._reap_last_connection_workflow_error(error)
pika.exceptions.AMQPConnectionError
[12:28:59] ERROR [Billing] RabbitMQ no disponible: . Reintentando en 5s...
[12:29:04] INFO [Billing] Conectando a RabbitMQ (localhost)...
[12:29:04] INFO [Billing] Pika version 1.3.2 connecting to ('::1', 5672, 0, 0)
[12:29:06] ERROR [Billing] Socket failed to connect: <socket.socket fd=736, family=23, type=1, proto=6, laddr=('::', 50495, 0, 0)>; error=10061 (Unknown error)
[12:29:06] ERROR [Billing] TCP Connection attempt failed: ConnectionRefusedError(10061, 'Unknown error'); dest=(<AddressFamily.AF_INET6: 23>, <SocketKind.SOCK_STREAM: 1>, 6, '', ('::1', 5672, 0, 0))
[12:29:06] ERROR [Billing] AMQPConnector - reporting failure: AMQPConnectorSocketConnectError: ConnectionRefusedError(10061, 'Unknown error')
[12:29:06] INFO [Billing] Pika version 1.3.2 connecting to ('127.0.0.1', 5672)
[12:29:08] ERROR [Billing] Socket failed to connect: <socket.socket fd=736, family=2, type=1, proto=6, laddr=('0.0.0.0', 50496)>; error=10061 (Unknown error)
[12:29:08] ERROR [Billing] TCP Connection attempt failed: ConnectionRefusedError(10061, 'Unknown error'); dest=(<AddressFamily.AF_INET: 2>, <SocketKind.SOCK_STREAM: 1>, 6, '', ('127.0.0.1', 5672))
[12:29:08] ERROR [Billing] AMQPConnector - reporting failure: AMQPConnectorSocketConnectError: ConnectionRefusedError(10061, 'Unknown error')
[12:29:08] ERROR [Billing] AMQP connection workflow failed: AMQPConnectionWorkflowFailed: 2 exceptions in all; last exception - AMQPConnectorSocketConnectError: ConnectionRefusedError(10061, 'Unknown error'); first exception - AMQPConnectorSocketConnectError: ConnectionRefusedError(10061, 'Unknown error').
[12:29:08] ERROR [Billing] AMQPConnectionWorkflow - reporting failure: AMQPConnectionWorkflowFailed: 2 exceptions in all; last exception - AMQPConnectorSocketConnectError: ConnectionRefusedError(10061, 'Unknown error'); first exception - AMQPConnectorSocketConnectError: ConnectionRefusedError(10061, 'Unknown error')
[12:29:08] ERROR [Billing] Connection workflow failed: AMQPConnectionWorkflowFailed: 2 exceptions in all; last exception - AMQPConnectorSocketConnectError: ConnectionRefusedError(10061, 'Unknown error'); first exception - AMQPConnectorSocketConnectError: ConnectionRefusedError(10061, 'Unknown error')
[12:29:08] ERROR [Billing] Error in _create_connection().
Traceback (most recent call last):
  File "C:\Users\Usuario iTC\OneDrive\Desktop\Proyecto-Distribuidos\Proyecto-Sistemas-Distribuidos-U1\.venv\Lib\site-packages\pika\adapters\blocking_connection.py", line 451, in _create_connection
pika.exceptions.AMQPConnectionError
[12:29:08] ERROR [Billing] RabbitMQ no disponible: . Reintentando en 5s...
[12:29:13] INFO [Billing] Conectando a RabbitMQ (localhost)...
[12:29:13] INFO [Billing] Pika version 1.3.2 connecting to ('::1', 5672, 0, 0)
[12:29:15] ERROR [Billing] Socket failed to connect: <socket.socket fd=976, family=23, type=1, proto=6, laddr=('::', 50519, 0, 0)>; error=10061 (Unknown error)
[12:29:15] ERROR [Billing] TCP Connection attempt failed: ConnectionRefusedError(10061, 'Unknown error'); dest=(<AddressFamily.AF_INET6: 23>, <SocketKind.SOCK_STREAM: 1>, 6, '', ('::1', 5672, 0, 0))
[12:29:15] ERROR [Billing] AMQPConnector - reporting failure: AMQPConnectorSocketConnectError: ConnectionRefusedError(10061, 'Unknown error')
[12:29:15] INFO [Billing] Pika version 1.3.2 connecting to ('127.0.0.1', 5672)
[12:29:17] ERROR [Billing] Socket failed to connect: <socket.socket fd=976, family=2, type=1, proto=6, laddr=('0.0.0.0', 50520)>; error=10061 (Unknown error)
[12:29:17] ERROR [Billing] TCP Connection attempt failed: ConnectionRefusedError(10061, 'Unknown error'); dest=(<AddressFamily.AF_INET: 2>, <SocketKind.SOCK_STREAM: 1>, 6, '', ('127.0.0.1', 5672))
[12:29:17] ERROR [Billing] AMQPConnector - reporting failure: AMQPConnectorSocketConnectError: ConnectionRefusedError(10061, 'Unknown error')
[12:29:17] ERROR [Billing] AMQP connection workflow failed: AMQPConnectionWorkflowFailed: 2 exceptions in all; last exception - AMQPConnectorSocketConnectError: ConnectionRefusedError(10061, 'Unknown error'); first exception - AMQPConnectorSocketConnectError: ConnectionRefusedError(10061, 'Unknown error').
[12:29:17] ERROR [Billing] AMQPConnectionWorkflow - reporting failure: AMQPConnectionWorkflowFailed: 2 exceptions in all; last exception - AMQPConnectorSocketConnectError: ConnectionRefusedError(10061, 'Unknown error'); first exception - AMQPConnectorSocketConnectError: ConnectionRefusedError(10061, 'Unknown error')
[12:29:17] ERROR [Billing] Connection workflow failed: AMQPConnectionWorkflowFailed: 2 exceptions in all; last exception - AMQPConnectorSocketConnectError: ConnectionRefusedError(10061, 'Unknown error'); first exception - AMQPConnectorSocketConnectError: ConnectionRefusedError(10061, 'Unknown error')
[12:29:17] ERROR [Billing] Error in _create_connection().
Traceback (most recent call last):
  File "C:\Users\Usuario iTC\OneDrive\Desktop\Proyecto-Distribuidos\Proyecto-Sistemas-Distribuidos-U1\.venv\Lib\site-packages\pika\adapters\blocking_connection.py", line 451, in _create_connection
pika.exceptions.AMQPConnectionError
[12:29:17] ERROR [Billing] RabbitMQ no disponible: . Reintentando en 5s...
[12:29:22] INFO [Billing] Conectando a RabbitMQ (localhost)...
[12:29:22] INFO [Billing] Pika version 1.3.2 connecting to ('::1', 5672, 0, 0)
[12:29:24] ERROR [Billing] Socket failed to connect: <socket.socket fd=884, family=23, type=1, proto=6, laddr=('::', 50534, 0, 0)>; error=10061 (Unknown error)
[12:29:24] ERROR [Billing] TCP Connection attempt failed: ConnectionRefusedError(10061, 'Unknown error'); dest=(<AddressFamily.AF_INET6: 23>, <SocketKind.SOCK_STREAM: 1>, 6, '', ('::1', 5672, 0, 0))
[12:29:24] ERROR [Billing] AMQPConnector - reporting failure: AMQPConnectorSocketConnectError: ConnectionRefusedError(10061, 'Unknown error')
[12:29:24] INFO [Billing] Pika version 1.3.2 connecting to ('127.0.0.1', 5672)
[12:29:26] ERROR [Billing] Socket failed to connect: <socket.socket fd=884, family=2, type=1, proto=6, laddr=('0.0.0.0', 50536)>; error=10061 (Unknown error)
[12:29:26] ERROR [Billing] TCP Connection attempt failed: ConnectionRefusedError(10061, 'Unknown error'); dest=(<AddressFamily.AF_INET: 2>, <SocketKind.SOCK_STREAM: 1>, 6, '', ('127.0.0.1', 5672))
[12:29:26] ERROR [Billing] AMQPConnector - reporting failure: AMQPConnectorSocketConnectError: ConnectionRefusedError(10061, 'Unknown error')
[12:29:26] ERROR [Billing] AMQP connection workflow failed: AMQPConnectionWorkflowFailed: 2 exceptions in all; last exception - AMQPConnectorSocketConnectError: ConnectionRefusedError(10061, 'Unknown error'); first exception - AMQPConnectorSocketConnectError: ConnectionRefusedError(10061, 'Unknown error').
[12:29:26] ERROR [Billing] AMQPConnectionWorkflow - reporting failure: AMQPConnectionWorkflowFailed: 2 exceptions in all; last exception - AMQPConnectorSocketConnectError: ConnectionRefusedError(10061, 'Unknown error'); first exception - AMQPConnectorSocketConnectError: ConnectionRefusedError(10061, 'Unknown error')
[12:29:26] ERROR [Billing] Connection workflow failed: AMQPConnectionWorkflowFailed: 2 exceptions in all; last exception - AMQPConnectorSocketConnectError: ConnectionRefusedError(10061, 'Unknown error'); first exception - AMQPConnectorSocketConnectError: ConnectionRefusedError(10061, 'Unknown error')
[12:29:26] ERROR [Billing] Error in _create_connection().
Traceback (most recent call last):
  File "C:\Users\Usuario iTC\OneDrive\Desktop\Proyecto-Distribuidos\Proyecto-Sistemas-Distribuidos-U1\.venv\Lib\site-packages\pika\adapters\blocking_connection.py", line 451, in _create_connection
pika.exceptions.AMQPConnectionError
[12:29:26] ERROR [Billing] RabbitMQ no disponible: . Reintentando en 5s...
[12:29:31] INFO [Billing] Conectando a RabbitMQ (localhost)...
[12:29:31] INFO [Billing] Pika version 1.3.2 connecting to ('::1', 5672, 0, 0)
[12:29:33] ERROR [Billing] Socket failed to connect: <socket.socket fd=740, family=23, type=1, proto=6, laddr=('::', 50548, 0, 0)>; error=10061 (Unknown error)
[12:29:33] ERROR [Billing] TCP Connection attempt failed: ConnectionRefusedError(10061, 'Unknown error'); dest=(<AddressFamily.AF_INET6: 23>, <SocketKind.SOCK_STREAM: 1>, 6, '', ('::1', 5672, 0, 0))
[12:29:33] ERROR [Billing] AMQPConnector - reporting failure: AMQPConnectorSocketConnectError: ConnectionRefusedError(10061, 'Unknown error')
[12:29:33] INFO [Billing] Pika version 1.3.2 connecting to ('127.0.0.1', 5672)
[12:29:35] ERROR [Billing] Socket failed to connect: <socket.socket fd=740, family=2, type=1, proto=6, laddr=('0.0.0.0', 50550)>; error=10061 (Unknown error)
[12:29:35] ERROR [Billing] TCP Connection attempt failed: ConnectionRefusedError(10061, 'Unknown error'); dest=(<AddressFamily.AF_INET: 2>, <SocketKind.SOCK_STREAM: 1>, 6, '', ('127.0.0.1', 5672))
[12:29:35] ERROR [Billing] AMQPConnector - reporting failure: AMQPConnectorSocketConnectError: ConnectionRefusedError(10061, 'Unknown error')
[12:29:35] ERROR [Billing] AMQP connection workflow failed: AMQPConnectionWorkflowFailed: 2 exceptions in all; last exception - AMQPConnectorSocketConnectError: ConnectionRefusedError(10061, 'Unknown error'); first exception - AMQPConnectorSocketConnectError: ConnectionRefusedError(10061, 'Unknown error').
[12:29:35] ERROR [Billing] AMQPConnectionWorkflow - reporting failure: AMQPConnectionWorkflowFailed: 2 exceptions in all; last exception - AMQPConnectorSocketConnectError: ConnectionRefusedError(10061, 'Unknown error'); first exception - AMQPConnectorSocketConnectError: ConnectionRefusedError(10061, 'Unknown error')
[12:29:35] ERROR [Billing] Connection workflow failed: AMQPConnectionWorkflowFailed: 2 exceptions in all; last exception - AMQPConnectorSocketConnectError: ConnectionRefusedError(10061, 'Unknown error'); first exception - AMQPConnectorSocketConnectError: ConnectionRefusedError(10061, 'Unknown error')
[12:29:35] ERROR [Billing] Error in _create_connection().
Traceback (most recent call last):
  File "C:\Users\Usuario iTC\OneDrive\Desktop\Proyecto-Distribuidos\Proyecto-Sistemas-Distribuidos-U1\.venv\Lib\site-packages\pika\adapters\blocking_connection.py", line 451, in _create_connection
pika.exceptions.AMQPConnectionError
[12:29:35] ERROR [Billing] RabbitMQ no disponible: . Reintentando en 5s...
[12:29:40] INFO [Billing] Conectando a RabbitMQ (localhost)...
[12:29:40] INFO [Billing] Pika version 1.3.2 connecting to ('::1', 5672, 0, 0)
[12:29:42] ERROR [Billing] Socket failed to connect: <socket.socket fd=884, family=23, type=1, proto=6, laddr=('::', 50562, 0, 0)>; error=10061 (Unknown error)
[12:29:42] ERROR [Billing] TCP Connection attempt failed: ConnectionRefusedError(10061, 'Unknown error'); dest=(<AddressFamily.AF_INET6: 23>, <SocketKind.SOCK_STREAM: 1>, 6, '', ('::1', 5672, 0, 0))
[12:29:42] ERROR [Billing] AMQPConnector - reporting failure: AMQPConnectorSocketConnectError: ConnectionRefusedError(10061, 'Unknown error')
[12:29:42] INFO [Billing] Pika version 1.3.2 connecting to ('127.0.0.1', 5672)
[12:29:44] ERROR [Billing] Socket failed to connect: <socket.socket fd=884, family=2, type=1, proto=6, laddr=('0.0.0.0', 50564)>; error=10061 (Unknown error)
[12:29:44] ERROR [Billing] TCP Connection attempt failed: ConnectionRefusedError(10061, 'Unknown error'); dest=(<AddressFamily.AF_INET: 2>, <SocketKind.SOCK_STREAM: 1>, 6, '', ('127.0.0.1', 5672))
[12:29:44] ERROR [Billing] AMQPConnector - reporting failure: AMQPConnectorSocketConnectError: ConnectionRefusedError(10061, 'Unknown error')
[12:29:44] ERROR [Billing] AMQP connection workflow failed: AMQPConnectionWorkflowFailed: 2 exceptions in all; last exception - AMQPConnectorSocketConnectError: ConnectionRefusedError(10061, 'Unknown error'); first exception - AMQPConnectorSocketConnectError: ConnectionRefusedError(10061, 'Unknown error').
[12:29:44] ERROR [Billing] AMQPConnectionWorkflow - reporting failure: AMQPConnectionWorkflowFailed: 2 exceptions in all; last exception - AMQPConnectorSocketConnectError: ConnectionRefusedError(10061, 'Unknown error'); first exception - AMQPConnectorSocketConnectError: ConnectionRefusedError(10061, 'Unknown error')
[12:29:44] ERROR [Billing] Connection workflow failed: AMQPConnectionWorkflowFailed: 2 exceptions in all; last exception - AMQPConnectorSocketConnectError: ConnectionRefusedError(10061, 'Unknown error'); first exception - AMQPConnectorSocketConnectError: ConnectionRefusedError(10061, 'Unknown error')
[12:29:44] ERROR [Billing] Error in _create_connection().
Traceback (most recent call last):
  File "C:\Users\Usuario iTC\OneDrive\Desktop\Proyecto-Distribuidos\Proyecto-Sistemas-Distribuidos-U1\.venv\Lib\site-packages\pika\adapters\blocking_connection.py", line 451, in _create_connection
pika.exceptions.AMQPConnectionError
[12:29:44] ERROR [Billing] RabbitMQ no disponible: . Reintentando en 5s...
[12:29:49] INFO [Billing] Conectando a RabbitMQ (localhost)...
[12:29:49] INFO [Billing] Pika version 1.3.2 connecting to ('::1', 5672, 0, 0)
[12:29:51] ERROR [Billing] Socket failed to connect: <socket.socket fd=976, family=23, type=1, proto=6, laddr=('::', 58730, 0, 0)>; error=10061 (Unknown error)
[12:29:51] ERROR [Billing] TCP Connection attempt failed: ConnectionRefusedError(10061, 'Unknown error'); dest=(<AddressFamily.AF_INET6: 23>, <SocketKind.SOCK_STREAM: 1>, 6, '', ('::1', 5672, 0, 0))
[12:29:51] ERROR [Billing] AMQPConnector - reporting failure: AMQPConnectorSocketConnectError: ConnectionRefusedError(10061, 'Unknown error')
[12:29:51] INFO [Billing] Pika version 1.3.2 connecting to ('127.0.0.1', 5672)
[12:29:53] ERROR [Billing] Socket failed to connect: <socket.socket fd=976, family=2, type=1, proto=6, laddr=('0.0.0.0', 58733)>; error=10061 (Unknown error)
[12:29:53] ERROR [Billing] TCP Connection attempt failed: ConnectionRefusedError(10061, 'Unknown error'); dest=(<AddressFamily.AF_INET: 2>, <SocketKind.SOCK_STREAM: 1>, 6, '', ('127.0.0.1', 5672))
[12:29:53] ERROR [Billing] AMQPConnector - reporting failure: AMQPConnectorSocketConnectError: ConnectionRefusedError(10061, 'Unknown error')
[12:29:53] ERROR [Billing] AMQP connection workflow failed: AMQPConnectionWorkflowFailed: 2 exceptions in all; last exception - AMQPConnectorSocketConnectError: ConnectionRefusedError(10061, 'Unknown error'); first exception - AMQPConnectorSocketConnectError: ConnectionRefusedError(10061, 'Unknown error').
[12:29:53] ERROR [Billing] AMQPConnectionWorkflow - reporting failure: AMQPConnectionWorkflowFailed: 2 exceptions in all; last exception - AMQPConnectorSocketConnectError: ConnectionRefusedError(10061, 'Unknown error'); first exception - AMQPConnectorSocketConnectError: ConnectionRefusedError(10061, 'Unknown error')
[12:29:53] ERROR [Billing] Connection workflow failed: AMQPConnectionWorkflowFailed: 2 exceptions in all; last exception - AMQPConnectorSocketConnectError: ConnectionRefusedError(10061, 'Unknown error'); first exception - AMQPConnectorSocketConnectError: ConnectionRefusedError(10061, 'Unknown error')
[12:29:53] ERROR [Billing] Error in _create_connection().
Traceback (most recent call last):
  File "C:\Users\Usuario iTC\OneDrive\Desktop\Proyecto-Distribuidos\Proyecto-Sistemas-Distribuidos-U1\.venv\Lib\site-packages\pika\adapters\blocking_connection.py", line 451, in _create_connection
pika.exceptions.AMQPConnectionError
[12:29:53] ERROR [Billing] RabbitMQ no disponible: . Reintentando en 5s...
[12:29:58] INFO [Billing] Conectando a RabbitMQ (localhost)...
[12:29:58] INFO [Billing] Pika version 1.3.2 connecting to ('::1', 5672, 0, 0)
[12:30:01] ERROR [Billing] Socket failed to connect: <socket.socket fd=856, family=23, type=1, proto=6, laddr=('::', 55337, 0, 0)>; error=10061 (Unknown error)
[12:30:01] ERROR [Billing] TCP Connection attempt failed: ConnectionRefusedError(10061, 'Unknown error'); dest=(<AddressFamily.AF_INET6: 23>, <SocketKind.SOCK_STREAM: 1>, 6, '', ('::1', 5672, 0, 0))
[12:30:01] ERROR [Billing] AMQPConnector - reporting failure: AMQPConnectorSocketConnectError: ConnectionRefusedError(10061, 'Unknown error')
[12:30:01] INFO [Billing] Pika version 1.3.2 connecting to ('127.0.0.1', 5672)
[12:30:03] ERROR [Billing] Socket failed to connect: <socket.socket fd=856, family=2, type=1, proto=6, laddr=('0.0.0.0', 55707)>; error=10061 (Unknown error)
[12:30:03] ERROR [Billing] TCP Connection attempt failed: ConnectionRefusedError(10061, 'Unknown error'); dest=(<AddressFamily.AF_INET: 2>, <SocketKind.SOCK_STREAM: 1>, 6, '', ('127.0.0.1', 5672))
[12:30:03] ERROR [Billing] AMQPConnector - reporting failure: AMQPConnectorSocketConnectError: ConnectionRefusedError(10061, 'Unknown error')
[12:30:03] ERROR [Billing] AMQP connection workflow failed: AMQPConnectionWorkflowFailed: 2 exceptions in all; last exception - AMQPConnectorSocketConnectError: ConnectionRefusedError(10061, 'Unknown error'); first exception - AMQPConnectorSocketConnectError: ConnectionRefusedError(10061, 'Unknown error').
[12:30:03] ERROR [Billing] AMQPConnectionWorkflow - reporting failure: AMQPConnectionWorkflowFailed: 2 exceptions in all; last exception - AMQPConnectorSocketConnectError: ConnectionRefusedError(10061, 'Unknown error'); first exception - AMQPConnectorSocketConnectError: ConnectionRefusedError(10061, 'Unknown error')
[12:30:03] ERROR [Billing] Connection workflow failed: AMQPConnectionWorkflowFailed: 2 exceptions in all; last exception - AMQPConnectorSocketConnectError: ConnectionRefusedError(10061, 'Unknown error'); first exception - AMQPConnectorSocketConnectError: ConnectionRefusedError(10061, 'Unknown error')
[12:30:03] ERROR [Billing] Error in _create_connection().
Traceback (most recent call last):
  File "C:\Users\Usuario iTC\OneDrive\Desktop\Proyecto-Distribuidos\Proyecto-Sistemas-Distribuidos-U1\.venv\Lib\site-packages\pika\adapters\blocking_connection.py", line 451, in _create_connection
pika.exceptions.AMQPConnectionError
[12:30:03] ERROR [Billing] RabbitMQ no disponible: . Reintentando en 5s...
[12:30:08] INFO [Billing] Conectando a RabbitMQ (localhost)...
[12:30:08] INFO [Billing] Pika version 1.3.2 connecting to ('::1', 5672, 0, 0)
[12:30:10] ERROR [Billing] Socket failed to connect: <socket.socket fd=912, family=23, type=1, proto=6, laddr=('::', 57910, 0, 0)>; error=10061 (Unknown error)
[12:30:10] ERROR [Billing] TCP Connection attempt failed: ConnectionRefusedError(10061, 'Unknown error'); dest=(<AddressFamily.AF_INET6: 23>, <SocketKind.SOCK_STREAM: 1>, 6, '', ('::1', 5672, 0, 0))
[12:30:10] ERROR [Billing] AMQPConnector - reporting failure: AMQPConnectorSocketConnectError: ConnectionRefusedError(10061, 'Unknown error')
[12:30:10] INFO [Billing] Pika version 1.3.2 connecting to ('127.0.0.1', 5672)
[12:30:12] ERROR [Billing] Socket failed to connect: <socket.socket fd=912, family=2, type=1, proto=6, laddr=('0.0.0.0', 57913)>; error=10061 (Unknown error)
[12:30:12] ERROR [Billing] TCP Connection attempt failed: ConnectionRefusedError(10061, 'Unknown error'); dest=(<AddressFamily.AF_INET: 2>, <SocketKind.SOCK_STREAM: 1>, 6, '', ('127.0.0.1', 5672))
[12:30:12] ERROR [Billing] AMQPConnector - reporting failure: AMQPConnectorSocketConnectError: ConnectionRefusedError(10061, 'Unknown error')
[12:30:12] ERROR [Billing] AMQP connection workflow failed: AMQPConnectionWorkflowFailed: 2 exceptions in all; last exception - AMQPConnectorSocketConnectError: ConnectionRefusedError(10061, 'Unknown error'); first exception - AMQPConnectorSocketConnectError: ConnectionRefusedError(10061, 'Unknown error').
[12:30:12] ERROR [Billing] AMQPConnectionWorkflow - reporting failure: AMQPConnectionWorkflowFailed: 2 exceptions in all; last exception - AMQPConnectorSocketConnectError: ConnectionRefusedError(10061, 'Unknown error'); first exception - AMQPConnectorSocketConnectError: ConnectionRefusedError(10061, 'Unknown error')
[12:30:12] ERROR [Billing] Connection workflow failed: AMQPConnectionWorkflowFailed: 2 exceptions in all; last exception - AMQPConnectorSocketConnectError: ConnectionRefusedError(10061, 'Unknown error'); first exception - AMQPConnectorSocketConnectError: ConnectionRefusedError(10061, 'Unknown error')
[12:30:12] ERROR [Billing] Error in _create_connection().
Traceback (most recent call last):
  File "C:\Users\Usuario iTC\OneDrive\Desktop\Proyecto-Distribuidos\Proyecto-Sistemas-Distribuidos-U1\.venv\Lib\site-packages\pika\adapters\blocking_connection.py", line 451, in _create_connection
pika.exceptions.AMQPConnectionError
[12:30:12] ERROR [Billing] RabbitMQ no disponible: . Reintentando en 5s...
[12:30:17] INFO [Billing] Conectando a RabbitMQ (localhost)...
[12:30:17] INFO [Billing] Pika version 1.3.2 connecting to ('::1', 5672, 0, 0)
[12:30:19] ERROR [Billing] Socket failed to connect: <socket.socket fd=992, family=23, type=1, proto=6, laddr=('::', 57929, 0, 0)>; error=10061 (Unknown error)
[12:30:19] ERROR [Billing] TCP Connection attempt failed: ConnectionRefusedError(10061, 'Unknown error'); dest=(<AddressFamily.AF_INET6: 23>, <SocketKind.SOCK_STREAM: 1>, 6, '', ('::1', 5672, 0, 0))
[12:30:19] ERROR [Billing] AMQPConnector - reporting failure: AMQPConnectorSocketConnectError: ConnectionRefusedError(10061, 'Unknown error')
[12:30:19] INFO [Billing] Pika version 1.3.2 connecting to ('127.0.0.1', 5672)
[12:30:21] ERROR [Billing] Socket failed to connect: <socket.socket fd=992, family=2, type=1, proto=6, laddr=('0.0.0.0', 57933)>; error=10061 (Unknown error)
[12:30:21] ERROR [Billing] TCP Connection attempt failed: ConnectionRefusedError(10061, 'Unknown error'); dest=(<AddressFamily.AF_INET: 2>, <SocketKind.SOCK_STREAM: 1>, 6, '', ('127.0.0.1', 5672))
[12:30:21] ERROR [Billing] AMQPConnector - reporting failure: AMQPConnectorSocketConnectError: ConnectionRefusedError(10061, 'Unknown error')
[12:30:21] ERROR [Billing] AMQP connection workflow failed: AMQPConnectionWorkflowFailed: 2 exceptions in all; last exception - AMQPConnectorSocketConnectError: ConnectionRefusedError(10061, 'Unknown error'); first exception - AMQPConnectorSocketConnectError: ConnectionRefusedError(10061, 'Unknown error').
[12:30:21] ERROR [Billing] AMQPConnectionWorkflow - reporting failure: AMQPConnectionWorkflowFailed: 2 exceptions in all; last exception - AMQPConnectorSocketConnectError: ConnectionRefusedError(10061, 'Unknown error'); first exception - AMQPConnectorSocketConnectError: ConnectionRefusedError(10061, 'Unknown error')
[12:30:21] ERROR [Billing] Connection workflow failed: AMQPConnectionWorkflowFailed: 2 exceptions in all; last exception - AMQPConnectorSocketConnectError: ConnectionRefusedError(10061, 'Unknown error'); first exception - AMQPConnectorSocketConnectError: ConnectionRefusedError(10061, 'Unknown error')
[12:30:21] ERROR [Billing] Error in _create_connection().
Traceback (most recent call last):
  File "C:\Users\Usuario iTC\OneDrive\Desktop\Proyecto-Distribuidos\Proyecto-Sistemas-Distribuidos-U1\.venv\Lib\site-packages\pika\adapters\blocking_connection.py", line 451, in _create_connection
pika.exceptions.AMQPConnectionError
[12:30:21] ERROR [Billing] RabbitMQ no disponible: . Reintentando en 5s...
[12:30:26] INFO [Billing] Conectando a RabbitMQ (localhost)...
[12:30:26] INFO [Billing] Pika version 1.3.2 connecting to ('::1', 5672, 0, 0)
[12:30:28] ERROR [Billing] Socket failed to connect: <socket.socket fd=912, family=23, type=1, proto=6, laddr=('::', 57943, 0, 0)>; error=10061 (Unknown error)
[12:30:28] ERROR [Billing] TCP Connection attempt failed: ConnectionRefusedError(10061, 'Unknown error'); dest=(<AddressFamily.AF_INET6: 23>, <SocketKind.SOCK_STREAM: 1>, 6, '', ('::1', 5672, 0, 0))
[12:30:28] ERROR [Billing] AMQPConnector - reporting failure: AMQPConnectorSocketConnectError: ConnectionRefusedError(10061, 'Unknown error')
[12:30:28] INFO [Billing] Pika version 1.3.2 connecting to ('127.0.0.1', 5672)
[12:30:30] ERROR [Billing] Socket failed to connect: <socket.socket fd=912, family=2, type=1, proto=6, laddr=('0.0.0.0', 57948)>; error=10061 (Unknown error)
[12:30:30] ERROR [Billing] TCP Connection attempt failed: ConnectionRefusedError(10061, 'Unknown error'); dest=(<AddressFamily.AF_INET: 2>, <SocketKind.SOCK_STREAM: 1>, 6, '', ('127.0.0.1', 5672))
[12:30:30] ERROR [Billing] AMQPConnector - reporting failure: AMQPConnectorSocketConnectError: ConnectionRefusedError(10061, 'Unknown error')
[12:30:30] ERROR [Billing] AMQP connection workflow failed: AMQPConnectionWorkflowFailed: 2 exceptions in all; last exception - AMQPConnectorSocketConnectError: ConnectionRefusedError(10061, 'Unknown error'); first exception - AMQPConnectorSocketConnectError: ConnectionRefusedError(10061, 'Unknown error').
[12:30:30] ERROR [Billing] AMQPConnectionWorkflow - reporting failure: AMQPConnectionWorkflowFailed: 2 exceptions in all; last exception - AMQPConnectorSocketConnectError: ConnectionRefusedError(10061, 'Unknown error'); first exception - AMQPConnectorSocketConnectError: ConnectionRefusedError(10061, 'Unknown error')
[12:30:30] ERROR [Billing] Connection workflow failed: AMQPConnectionWorkflowFailed: 2 exceptions in all; last exception - AMQPConnectorSocketConnectError: ConnectionRefusedError(10061, 'Unknown error'); first exception - AMQPConnectorSocketConnectError: ConnectionRefusedError(10061, 'Unknown error')
[12:30:30] ERROR [Billing] Error in _create_connection().
Traceback (most recent call last):
  File "C:\Users\Usuario iTC\OneDrive\Desktop\Proyecto-Distribuidos\Proyecto-Sistemas-Distribuidos-U1\.venv\Lib\site-packages\pika\adapters\blocking_connection.py", line 451, in _create_connection
pika.exceptions.AMQPConnectionError
[12:30:30] ERROR [Billing] RabbitMQ no disponible: . Reintentando en 5s...
[12:30:35] INFO [Billing] Conectando a RabbitMQ (localhost)...
[12:30:35] INFO [Billing] Pika version 1.3.2 connecting to ('::1', 5672, 0, 0)
[12:30:37] ERROR [Billing] Socket failed to connect: <socket.socket fd=856, family=23, type=1, proto=6, laddr=('::', 57960, 0, 0)>; error=10061 (Unknown error)
[12:30:37] ERROR [Billing] TCP Connection attempt failed: ConnectionRefusedError(10061, 'Unknown error'); dest=(<AddressFamily.AF_INET6: 23>, <SocketKind.SOCK_STREAM: 1>, 6, '', ('::1', 5672, 0, 0))
[12:30:37] ERROR [Billing] AMQPConnector - reporting failure: AMQPConnectorSocketConnectError: ConnectionRefusedError(10061, 'Unknown error')
[12:30:37] INFO [Billing] Pika version 1.3.2 connecting to ('127.0.0.1', 5672)
[12:30:39] ERROR [Billing] Socket failed to connect: <socket.socket fd=856, family=2, type=1, proto=6, laddr=('0.0.0.0', 57963)>; error=10061 (Unknown error)
[12:30:39] ERROR [Billing] TCP Connection attempt failed: ConnectionRefusedError(10061, 'Unknown error'); dest=(<AddressFamily.AF_INET: 2>, <SocketKind.SOCK_STREAM: 1>, 6, '', ('127.0.0.1', 5672))
[12:30:39] ERROR [Billing] AMQPConnector - reporting failure: AMQPConnectorSocketConnectError: ConnectionRefusedError(10061, 'Unknown error')
[12:30:39] ERROR [Billing] AMQP connection workflow failed: AMQPConnectionWorkflowFailed: 2 exceptions in all; last exception - AMQPConnectorSocketConnectError: ConnectionRefusedError(10061, 'Unknown error'); first exception - AMQPConnectorSocketConnectError: ConnectionRefusedError(10061, 'Unknown error').
[12:30:39] ERROR [Billing] AMQPConnectionWorkflow - reporting failure: AMQPConnectionWorkflowFailed: 2 exceptions in all; last exception - AMQPConnectorSocketConnectError: ConnectionRefusedError(10061, 'Unknown error'); first exception - AMQPConnectorSocketConnectError: ConnectionRefusedError(10061, 'Unknown error')
[12:30:39] ERROR [Billing] Connection workflow failed: AMQPConnectionWorkflowFailed: 2 exceptions in all; last exception - AMQPConnectorSocketConnectError: ConnectionRefusedError(10061, 'Unknown error'); first exception - AMQPConnectorSocketConnectError: ConnectionRefusedError(10061, 'Unknown error')
[12:30:39] ERROR [Billing] Error in _create_connection().
Traceback (most recent call last):
  File "C:\Users\Usuario iTC\OneDrive\Desktop\Proyecto-Distribuidos\Proyecto-Sistemas-Distribuidos-U1\.venv\Lib\site-packages\pika\adapters\blocking_connection.py", line 451, in _create_connection
pika.exceptions.AMQPConnectionError
[12:30:39] ERROR [Billing] RabbitMQ no disponible: . Reintentando en 5s...
[12:30:44] INFO [Billing] Conectando a RabbitMQ (localhost)...
[12:30:44] INFO [Billing] Pika version 1.3.2 connecting to ('::1', 5672, 0, 0)
[12:30:46] ERROR [Billing] Socket failed to connect: <socket.socket fd=1044, family=23, type=1, proto=6, laddr=('::', 63592, 0, 0)>; error=10061 (Unknown error)
[12:30:46] ERROR [Billing] TCP Connection attempt failed: ConnectionRefusedError(10061, 'Unknown error'); dest=(<AddressFamily.AF_INET6: 23>, <SocketKind.SOCK_STREAM: 1>, 6, '', ('::1', 5672, 0, 0))
[12:30:46] ERROR [Billing] AMQPConnector - reporting failure: AMQPConnectorSocketConnectError: ConnectionRefusedError(10061, 'Unknown error')
[12:30:46] INFO [Billing] Pika version 1.3.2 connecting to ('127.0.0.1', 5672)
[12:30:48] ERROR [Billing] Socket failed to connect: <socket.socket fd=1044, family=2, type=1, proto=6, laddr=('0.0.0.0', 63596)>; error=10061 (Unknown error)
[12:30:48] ERROR [Billing] TCP Connection attempt failed: ConnectionRefusedError(10061, 'Unknown error'); dest=(<AddressFamily.AF_INET: 2>, <SocketKind.SOCK_STREAM: 1>, 6, '', ('127.0.0.1', 5672))
[12:30:48] ERROR [Billing] AMQPConnector - reporting failure: AMQPConnectorSocketConnectError: ConnectionRefusedError(10061, 'Unknown error')
[12:30:48] ERROR [Billing] AMQP connection workflow failed: AMQPConnectionWorkflowFailed: 2 exceptions in all; last exception - AMQPConnectorSocketConnectError: ConnectionRefusedError(10061, 'Unknown error'); first exception - AMQPConnectorSocketConnectError: ConnectionRefusedError(10061, 'Unknown error').
[12:30:48] ERROR [Billing] AMQPConnectionWorkflow - reporting failure: AMQPConnectionWorkflowFailed: 2 exceptions in all; last exception - AMQPConnectorSocketConnectError: ConnectionRefusedError(10061, 'Unknown error'); first exception - AMQPConnectorSocketConnectError: ConnectionRefusedError(10061, 'Unknown error')
[12:30:48] ERROR [Billing] Connection workflow failed: AMQPConnectionWorkflowFailed: 2 exceptions in all; last exception - AMQPConnectorSocketConnectError: ConnectionRefusedError(10061, 'Unknown error'); first exception - AMQPConnectorSocketConnectError: ConnectionRefusedError(10061, 'Unknown error')
[12:30:48] ERROR [Billing] Error in _create_connection().
Traceback (most recent call last):
  File "C:\Users\Usuario iTC\OneDrive\Desktop\Proyecto-Distribuidos\Proyecto-Sistemas-Distribuidos-U1\.venv\Lib\site-packages\pika\adapters\blocking_connection.py", line 451, in _create_connection
pika.exceptions.AMQPConnectionError
[12:30:48] ERROR [Billing] RabbitMQ no disponible: . Reintentando en 5s...
[12:30:53] INFO [Billing] Conectando a RabbitMQ (localhost)...
[12:30:53] INFO [Billing] Pika version 1.3.2 connecting to ('::1', 5672, 0, 0)
[12:30:55] ERROR [Billing] Socket failed to connect: <socket.socket fd=1008, family=23, type=1, proto=6, laddr=('::', 63615, 0, 0)>; error=10061 (Unknown error)
[12:30:55] ERROR [Billing] TCP Connection attempt failed: ConnectionRefusedError(10061, 'Unknown error'); dest=(<AddressFamily.AF_INET6: 23>, <SocketKind.SOCK_STREAM: 1>, 6, '', ('::1', 5672, 0, 0))
[12:30:55] ERROR [Billing] AMQPConnector - reporting failure: AMQPConnectorSocketConnectError: ConnectionRefusedError(10061, 'Unknown error')
[12:30:55] INFO [Billing] Pika version 1.3.2 connecting to ('127.0.0.1', 5672)
[12:30:57] ERROR [Billing] Socket failed to connect: <socket.socket fd=1008, family=2, type=1, proto=6, laddr=('0.0.0.0', 63618)>; error=10061 (Unknown error)
[12:30:57] ERROR [Billing] TCP Connection attempt failed: ConnectionRefusedError(10061, 'Unknown error'); dest=(<AddressFamily.AF_INET: 2>, <SocketKind.SOCK_STREAM: 1>, 6, '', ('127.0.0.1', 5672))
[12:30:57] ERROR [Billing] AMQPConnector - reporting failure: AMQPConnectorSocketConnectError: ConnectionRefusedError(10061, 'Unknown error')
[12:30:57] ERROR [Billing] AMQP connection workflow failed: AMQPConnectionWorkflowFailed: 2 exceptions in all; last exception - AMQPConnectorSocketConnectError: ConnectionRefusedError(10061, 'Unknown error'); first exception - AMQPConnectorSocketConnectError: ConnectionRefusedError(10061, 'Unknown error').
[12:30:57] ERROR [Billing] AMQPConnectionWorkflow - reporting failure: AMQPConnectionWorkflowFailed: 2 exceptions in all; last exception - AMQPConnectorSocketConnectError: ConnectionRefusedError(10061, 'Unknown error'); first exception - AMQPConnectorSocketConnectError: ConnectionRefusedError(10061, 'Unknown error')
[12:30:57] ERROR [Billing] Connection workflow failed: AMQPConnectionWorkflowFailed: 2 exceptions in all; last exception - AMQPConnectorSocketConnectError: ConnectionRefusedError(10061, 'Unknown error'); first exception - AMQPConnectorSocketConnectError: ConnectionRefusedError(10061, 'Unknown error')
[12:30:57] ERROR [Billing] Error in _create_connection().
Traceback (most recent call last):
  File "C:\Users\Usuario iTC\OneDrive\Desktop\Proyecto-Distribuidos\Proyecto-Sistemas-Distribuidos-U1\.venv\Lib\site-packages\pika\adapters\blocking_connection.py", line 451, in _create_connection
pika.exceptions.AMQPConnectionError
[12:30:57] ERROR [Billing] RabbitMQ no disponible: . Reintentando en 5s...
[12:31:02] INFO [Billing] Conectando a RabbitMQ (localhost)...
[12:31:02] INFO [Billing] Pika version 1.3.2 connecting to ('::1', 5672, 0, 0)
[12:31:04] ERROR [Billing] Socket failed to connect: <socket.socket fd=988, family=23, type=1, proto=6, laddr=('::', 62992, 0, 0)>; error=10061 (Unknown error)
[12:31:04] ERROR [Billing] TCP Connection attempt failed: ConnectionRefusedError(10061, 'Unknown error'); dest=(<AddressFamily.AF_INET6: 23>, <SocketKind.SOCK_STREAM: 1>, 6, '', ('::1', 5672, 0, 0))
[12:31:04] ERROR [Billing] AMQPConnector - reporting failure: AMQPConnectorSocketConnectError: ConnectionRefusedError(10061, 'Unknown error')
[12:31:04] INFO [Billing] Pika version 1.3.2 connecting to ('127.0.0.1', 5672)
[12:31:06] ERROR [Billing] Socket failed to connect: <socket.socket fd=988, family=2, type=1, proto=6, laddr=('0.0.0.0', 63000)>; error=10061 (Unknown error)
[12:31:06] ERROR [Billing] TCP Connection attempt failed: ConnectionRefusedError(10061, 'Unknown error'); dest=(<AddressFamily.AF_INET: 2>, <SocketKind.SOCK_STREAM: 1>, 6, '', ('127.0.0.1', 5672))
[12:31:06] ERROR [Billing] AMQPConnector - reporting failure: AMQPConnectorSocketConnectError: ConnectionRefusedError(10061, 'Unknown error')
[12:31:06] ERROR [Billing] AMQP connection workflow failed: AMQPConnectionWorkflowFailed: 2 exceptions in all; last exception - AMQPConnectorSocketConnectError: ConnectionRefusedError(10061, 'Unknown error'); first exception - AMQPConnectorSocketConnectError: ConnectionRefusedError(10061, 'Unknown error').
[12:31:06] ERROR [Billing] AMQPConnectionWorkflow - reporting failure: AMQPConnectionWorkflowFailed: 2 exceptions in all; last exception - AMQPConnectorSocketConnectError: ConnectionRefusedError(10061, 'Unknown error'); first exception - AMQPConnectorSocketConnectError: ConnectionRefusedError(10061, 'Unknown error')
[12:31:06] ERROR [Billing] Connection workflow failed: AMQPConnectionWorkflowFailed: 2 exceptions in all; last exception - AMQPConnectorSocketConnectError: ConnectionRefusedError(10061, 'Unknown error'); first exception - AMQPConnectorSocketConnectError: ConnectionRefusedError(10061, 'Unknown error')
[12:31:06] ERROR [Billing] Error in _create_connection().
Traceback (most recent call last):
  File "C:\Users\Usuario iTC\OneDrive\Desktop\Proyecto-Distribuidos\Proyecto-Sistemas-Distribuidos-U1\.venv\Lib\site-packages\pika\adapters\blocking_connection.py", line 451, in _create_connection
pika.exceptions.AMQPConnectionError
[12:31:06] ERROR [Billing] RabbitMQ no disponible: . Reintentando en 5s...
[12:31:11] INFO [Billing] Conectando a RabbitMQ (localhost)...
[12:31:11] INFO [Billing] Pika version 1.3.2 connecting to ('::1', 5672, 0, 0)
[12:31:13] ERROR [Billing] Socket failed to connect: <socket.socket fd=984, family=23, type=1, proto=6, laddr=('::', 63016, 0, 0)>; error=10061 (Unknown error)
[12:31:13] ERROR [Billing] TCP Connection attempt failed: ConnectionRefusedError(10061, 'Unknown error'); dest=(<AddressFamily.AF_INET6: 23>, <SocketKind.SOCK_STREAM: 1>, 6, '', ('::1', 5672, 0, 0))
[12:31:13] ERROR [Billing] AMQPConnector - reporting failure: AMQPConnectorSocketConnectError: ConnectionRefusedError(10061, 'Unknown error')
[12:31:13] INFO [Billing] Pika version 1.3.2 connecting to ('127.0.0.1', 5672)
[12:31:15] ERROR [Billing] Socket failed to connect: <socket.socket fd=984, family=2, type=1, proto=6, laddr=('0.0.0.0', 63020)>; error=10061 (Unknown error)
[12:31:15] ERROR [Billing] TCP Connection attempt failed: ConnectionRefusedError(10061, 'Unknown error'); dest=(<AddressFamily.AF_INET: 2>, <SocketKind.SOCK_STREAM: 1>, 6, '', ('127.0.0.1', 5672))
[12:31:15] ERROR [Billing] AMQPConnector - reporting failure: AMQPConnectorSocketConnectError: ConnectionRefusedError(10061, 'Unknown error')
[12:31:15] ERROR [Billing] AMQP connection workflow failed: AMQPConnectionWorkflowFailed: 2 exceptions in all; last exception - AMQPConnectorSocketConnectError: ConnectionRefusedError(10061, 'Unknown error'); first exception - AMQPConnectorSocketConnectError: ConnectionRefusedError(10061, 'Unknown error').
[12:31:15] ERROR [Billing] AMQPConnectionWorkflow - reporting failure: AMQPConnectionWorkflowFailed: 2 exceptions in all; last exception - AMQPConnectorSocketConnectError: ConnectionRefusedError(10061, 'Unknown error'); first exception - AMQPConnectorSocketConnectError: ConnectionRefusedError(10061, 'Unknown error')
[12:31:15] ERROR [Billing] Connection workflow failed: AMQPConnectionWorkflowFailed: 2 exceptions in all; last exception - AMQPConnectorSocketConnectError: ConnectionRefusedError(10061, 'Unknown error'); first exception - AMQPConnectorSocketConnectError: ConnectionRefusedError(10061, 'Unknown error')
[12:31:15] ERROR [Billing] Error in _create_connection().
Traceback (most recent call last):
  File "C:\Users\Usuario iTC\OneDrive\Desktop\Proyecto-Distribuidos\Proyecto-Sistemas-Distribuidos-U1\.venv\Lib\site-packages\pika\adapters\blocking_connection.py", line 451, in _create_connection
pika.exceptions.AMQPConnectionError
[12:31:15] ERROR [Billing] RabbitMQ no disponible: . Reintentando en 5s...
[12:31:20] INFO [Billing] Conectando a RabbitMQ (localhost)...
[12:31:20] INFO [Billing] Pika version 1.3.2 connecting to ('::1', 5672, 0, 0)
[12:31:22] ERROR [Billing] Socket failed to connect: <socket.socket fd=1044, family=23, type=1, proto=6, laddr=('::', 63044, 0, 0)>; error=10061 (Unknown error)
[12:31:22] ERROR [Billing] TCP Connection attempt failed: ConnectionRefusedError(10061, 'Unknown error'); dest=(<AddressFamily.AF_INET6: 23>, <SocketKind.SOCK_STREAM: 1>, 6, '', ('::1', 5672, 0, 0))
[12:31:22] ERROR [Billing] AMQPConnector - reporting failure: AMQPConnectorSocketConnectError: ConnectionRefusedError(10061, 'Unknown error')
[12:31:22] INFO [Billing] Pika version 1.3.2 connecting to ('127.0.0.1', 5672)
[12:31:24] ERROR [Billing] Socket failed to connect: <socket.socket fd=1044, family=2, type=1, proto=6, laddr=('0.0.0.0', 63045)>; error=10061 (Unknown error)
[12:31:24] ERROR [Billing] TCP Connection attempt failed: ConnectionRefusedError(10061, 'Unknown error'); dest=(<AddressFamily.AF_INET: 2>, <SocketKind.SOCK_STREAM: 1>, 6, '', ('127.0.0.1', 5672))
[12:31:24] ERROR [Billing] AMQPConnector - reporting failure: AMQPConnectorSocketConnectError: ConnectionRefusedError(10061, 'Unknown error')
[12:31:24] ERROR [Billing] AMQP connection workflow failed: AMQPConnectionWorkflowFailed: 2 exceptions in all; last exception - AMQPConnectorSocketConnectError: ConnectionRefusedError(10061, 'Unknown error'); first exception - AMQPConnectorSocketConnectError: ConnectionRefusedError(10061, 'Unknown error').
[12:31:24] ERROR [Billing] AMQPConnectionWorkflow - reporting failure: AMQPConnectionWorkflowFailed: 2 exceptions in all; last exception - AMQPConnectorSocketConnectError: ConnectionRefusedError(10061, 'Unknown error'); first exception - AMQPConnectorSocketConnectError: ConnectionRefusedError(10061, 'Unknown error')
[12:31:24] ERROR [Billing] Connection workflow failed: AMQPConnectionWorkflowFailed: 2 exceptions in all; last exception - AMQPConnectorSocketConnectError: ConnectionRefusedError(10061, 'Unknown error'); first exception - AMQPConnectorSocketConnectError: ConnectionRefusedError(10061, 'Unknown error')
[12:31:24] ERROR [Billing] Error in _create_connection().
Traceback (most recent call last):
  File "C:\Users\Usuario iTC\OneDrive\Desktop\Proyecto-Distribuidos\Proyecto-Sistemas-Distribuidos-U1\.venv\Lib\site-packages\pika\adapters\blocking_connection.py", line 451, in _create_connection
pika.exceptions.AMQPConnectionError
[12:31:24] ERROR [Billing] RabbitMQ no disponible: . Reintentando en 5s...
[12:31:29] INFO [Billing] Conectando a RabbitMQ (localhost)...
[12:31:29] INFO [Billing] Pika version 1.3.2 connecting to ('::1', 5672, 0, 0)
[12:31:31] ERROR [Billing] Socket failed to connect: <socket.socket fd=644, family=23, type=1, proto=6, laddr=('::', 63053, 0, 0)>; error=10061 (Unknown error)
[12:31:31] ERROR [Billing] TCP Connection attempt failed: ConnectionRefusedError(10061, 'Unknown error'); dest=(<AddressFamily.AF_INET6: 23>, <SocketKind.SOCK_STREAM: 1>, 6, '', ('::1', 5672, 0, 0))
[12:31:31] ERROR [Billing] AMQPConnector - reporting failure: AMQPConnectorSocketConnectError: ConnectionRefusedError(10061, 'Unknown error')
[12:31:31] INFO [Billing] Pika version 1.3.2 connecting to ('127.0.0.1', 5672)
[12:31:33] ERROR [Billing] Socket failed to connect: <socket.socket fd=644, family=2, type=1, proto=6, laddr=('0.0.0.0', 63054)>; error=10061 (Unknown error)
[12:31:33] ERROR [Billing] TCP Connection attempt failed: ConnectionRefusedError(10061, 'Unknown error'); dest=(<AddressFamily.AF_INET: 2>, <SocketKind.SOCK_STREAM: 1>, 6, '', ('127.0.0.1', 5672))
[12:31:33] ERROR [Billing] AMQPConnector - reporting failure: AMQPConnectorSocketConnectError: ConnectionRefusedError(10061, 'Unknown error')
[12:31:33] ERROR [Billing] AMQP connection workflow failed: AMQPConnectionWorkflowFailed: 2 exceptions in all; last exception - AMQPConnectorSocketConnectError: ConnectionRefusedError(10061, 'Unknown error'); first exception - AMQPConnectorSocketConnectError: ConnectionRefusedError(10061, 'Unknown error').
[12:31:33] ERROR [Billing] AMQPConnectionWorkflow - reporting failure: AMQPConnectionWorkflowFailed: 2 exceptions in all; last exception - AMQPConnectorSocketConnectError: ConnectionRefusedError(10061, 'Unknown error'); first exception - AMQPConnectorSocketConnectError: ConnectionRefusedError(10061, 'Unknown error')
[12:31:33] ERROR [Billing] Connection workflow failed: AMQPConnectionWorkflowFailed: 2 exceptions in all; last exception - AMQPConnectorSocketConnectError: ConnectionRefusedError(10061, 'Unknown error'); first exception - AMQPConnectorSocketConnectError: ConnectionRefusedError(10061, 'Unknown error')
[12:31:33] ERROR [Billing] Error in _create_connection().
Traceback (most recent call last):
  File "C:\Users\Usuario iTC\OneDrive\Desktop\Proyecto-Distribuidos\Proyecto-Sistemas-Distribuidos-U1\.venv\Lib\site-packages\pika\adapters\blocking_connection.py", line 451, in _create_connection
pika.exceptions.AMQPConnectionError
[12:31:33] ERROR [Billing] RabbitMQ no disponible: . Reintentando en 5s...
[12:31:38] INFO [Billing] Conectando a RabbitMQ (localhost)...
[12:31:38] INFO [Billing] Pika version 1.3.2 connecting to ('::1', 5672, 0, 0)
[12:31:40] ERROR [Billing] Socket failed to connect: <socket.socket fd=964, family=23, type=1, proto=6, laddr=('::', 63065, 0, 0)>; error=10061 (Unknown error)
[12:31:40] ERROR [Billing] TCP Connection attempt failed: ConnectionRefusedError(10061, 'Unknown error'); dest=(<AddressFamily.AF_INET6: 23>, <SocketKind.SOCK_STREAM: 1>, 6, '', ('::1', 5672, 0, 0))
[12:31:40] ERROR [Billing] AMQPConnector - reporting failure: AMQPConnectorSocketConnectError: ConnectionRefusedError(10061, 'Unknown error')
[12:31:40] INFO [Billing] Pika version 1.3.2 connecting to ('127.0.0.1', 5672)
[12:31:42] ERROR [Billing] Socket failed to connect: <socket.socket fd=964, family=2, type=1, proto=6, laddr=('0.0.0.0', 63066)>; error=10061 (Unknown error)
[12:31:42] ERROR [Billing] TCP Connection attempt failed: ConnectionRefusedError(10061, 'Unknown error'); dest=(<AddressFamily.AF_INET: 2>, <SocketKind.SOCK_STREAM: 1>, 6, '', ('127.0.0.1', 5672))
[12:31:42] ERROR [Billing] AMQPConnector - reporting failure: AMQPConnectorSocketConnectError: ConnectionRefusedError(10061, 'Unknown error')
[12:31:42] ERROR [Billing] AMQP connection workflow failed: AMQPConnectionWorkflowFailed: 2 exceptions in all; last exception - AMQPConnectorSocketConnectError: ConnectionRefusedError(10061, 'Unknown error'); first exception - AMQPConnectorSocketConnectError: ConnectionRefusedError(10061, 'Unknown error').
[12:31:42] ERROR [Billing] AMQPConnectionWorkflow - reporting failure: AMQPConnectionWorkflowFailed: 2 exceptions in all; last exception - AMQPConnectorSocketConnectError: ConnectionRefusedError(10061, 'Unknown error'); first exception - AMQPConnectorSocketConnectError: ConnectionRefusedError(10061, 'Unknown error')
[12:31:42] ERROR [Billing] Connection workflow failed: AMQPConnectionWorkflowFailed: 2 exceptions in all; last exception - AMQPConnectorSocketConnectError: ConnectionRefusedError(10061, 'Unknown error'); first exception - AMQPConnectorSocketConnectError: ConnectionRefusedError(10061, 'Unknown error')
[12:31:42] ERROR [Billing] Error in _create_connection().
Traceback (most recent call last):
  File "C:\Users\Usuario iTC\OneDrive\Desktop\Proyecto-Distribuidos\Proyecto-Sistemas-Distribuidos-U1\.venv\Lib\site-packages\pika\adapters\blocking_connection.py", line 451, in _create_connection
pika.exceptions.AMQPConnectionError
[12:31:42] ERROR [Billing] RabbitMQ no disponible: . Reintentando en 5s...
[12:31:47] INFO [Billing] Conectando a RabbitMQ (localhost)...
[12:31:47] INFO [Billing] Pika version 1.3.2 connecting to ('::1', 5672, 0, 0)
[12:31:49] ERROR [Billing] Socket failed to connect: <socket.socket fd=748, family=23, type=1, proto=6, laddr=('::', 57450, 0, 0)>; error=10061 (Unknown error)
[12:31:49] ERROR [Billing] TCP Connection attempt failed: ConnectionRefusedError(10061, 'Unknown error'); dest=(<AddressFamily.AF_INET6: 23>, <SocketKind.SOCK_STREAM: 1>, 6, '', ('::1', 5672, 0, 0))
[12:31:49] ERROR [Billing] AMQPConnector - reporting failure: AMQPConnectorSocketConnectError: ConnectionRefusedError(10061, 'Unknown error')
[12:31:49] INFO [Billing] Pika version 1.3.2 connecting to ('127.0.0.1', 5672)
[12:31:52] ERROR [Billing] Socket failed to connect: <socket.socket fd=748, family=2, type=1, proto=6, laddr=('0.0.0.0', 57451)>; error=10061 (Unknown error)
[12:31:52] ERROR [Billing] TCP Connection attempt failed: ConnectionRefusedError(10061, 'Unknown error'); dest=(<AddressFamily.AF_INET: 2>, <SocketKind.SOCK_STREAM: 1>, 6, '', ('127.0.0.1', 5672))
[12:31:52] ERROR [Billing] AMQPConnector - reporting failure: AMQPConnectorSocketConnectError: ConnectionRefusedError(10061, 'Unknown error')
[12:31:52] ERROR [Billing] AMQP connection workflow failed: AMQPConnectionWorkflowFailed: 2 exceptions in all; last exception - AMQPConnectorSocketConnectError: ConnectionRefusedError(10061, 'Unknown error'); first exception - AMQPConnectorSocketConnectError: ConnectionRefusedError(10061, 'Unknown error').
[12:31:52] ERROR [Billing] AMQPConnectionWorkflow - reporting failure: AMQPConnectionWorkflowFailed: 2 exceptions in all; last exception - AMQPConnectorSocketConnectError: ConnectionRefusedError(10061, 'Unknown error'); first exception - AMQPConnectorSocketConnectError: ConnectionRefusedError(10061, 'Unknown error')
[12:31:52] ERROR [Billing] Connection workflow failed: AMQPConnectionWorkflowFailed: 2 exceptions in all; last exception - AMQPConnectorSocketConnectError: ConnectionRefusedError(10061, 'Unknown error'); first exception - AMQPConnectorSocketConnectError: ConnectionRefusedError(10061, 'Unknown error')
[12:31:52] ERROR [Billing] Error in _create_connection().
Traceback (most recent call last):
  File "C:\Users\Usuario iTC\OneDrive\Desktop\Proyecto-Distribuidos\Proyecto-Sistemas-Distribuidos-U1\.venv\Lib\site-packages\pika\adapters\blocking_connection.py", line 451, in _create_connection
pika.exceptions.AMQPConnectionError
[12:31:52] ERROR [Billing] RabbitMQ no disponible: . Reintentando en 5s...
[12:31:57] INFO [Billing] Conectando a RabbitMQ (localhost)...
[12:31:57] INFO [Billing] Pika version 1.3.2 connecting to ('::1', 5672, 0, 0)
[12:31:59] ERROR [Billing] Socket failed to connect: <socket.socket fd=872, family=23, type=1, proto=6, laddr=('::', 57458, 0, 0)>; error=10061 (Unknown error)
[12:31:59] ERROR [Billing] TCP Connection attempt failed: ConnectionRefusedError(10061, 'Unknown error'); dest=(<AddressFamily.AF_INET6: 23>, <SocketKind.SOCK_STREAM: 1>, 6, '', ('::1', 5672, 0, 0))
[12:31:59] ERROR [Billing] AMQPConnector - reporting failure: AMQPConnectorSocketConnectError: ConnectionRefusedError(10061, 'Unknown error')
[12:31:59] INFO [Billing] Pika version 1.3.2 connecting to ('127.0.0.1', 5672)
[12:32:01] ERROR [Billing] Socket failed to connect: <socket.socket fd=872, family=2, type=1, proto=6, laddr=('0.0.0.0', 57462)>; error=10061 (Unknown error)
[12:32:01] ERROR [Billing] TCP Connection attempt failed: ConnectionRefusedError(10061, 'Unknown error'); dest=(<AddressFamily.AF_INET: 2>, <SocketKind.SOCK_STREAM: 1>, 6, '', ('127.0.0.1', 5672))
[12:32:01] ERROR [Billing] AMQPConnector - reporting failure: AMQPConnectorSocketConnectError: ConnectionRefusedError(10061, 'Unknown error')
[12:32:01] ERROR [Billing] AMQP connection workflow failed: AMQPConnectionWorkflowFailed: 2 exceptions in all; last exception - AMQPConnectorSocketConnectError: ConnectionRefusedError(10061, 'Unknown error'); first exception - AMQPConnectorSocketConnectError: ConnectionRefusedError(10061, 'Unknown error').
[12:32:01] ERROR [Billing] AMQPConnectionWorkflow - reporting failure: AMQPConnectionWorkflowFailed: 2 exceptions in all; last exception - AMQPConnectorSocketConnectError: ConnectionRefusedError(10061, 'Unknown error'); first exception - AMQPConnectorSocketConnectError: ConnectionRefusedError(10061, 'Unknown error')
[12:32:01] ERROR [Billing] Connection workflow failed: AMQPConnectionWorkflowFailed: 2 exceptions in all; last exception - AMQPConnectorSocketConnectError: ConnectionRefusedError(10061, 'Unknown error'); first exception - AMQPConnectorSocketConnectError: ConnectionRefusedError(10061, 'Unknown error')
[12:32:01] ERROR [Billing] Error in _create_connection().
Traceback (most recent call last):
  File "C:\Users\Usuario iTC\OneDrive\Desktop\Proyecto-Distribuidos\Proyecto-Sistemas-Distribuidos-U1\.venv\Lib\site-packages\pika\adapters\blocking_connection.py", line 451, in _create_connection
pika.exceptions.AMQPConnectionError
[12:32:01] ERROR [Billing] RabbitMQ no disponible: . Reintentando en 5s...
[12:32:06] INFO [Billing] Conectando a RabbitMQ (localhost)...
[12:32:06] INFO [Billing] Pika version 1.3.2 connecting to ('::1', 5672, 0, 0)
[12:32:08] ERROR [Billing] Socket failed to connect: <socket.socket fd=1080, family=23, type=1, proto=6, laddr=('::', 57481, 0, 0)>; error=10061 (Unknown error)
[12:32:08] ERROR [Billing] TCP Connection attempt failed: ConnectionRefusedError(10061, 'Unknown error'); dest=(<AddressFamily.AF_INET6: 23>, <SocketKind.SOCK_STREAM: 1>, 6, '', ('::1', 5672, 0, 0))
[12:32:08] ERROR [Billing] AMQPConnector - reporting failure: AMQPConnectorSocketConnectError: ConnectionRefusedError(10061, 'Unknown error')
[12:32:08] INFO [Billing] Pika version 1.3.2 connecting to ('127.0.0.1', 5672)
[12:32:10] ERROR [Billing] Socket failed to connect: <socket.socket fd=1080, family=2, type=1, proto=6, laddr=('0.0.0.0', 57482)>; error=10061 (Unknown error)
[12:32:10] ERROR [Billing] TCP Connection attempt failed: ConnectionRefusedError(10061, 'Unknown error'); dest=(<AddressFamily.AF_INET: 2>, <SocketKind.SOCK_STREAM: 1>, 6, '', ('127.0.0.1', 5672))
[12:32:10] ERROR [Billing] AMQPConnector - reporting failure: AMQPConnectorSocketConnectError: ConnectionRefusedError(10061, 'Unknown error')
[12:32:10] ERROR [Billing] AMQP connection workflow failed: AMQPConnectionWorkflowFailed: 2 exceptions in all; last exception - AMQPConnectorSocketConnectError: ConnectionRefusedError(10061, 'Unknown error'); first exception - AMQPConnectorSocketConnectError: ConnectionRefusedError(10061, 'Unknown error').
[12:32:10] ERROR [Billing] AMQPConnectionWorkflow - reporting failure: AMQPConnectionWorkflowFailed: 2 exceptions in all; last exception - AMQPConnectorSocketConnectError: ConnectionRefusedError(10061, 'Unknown error'); first exception - AMQPConnectorSocketConnectError: ConnectionRefusedError(10061, 'Unknown error')
[12:32:10] ERROR [Billing] Connection workflow failed: AMQPConnectionWorkflowFailed: 2 exceptions in all; last exception - AMQPConnectorSocketConnectError: ConnectionRefusedError(10061, 'Unknown error'); first exception - AMQPConnectorSocketConnectError: ConnectionRefusedError(10061, 'Unknown error')
[12:32:10] ERROR [Billing] Error in _create_connection().
Traceback (most recent call last):
  File "C:\Users\Usuario iTC\OneDrive\Desktop\Proyecto-Distribuidos\Proyecto-Sistemas-Distribuidos-U1\.venv\Lib\site-packages\pika\adapters\blocking_connection.py", line 451, in _create_connection
pika.exceptions.AMQPConnectionError
[12:32:10] ERROR [Billing] RabbitMQ no disponible: . Reintentando en 5s...
[12:32:15] INFO [Billing] Conectando a RabbitMQ (localhost)...
[12:32:15] INFO [Billing] Pika version 1.3.2 connecting to ('::1', 5672, 0, 0)
[12:32:17] ERROR [Billing] Socket failed to connect: <socket.socket fd=872, family=23, type=1, proto=6, laddr=('::', 57489, 0, 0)>; error=10061 (Unknown error)
[12:32:17] ERROR [Billing] TCP Connection attempt failed: ConnectionRefusedError(10061, 'Unknown error'); dest=(<AddressFamily.AF_INET6: 23>, <SocketKind.SOCK_STREAM: 1>, 6, '', ('::1', 5672, 0, 0))
[12:32:17] ERROR [Billing] AMQPConnector - reporting failure: AMQPConnectorSocketConnectError: ConnectionRefusedError(10061, 'Unknown error')
[12:32:17] INFO [Billing] Pika version 1.3.2 connecting to ('127.0.0.1', 5672)
[12:32:19] ERROR [Billing] Socket failed to connect: <socket.socket fd=872, family=2, type=1, proto=6, laddr=('0.0.0.0', 57491)>; error=10061 (Unknown error)
[12:32:19] ERROR [Billing] TCP Connection attempt failed: ConnectionRefusedError(10061, 'Unknown error'); dest=(<AddressFamily.AF_INET: 2>, <SocketKind.SOCK_STREAM: 1>, 6, '', ('127.0.0.1', 5672))
[12:32:19] ERROR [Billing] AMQPConnector - reporting failure: AMQPConnectorSocketConnectError: ConnectionRefusedError(10061, 'Unknown error')
[12:32:19] ERROR [Billing] AMQP connection workflow failed: AMQPConnectionWorkflowFailed: 2 exceptions in all; last exception - AMQPConnectorSocketConnectError: ConnectionRefusedError(10061, 'Unknown error'); first exception - AMQPConnectorSocketConnectError: ConnectionRefusedError(10061, 'Unknown error').
[12:32:19] ERROR [Billing] AMQPConnectionWorkflow - reporting failure: AMQPConnectionWorkflowFailed: 2 exceptions in all; last exception - AMQPConnectorSocketConnectError: ConnectionRefusedError(10061, 'Unknown error'); first exception - AMQPConnectorSocketConnectError: ConnectionRefusedError(10061, 'Unknown error')
[12:32:19] ERROR [Billing] Connection workflow failed: AMQPConnectionWorkflowFailed: 2 exceptions in all; last exception - AMQPConnectorSocketConnectError: ConnectionRefusedError(10061, 'Unknown error'); first exception - AMQPConnectorSocketConnectError: ConnectionRefusedError(10061, 'Unknown error')
[12:32:19] ERROR [Billing] Error in _create_connection().
Traceback (most recent call last):
  File "C:\Users\Usuario iTC\OneDrive\Desktop\Proyecto-Distribuidos\Proyecto-Sistemas-Distribuidos-U1\.venv\Lib\site-packages\pika\adapters\blocking_connection.py", line 451, in _create_connection
pika.exceptions.AMQPConnectionError
[12:32:19] ERROR [Billing] RabbitMQ no disponible: . Reintentando en 5s...
[12:32:24] INFO [Billing] Conectando a RabbitMQ (localhost)...
[12:32:24] INFO [Billing] Pika version 1.3.2 connecting to ('::1', 5672, 0, 0)
[12:32:26] ERROR [Billing] Socket failed to connect: <socket.socket fd=856, family=23, type=1, proto=6, laddr=('::', 57498, 0, 0)>; error=10061 (Unknown error)
[12:32:26] ERROR [Billing] TCP Connection attempt failed: ConnectionRefusedError(10061, 'Unknown error'); dest=(<AddressFamily.AF_INET6: 23>, <SocketKind.SOCK_STREAM: 1>, 6, '', ('::1', 5672, 0, 0))
[12:32:26] ERROR [Billing] AMQPConnector - reporting failure: AMQPConnectorSocketConnectError: ConnectionRefusedError(10061, 'Unknown error')
[12:32:26] INFO [Billing] Pika version 1.3.2 connecting to ('127.0.0.1', 5672)
[12:32:28] ERROR [Billing] Socket failed to connect: <socket.socket fd=856, family=2, type=1, proto=6, laddr=('0.0.0.0', 57499)>; error=10061 (Unknown error)
[12:32:28] ERROR [Billing] TCP Connection attempt failed: ConnectionRefusedError(10061, 'Unknown error'); dest=(<AddressFamily.AF_INET: 2>, <SocketKind.SOCK_STREAM: 1>, 6, '', ('127.0.0.1', 5672))
[12:32:28] ERROR [Billing] AMQPConnector - reporting failure: AMQPConnectorSocketConnectError: ConnectionRefusedError(10061, 'Unknown error')
[12:32:28] ERROR [Billing] AMQP connection workflow failed: AMQPConnectionWorkflowFailed: 2 exceptions in all; last exception - AMQPConnectorSocketConnectError: ConnectionRefusedError(10061, 'Unknown error'); first exception - AMQPConnectorSocketConnectError: ConnectionRefusedError(10061, 'Unknown error').
[12:32:28] ERROR [Billing] AMQPConnectionWorkflow - reporting failure: AMQPConnectionWorkflowFailed: 2 exceptions in all; last exception - AMQPConnectorSocketConnectError: ConnectionRefusedError(10061, 'Unknown error'); first exception - AMQPConnectorSocketConnectError: ConnectionRefusedError(10061, 'Unknown error')
[12:32:28] ERROR [Billing] Connection workflow failed: AMQPConnectionWorkflowFailed: 2 exceptions in all; last exception - AMQPConnectorSocketConnectError: ConnectionRefusedError(10061, 'Unknown error'); first exception - AMQPConnectorSocketConnectError: ConnectionRefusedError(10061, 'Unknown error')
[12:32:28] ERROR [Billing] Error in _create_connection().
Traceback (most recent call last):
  File "C:\Users\Usuario iTC\OneDrive\Desktop\Proyecto-Distribuidos\Proyecto-Sistemas-Distribuidos-U1\.venv\Lib\site-packages\pika\adapters\blocking_connection.py", line 451, in _create_connection
pika.exceptions.AMQPConnectionError
[12:32:28] ERROR [Billing] RabbitMQ no disponible: . Reintentando en 5s...
[12:32:33] INFO [Billing] Conectando a RabbitMQ (localhost)...
[12:32:33] INFO [Billing] Pika version 1.3.2 connecting to ('::1', 5672, 0, 0)
[12:32:35] ERROR [Billing] Socket failed to connect: <socket.socket fd=1028, family=23, type=1, proto=6, laddr=('::', 61726, 0, 0)>; error=10061 (Unknown error)
[12:32:35] ERROR [Billing] TCP Connection attempt failed: ConnectionRefusedError(10061, 'Unknown error'); dest=(<AddressFamily.AF_INET6: 23>, <SocketKind.SOCK_STREAM: 1>, 6, '', ('::1', 5672, 0, 0))
[12:32:35] ERROR [Billing] AMQPConnector - reporting failure: AMQPConnectorSocketConnectError: ConnectionRefusedError(10061, 'Unknown error')
[12:32:35] INFO [Billing] Pika version 1.3.2 connecting to ('127.0.0.1', 5672)
[12:32:37] ERROR [Billing] Socket failed to connect: <socket.socket fd=1028, family=2, type=1, proto=6, laddr=('0.0.0.0', 61727)>; error=10061 (Unknown error)
[12:32:37] ERROR [Billing] TCP Connection attempt failed: ConnectionRefusedError(10061, 'Unknown error'); dest=(<AddressFamily.AF_INET: 2>, <SocketKind.SOCK_STREAM: 1>, 6, '', ('127.0.0.1', 5672))
[12:32:37] ERROR [Billing] AMQPConnector - reporting failure: AMQPConnectorSocketConnectError: ConnectionRefusedError(10061, 'Unknown error')
[12:32:37] ERROR [Billing] AMQP connection workflow failed: AMQPConnectionWorkflowFailed: 2 exceptions in all; last exception - AMQPConnectorSocketConnectError: ConnectionRefusedError(10061, 'Unknown error'); first exception - AMQPConnectorSocketConnectError: ConnectionRefusedError(10061, 'Unknown error').
[12:32:37] ERROR [Billing] AMQPConnectionWorkflow - reporting failure: AMQPConnectionWorkflowFailed: 2 exceptions in all; last exception - AMQPConnectorSocketConnectError: ConnectionRefusedError(10061, 'Unknown error'); first exception - AMQPConnectorSocketConnectError: ConnectionRefusedError(10061, 'Unknown error')
[12:32:37] ERROR [Billing] Connection workflow failed: AMQPConnectionWorkflowFailed: 2 exceptions in all; last exception - AMQPConnectorSocketConnectError: ConnectionRefusedError(10061, 'Unknown error'); first exception - AMQPConnectorSocketConnectError: ConnectionRefusedError(10061, 'Unknown error')
[12:32:37] ERROR [Billing] Error in _create_connection().
Traceback (most recent call last):
  File "C:\Users\Usuario iTC\OneDrive\Desktop\Proyecto-Distribuidos\Proyecto-Sistemas-Distribuidos-U1\.venv\Lib\site-packages\pika\adapters\blocking_connection.py", line 451, in _create_connection
pika.exceptions.AMQPConnectionError
[12:32:37] ERROR [Billing] RabbitMQ no disponible: . Reintentando en 5s...
[12:32:42] INFO [Billing] Conectando a RabbitMQ (localhost)...
[12:32:42] INFO [Billing] Pika version 1.3.2 connecting to ('::1', 5672, 0, 0)
[12:32:44] ERROR [Billing] Socket failed to connect: <socket.socket fd=964, family=23, type=1, proto=6, laddr=('::', 61035, 0, 0)>; error=10061 (Unknown error)
[12:32:44] ERROR [Billing] TCP Connection attempt failed: ConnectionRefusedError(10061, 'Unknown error'); dest=(<AddressFamily.AF_INET6: 23>, <SocketKind.SOCK_STREAM: 1>, 6, '', ('::1', 5672, 0, 0))
[12:32:44] ERROR [Billing] AMQPConnector - reporting failure: AMQPConnectorSocketConnectError: ConnectionRefusedError(10061, 'Unknown error')
[12:32:44] INFO [Billing] Pika version 1.3.2 connecting to ('127.0.0.1', 5672)
[12:32:46] ERROR [Billing] Socket failed to connect: <socket.socket fd=964, family=2, type=1, proto=6, laddr=('0.0.0.0', 58870)>; error=10061 (Unknown error)
[12:32:46] ERROR [Billing] TCP Connection attempt failed: ConnectionRefusedError(10061, 'Unknown error'); dest=(<AddressFamily.AF_INET: 2>, <SocketKind.SOCK_STREAM: 1>, 6, '', ('127.0.0.1', 5672))
[12:32:46] ERROR [Billing] AMQPConnector - reporting failure: AMQPConnectorSocketConnectError: ConnectionRefusedError(10061, 'Unknown error')
[12:32:46] ERROR [Billing] AMQP connection workflow failed: AMQPConnectionWorkflowFailed: 2 exceptions in all; last exception - AMQPConnectorSocketConnectError: ConnectionRefusedError(10061, 'Unknown error'); first exception - AMQPConnectorSocketConnectError: ConnectionRefusedError(10061, 'Unknown error').
[12:32:46] ERROR [Billing] AMQPConnectionWorkflow - reporting failure: AMQPConnectionWorkflowFailed: 2 exceptions in all; last exception - AMQPConnectorSocketConnectError: ConnectionRefusedError(10061, 'Unknown error'); first exception - AMQPConnectorSocketConnectError: ConnectionRefusedError(10061, 'Unknown error')
[12:32:46] ERROR [Billing] Connection workflow failed: AMQPConnectionWorkflowFailed: 2 exceptions in all; last exception - AMQPConnectorSocketConnectError: ConnectionRefusedError(10061, 'Unknown error'); first exception - AMQPConnectorSocketConnectError: ConnectionRefusedError(10061, 'Unknown error')
[12:32:46] ERROR [Billing] Error in _create_connection().
Traceback (most recent call last):
  File "C:\Users\Usuario iTC\OneDrive\Desktop\Proyecto-Distribuidos\Proyecto-Sistemas-Distribuidos-U1\.venv\Lib\site-packages\pika\adapters\blocking_connection.py", line 451, in _create_connection
pika.exceptions.AMQPConnectionError
[12:32:46] ERROR [Billing] RabbitMQ no disponible: . Reintentando en 5s...
[12:32:51] INFO [Billing] Conectando a RabbitMQ (localhost)...
[12:32:51] INFO [Billing] Pika version 1.3.2 connecting to ('::1', 5672, 0, 0)
[12:32:53] ERROR [Billing] Socket failed to connect: <socket.socket fd=964, family=23, type=1, proto=6, laddr=('::', 58885, 0, 0)>; error=10061 (Unknown error)
[12:32:53] ERROR [Billing] TCP Connection attempt failed: ConnectionRefusedError(10061, 'Unknown error'); dest=(<AddressFamily.AF_INET6: 23>, <SocketKind.SOCK_STREAM: 1>, 6, '', ('::1', 5672, 0, 0))
[12:32:53] ERROR [Billing] AMQPConnector - reporting failure: AMQPConnectorSocketConnectError: ConnectionRefusedError(10061, 'Unknown error')
[12:32:53] INFO [Billing] Pika version 1.3.2 connecting to ('127.0.0.1', 5672)
[12:32:55] ERROR [Billing] Socket failed to connect: <socket.socket fd=964, family=2, type=1, proto=6, laddr=('0.0.0.0', 58886)>; error=10061 (Unknown error)
[12:32:55] ERROR [Billing] TCP Connection attempt failed: ConnectionRefusedError(10061, 'Unknown error'); dest=(<AddressFamily.AF_INET: 2>, <SocketKind.SOCK_STREAM: 1>, 6, '', ('127.0.0.1', 5672))
[12:32:55] ERROR [Billing] AMQPConnector - reporting failure: AMQPConnectorSocketConnectError: ConnectionRefusedError(10061, 'Unknown error')
[12:32:55] ERROR [Billing] AMQP connection workflow failed: AMQPConnectionWorkflowFailed: 2 exceptions in all; last exception - AMQPConnectorSocketConnectError: ConnectionRefusedError(10061, 'Unknown error'); first exception - AMQPConnectorSocketConnectError: ConnectionRefusedError(10061, 'Unknown error').
[12:32:55] ERROR [Billing] AMQPConnectionWorkflow - reporting failure: AMQPConnectionWorkflowFailed: 2 exceptions in all; last exception - AMQPConnectorSocketConnectError: ConnectionRefusedError(10061, 'Unknown error'); first exception - AMQPConnectorSocketConnectError: ConnectionRefusedError(10061, 'Unknown error')
[12:32:55] ERROR [Billing] Connection workflow failed: AMQPConnectionWorkflowFailed: 2 exceptions in all; last exception - AMQPConnectorSocketConnectError: ConnectionRefusedError(10061, 'Unknown error'); first exception - AMQPConnectorSocketConnectError: ConnectionRefusedError(10061, 'Unknown error')
[12:32:55] ERROR [Billing] Error in _create_connection().
Traceback (most recent call last):
  File "C:\Users\Usuario iTC\OneDrive\Desktop\Proyecto-Distribuidos\Proyecto-Sistemas-Distribuidos-U1\.venv\Lib\site-packages\pika\adapters\blocking_connection.py", line 451, in _create_connection
pika.exceptions.AMQPConnectionError
[12:32:55] ERROR [Billing] RabbitMQ no disponible: . Reintentando en 5s...
[12:33:00] INFO [Billing] Conectando a RabbitMQ (localhost)...
[12:33:00] INFO [Billing] Pika version 1.3.2 connecting to ('::1', 5672, 0, 0)
[12:33:02] ERROR [Billing] Socket failed to connect: <socket.socket fd=1076, family=23, type=1, proto=6, laddr=('::', 58893, 0, 0)>; error=10061 (Unknown error)
[12:33:02] ERROR [Billing] TCP Connection attempt failed: ConnectionRefusedError(10061, 'Unknown error'); dest=(<AddressFamily.AF_INET6: 23>, <SocketKind.SOCK_STREAM: 1>, 6, '', ('::1', 5672, 0, 0))
[12:33:02] ERROR [Billing] AMQPConnector - reporting failure: AMQPConnectorSocketConnectError: ConnectionRefusedError(10061, 'Unknown error')
[12:33:02] INFO [Billing] Pika version 1.3.2 connecting to ('127.0.0.1', 5672)
[12:33:04] ERROR [Billing] Socket failed to connect: <socket.socket fd=1076, family=2, type=1, proto=6, laddr=('0.0.0.0', 58894)>; error=10061 (Unknown error)
[12:33:04] ERROR [Billing] TCP Connection attempt failed: ConnectionRefusedError(10061, 'Unknown error'); dest=(<AddressFamily.AF_INET: 2>, <SocketKind.SOCK_STREAM: 1>, 6, '', ('127.0.0.1', 5672))
[12:33:04] ERROR [Billing] AMQPConnector - reporting failure: AMQPConnectorSocketConnectError: ConnectionRefusedError(10061, 'Unknown error')
[12:33:04] ERROR [Billing] AMQP connection workflow failed: AMQPConnectionWorkflowFailed: 2 exceptions in all; last exception - AMQPConnectorSocketConnectError: ConnectionRefusedError(10061, 'Unknown error'); first exception - AMQPConnectorSocketConnectError: ConnectionRefusedError(10061, 'Unknown error').
[12:33:04] ERROR [Billing] AMQPConnectionWorkflow - reporting failure: AMQPConnectionWorkflowFailed: 2 exceptions in all; last exception - AMQPConnectorSocketConnectError: ConnectionRefusedError(10061, 'Unknown error'); first exception - AMQPConnectorSocketConnectError: ConnectionRefusedError(10061, 'Unknown error')
[12:33:04] ERROR [Billing] Connection workflow failed: AMQPConnectionWorkflowFailed: 2 exceptions in all; last exception - AMQPConnectorSocketConnectError: ConnectionRefusedError(10061, 'Unknown error'); first exception - AMQPConnectorSocketConnectError: ConnectionRefusedError(10061, 'Unknown error')
[12:33:04] ERROR [Billing] Error in _create_connection().
Traceback (most recent call last):
  File "C:\Users\Usuario iTC\OneDrive\Desktop\Proyecto-Distribuidos\Proyecto-Sistemas-Distribuidos-U1\.venv\Lib\site-packages\pika\adapters\blocking_connection.py", line 451, in _create_connection
pika.exceptions.AMQPConnectionError
[12:33:04] ERROR [Billing] RabbitMQ no disponible: . Reintentando en 5s...
[12:33:09] INFO [Billing] Conectando a RabbitMQ (localhost)...
[12:33:09] INFO [Billing] Pika version 1.3.2 connecting to ('::1', 5672, 0, 0)
[12:33:11] ERROR [Billing] Socket failed to connect: <socket.socket fd=1112, family=23, type=1, proto=6, laddr=('::', 58901, 0, 0)>; error=10061 (Unknown error)
[12:33:11] ERROR [Billing] TCP Connection attempt failed: ConnectionRefusedError(10061, 'Unknown error'); dest=(<AddressFamily.AF_INET6: 23>, <SocketKind.SOCK_STREAM: 1>, 6, '', ('::1', 5672, 0, 0))
[12:33:11] ERROR [Billing] AMQPConnector - reporting failure: AMQPConnectorSocketConnectError: ConnectionRefusedError(10061, 'Unknown error')
[12:33:11] INFO [Billing] Pika version 1.3.2 connecting to ('127.0.0.1', 5672)
[12:33:13] ERROR [Billing] Socket failed to connect: <socket.socket fd=1112, family=2, type=1, proto=6, laddr=('0.0.0.0', 58902)>; error=10061 (Unknown error)
[12:33:13] ERROR [Billing] TCP Connection attempt failed: ConnectionRefusedError(10061, 'Unknown error'); dest=(<AddressFamily.AF_INET: 2>, <SocketKind.SOCK_STREAM: 1>, 6, '', ('127.0.0.1', 5672))
[12:33:13] ERROR [Billing] AMQPConnector - reporting failure: AMQPConnectorSocketConnectError: ConnectionRefusedError(10061, 'Unknown error')
[12:33:13] ERROR [Billing] AMQP connection workflow failed: AMQPConnectionWorkflowFailed: 2 exceptions in all; last exception - AMQPConnectorSocketConnectError: ConnectionRefusedError(10061, 'Unknown error'); first exception - AMQPConnectorSocketConnectError: ConnectionRefusedError(10061, 'Unknown error').
[12:33:13] ERROR [Billing] AMQPConnectionWorkflow - reporting failure: AMQPConnectionWorkflowFailed: 2 exceptions in all; last exception - AMQPConnectorSocketConnectError: ConnectionRefusedError(10061, 'Unknown error'); first exception - AMQPConnectorSocketConnectError: ConnectionRefusedError(10061, 'Unknown error')
[12:33:13] ERROR [Billing] Connection workflow failed: AMQPConnectionWorkflowFailed: 2 exceptions in all; last exception - AMQPConnectorSocketConnectError: ConnectionRefusedError(10061, 'Unknown error'); first exception - AMQPConnectorSocketConnectError: ConnectionRefusedError(10061, 'Unknown error')
[12:33:13] ERROR [Billing] Error in _create_connection().
Traceback (most recent call last):
  File "C:\Users\Usuario iTC\OneDrive\Desktop\Proyecto-Distribuidos\Proyecto-Sistemas-Distribuidos-U1\.venv\Lib\site-packages\pika\adapters\blocking_connection.py", line 451, in _create_connection
pika.exceptions.AMQPConnectionError
[12:33:13] ERROR [Billing] RabbitMQ no disponible: . Reintentando en 5s...
[12:33:18] INFO [Billing] Conectando a RabbitMQ (localhost)...
[12:33:18] INFO [Billing] Pika version 1.3.2 connecting to ('::1', 5672, 0, 0)
[12:33:20] ERROR [Billing] Socket failed to connect: <socket.socket fd=1124, family=23, type=1, proto=6, laddr=('::', 58909, 0, 0)>; error=10061 (Unknown error)
[12:33:20] ERROR [Billing] TCP Connection attempt failed: ConnectionRefusedError(10061, 'Unknown error'); dest=(<AddressFamily.AF_INET6: 23>, <SocketKind.SOCK_STREAM: 1>, 6, '', ('::1', 5672, 0, 0))
[12:33:20] ERROR [Billing] AMQPConnector - reporting failure: AMQPConnectorSocketConnectError: ConnectionRefusedError(10061, 'Unknown error')
[12:33:20] INFO [Billing] Pika version 1.3.2 connecting to ('127.0.0.1', 5672)
[12:33:22] ERROR [Billing] Socket failed to connect: <socket.socket fd=1124, family=2, type=1, proto=6, laddr=('0.0.0.0', 58910)>; error=10061 (Unknown error)
[12:33:22] ERROR [Billing] TCP Connection attempt failed: ConnectionRefusedError(10061, 'Unknown error'); dest=(<AddressFamily.AF_INET: 2>, <SocketKind.SOCK_STREAM: 1>, 6, '', ('127.0.0.1', 5672))
[12:33:22] ERROR [Billing] AMQPConnector - reporting failure: AMQPConnectorSocketConnectError: ConnectionRefusedError(10061, 'Unknown error')
[12:33:22] ERROR [Billing] AMQP connection workflow failed: AMQPConnectionWorkflowFailed: 2 exceptions in all; last exception - AMQPConnectorSocketConnectError: ConnectionRefusedError(10061, 'Unknown error'); first exception - AMQPConnectorSocketConnectError: ConnectionRefusedError(10061, 'Unknown error').
[12:33:22] ERROR [Billing] AMQPConnectionWorkflow - reporting failure: AMQPConnectionWorkflowFailed: 2 exceptions in all; last exception - AMQPConnectorSocketConnectError: ConnectionRefusedError(10061, 'Unknown error'); first exception - AMQPConnectorSocketConnectError: ConnectionRefusedError(10061, 'Unknown error')
[12:33:22] ERROR [Billing] Connection workflow failed: AMQPConnectionWorkflowFailed: 2 exceptions in all; last exception - AMQPConnectorSocketConnectError: ConnectionRefusedError(10061, 'Unknown error'); first exception - AMQPConnectorSocketConnectError: ConnectionRefusedError(10061, 'Unknown error')
[12:33:22] ERROR [Billing] Error in _create_connection().
Traceback (most recent call last):
  File "C:\Users\Usuario iTC\OneDrive\Desktop\Proyecto-Distribuidos\Proyecto-Sistemas-Distribuidos-U1\.venv\Lib\site-packages\pika\adapters\blocking_connection.py", line 451, in _create_connection
pika.exceptions.AMQPConnectionError
[12:33:22] ERROR [Billing] RabbitMQ no disponible: . Reintentando en 5s...
[12:33:27] INFO [Billing] Conectando a RabbitMQ (localhost)...
[12:33:27] INFO [Billing] Pika version 1.3.2 connecting to ('::1', 5672, 0, 0)
[12:33:29] ERROR [Billing] Socket failed to connect: <socket.socket fd=1020, family=23, type=1, proto=6, laddr=('::', 58917, 0, 0)>; error=10061 (Unknown error)
[12:33:29] ERROR [Billing] TCP Connection attempt failed: ConnectionRefusedError(10061, 'Unknown error'); dest=(<AddressFamily.AF_INET6: 23>, <SocketKind.SOCK_STREAM: 1>, 6, '', ('::1', 5672, 0, 0))
[12:33:29] ERROR [Billing] AMQPConnector - reporting failure: AMQPConnectorSocketConnectError: ConnectionRefusedError(10061, 'Unknown error')
[12:33:29] INFO [Billing] Pika version 1.3.2 connecting to ('127.0.0.1', 5672)
[12:33:31] ERROR [Billing] Socket failed to connect: <socket.socket fd=1020, family=2, type=1, proto=6, laddr=('0.0.0.0', 58921)>; error=10061 (Unknown error)
[12:33:31] ERROR [Billing] TCP Connection attempt failed: ConnectionRefusedError(10061, 'Unknown error'); dest=(<AddressFamily.AF_INET: 2>, <SocketKind.SOCK_STREAM: 1>, 6, '', ('127.0.0.1', 5672))
[12:33:31] ERROR [Billing] AMQPConnector - reporting failure: AMQPConnectorSocketConnectError: ConnectionRefusedError(10061, 'Unknown error')
[12:33:31] ERROR [Billing] AMQP connection workflow failed: AMQPConnectionWorkflowFailed: 2 exceptions in all; last exception - AMQPConnectorSocketConnectError: ConnectionRefusedError(10061, 'Unknown error'); first exception - AMQPConnectorSocketConnectError: ConnectionRefusedError(10061, 'Unknown error').
[12:33:31] ERROR [Billing] AMQPConnectionWorkflow - reporting failure: AMQPConnectionWorkflowFailed: 2 exceptions in all; last exception - AMQPConnectorSocketConnectError: ConnectionRefusedError(10061, 'Unknown error'); first exception - AMQPConnectorSocketConnectError: ConnectionRefusedError(10061, 'Unknown error')
[12:33:31] ERROR [Billing] Connection workflow failed: AMQPConnectionWorkflowFailed: 2 exceptions in all; last exception - AMQPConnectorSocketConnectError: ConnectionRefusedError(10061, 'Unknown error'); first exception - AMQPConnectorSocketConnectError: ConnectionRefusedError(10061, 'Unknown error')
[12:33:31] ERROR [Billing] Error in _create_connection().
Traceback (most recent call last):
  File "C:\Users\Usuario iTC\OneDrive\Desktop\Proyecto-Distribuidos\Proyecto-Sistemas-Distribuidos-U1\.venv\Lib\site-packages\pika\adapters\blocking_connection.py", line 451, in _create_connection
pika.exceptions.AMQPConnectionError
[12:33:31] ERROR [Billing] RabbitMQ no disponible: . Reintentando en 5s...
[12:33:36] INFO [Billing] Conectando a RabbitMQ (localhost)...
[12:33:36] INFO [Billing] Pika version 1.3.2 connecting to ('::1', 5672, 0, 0)
[12:33:38] ERROR [Billing] Socket failed to connect: <socket.socket fd=720, family=23, type=1, proto=6, laddr=('::', 58928, 0, 0)>; error=10061 (Unknown error)
[12:33:38] ERROR [Billing] TCP Connection attempt failed: ConnectionRefusedError(10061, 'Unknown error'); dest=(<AddressFamily.AF_INET6: 23>, <SocketKind.SOCK_STREAM: 1>, 6, '', ('::1', 5672, 0, 0))
[12:33:38] ERROR [Billing] AMQPConnector - reporting failure: AMQPConnectorSocketConnectError: ConnectionRefusedError(10061, 'Unknown error')
[12:33:38] INFO [Billing] Pika version 1.3.2 connecting to ('127.0.0.1', 5672)
[12:33:40] ERROR [Billing] Socket failed to connect: <socket.socket fd=720, family=2, type=1, proto=6, laddr=('0.0.0.0', 58930)>; error=10061 (Unknown error)
[12:33:40] ERROR [Billing] TCP Connection attempt failed: ConnectionRefusedError(10061, 'Unknown error'); dest=(<AddressFamily.AF_INET: 2>, <SocketKind.SOCK_STREAM: 1>, 6, '', ('127.0.0.1', 5672))
[12:33:40] ERROR [Billing] AMQPConnector - reporting failure: AMQPConnectorSocketConnectError: ConnectionRefusedError(10061, 'Unknown error')
[12:33:40] ERROR [Billing] AMQP connection workflow failed: AMQPConnectionWorkflowFailed: 2 exceptions in all; last exception - AMQPConnectorSocketConnectError: ConnectionRefusedError(10061, 'Unknown error'); first exception - AMQPConnectorSocketConnectError: ConnectionRefusedError(10061, 'Unknown error').
[12:33:40] ERROR [Billing] AMQPConnectionWorkflow - reporting failure: AMQPConnectionWorkflowFailed: 2 exceptions in all; last exception - AMQPConnectorSocketConnectError: ConnectionRefusedError(10061, 'Unknown error'); first exception - AMQPConnectorSocketConnectError: ConnectionRefusedError(10061, 'Unknown error')
[12:33:40] ERROR [Billing] Connection workflow failed: AMQPConnectionWorkflowFailed: 2 exceptions in all; last exception - AMQPConnectorSocketConnectError: ConnectionRefusedError(10061, 'Unknown error'); first exception - AMQPConnectorSocketConnectError: ConnectionRefusedError(10061, 'Unknown error')
[12:33:40] ERROR [Billing] Error in _create_connection().
Traceback (most recent call last):
  File "C:\Users\Usuario iTC\OneDrive\Desktop\Proyecto-Distribuidos\Proyecto-Sistemas-Distribuidos-U1\.venv\Lib\site-packages\pika\adapters\blocking_connection.py", line 451, in _create_connection
pika.exceptions.AMQPConnectionError
[12:33:40] ERROR [Billing] RabbitMQ no disponible: . Reintentando en 5s...
[12:33:45] INFO [Billing] Conectando a RabbitMQ (localhost)...
[12:33:45] INFO [Billing] Pika version 1.3.2 connecting to ('::1', 5672, 0, 0)
[12:33:47] ERROR [Billing] Socket failed to connect: <socket.socket fd=988, family=23, type=1, proto=6, laddr=('::', 49613, 0, 0)>; error=10061 (Unknown error)
[12:33:47] ERROR [Billing] TCP Connection attempt failed: ConnectionRefusedError(10061, 'Unknown error'); dest=(<AddressFamily.AF_INET6: 23>, <SocketKind.SOCK_STREAM: 1>, 6, '', ('::1', 5672, 0, 0))
[12:33:47] ERROR [Billing] AMQPConnector - reporting failure: AMQPConnectorSocketConnectError: ConnectionRefusedError(10061, 'Unknown error')
[12:33:47] INFO [Billing] Pika version 1.3.2 connecting to ('127.0.0.1', 5672)
[12:33:49] ERROR [Billing] Socket failed to connect: <socket.socket fd=988, family=2, type=1, proto=6, laddr=('0.0.0.0', 49619)>; error=10061 (Unknown error)
[12:33:49] ERROR [Billing] TCP Connection attempt failed: ConnectionRefusedError(10061, 'Unknown error'); dest=(<AddressFamily.AF_INET: 2>, <SocketKind.SOCK_STREAM: 1>, 6, '', ('127.0.0.1', 5672))
[12:33:49] ERROR [Billing] AMQPConnector - reporting failure: AMQPConnectorSocketConnectError: ConnectionRefusedError(10061, 'Unknown error')
[12:33:49] ERROR [Billing] AMQP connection workflow failed: AMQPConnectionWorkflowFailed: 2 exceptions in all; last exception - AMQPConnectorSocketConnectError: ConnectionRefusedError(10061, 'Unknown error'); first exception - AMQPConnectorSocketConnectError: ConnectionRefusedError(10061, 'Unknown error').
[12:33:49] ERROR [Billing] AMQPConnectionWorkflow - reporting failure: AMQPConnectionWorkflowFailed: 2 exceptions in all; last exception - AMQPConnectorSocketConnectError: ConnectionRefusedError(10061, 'Unknown error'); first exception - AMQPConnectorSocketConnectError: ConnectionRefusedError(10061, 'Unknown error')
[12:33:49] ERROR [Billing] Connection workflow failed: AMQPConnectionWorkflowFailed: 2 exceptions in all; last exception - AMQPConnectorSocketConnectError: ConnectionRefusedError(10061, 'Unknown error'); first exception - AMQPConnectorSocketConnectError: ConnectionRefusedError(10061, 'Unknown error')
[12:33:49] ERROR [Billing] Error in _create_connection().
Traceback (most recent call last):
  File "C:\Users\Usuario iTC\OneDrive\Desktop\Proyecto-Distribuidos\Proyecto-Sistemas-Distribuidos-U1\.venv\Lib\site-packages\pika\adapters\blocking_connection.py", line 451, in _create_connection
pika.exceptions.AMQPConnectionError
[12:33:49] ERROR [Billing] RabbitMQ no disponible: . Reintentando en 5s...
[12:33:54] INFO [Billing] Conectando a RabbitMQ (localhost)...
[12:33:54] INFO [Billing] Pika version 1.3.2 connecting to ('::1', 5672, 0, 0)
[12:33:56] ERROR [Billing] Socket failed to connect: <socket.socket fd=984, family=23, type=1, proto=6, laddr=('::', 49627, 0, 0)>; error=10061 (Unknown error)
[12:33:56] ERROR [Billing] TCP Connection attempt failed: ConnectionRefusedError(10061, 'Unknown error'); dest=(<AddressFamily.AF_INET6: 23>, <SocketKind.SOCK_STREAM: 1>, 6, '', ('::1', 5672, 0, 0))
[12:33:56] ERROR [Billing] AMQPConnector - reporting failure: AMQPConnectorSocketConnectError: ConnectionRefusedError(10061, 'Unknown error')
[12:33:56] INFO [Billing] Pika version 1.3.2 connecting to ('127.0.0.1', 5672)
[12:33:58] ERROR [Billing] Socket failed to connect: <socket.socket fd=984, family=2, type=1, proto=6, laddr=('0.0.0.0', 49629)>; error=10061 (Unknown error)
[12:33:58] ERROR [Billing] TCP Connection attempt failed: ConnectionRefusedError(10061, 'Unknown error'); dest=(<AddressFamily.AF_INET: 2>, <SocketKind.SOCK_STREAM: 1>, 6, '', ('127.0.0.1', 5672))
[12:33:58] ERROR [Billing] AMQPConnector - reporting failure: AMQPConnectorSocketConnectError: ConnectionRefusedError(10061, 'Unknown error')
[12:33:58] ERROR [Billing] AMQP connection workflow failed: AMQPConnectionWorkflowFailed: 2 exceptions in all; last exception - AMQPConnectorSocketConnectError: ConnectionRefusedError(10061, 'Unknown error'); first exception - AMQPConnectorSocketConnectError: ConnectionRefusedError(10061, 'Unknown error').
[12:33:58] ERROR [Billing] AMQPConnectionWorkflow - reporting failure: AMQPConnectionWorkflowFailed: 2 exceptions in all; last exception - AMQPConnectorSocketConnectError: ConnectionRefusedError(10061, 'Unknown error'); first exception - AMQPConnectorSocketConnectError: ConnectionRefusedError(10061, 'Unknown error')
[12:33:58] ERROR [Billing] Connection workflow failed: AMQPConnectionWorkflowFailed: 2 exceptions in all; last exception - AMQPConnectorSocketConnectError: ConnectionRefusedError(10061, 'Unknown error'); first exception - AMQPConnectorSocketConnectError: ConnectionRefusedError(10061, 'Unknown error')
[12:33:58] ERROR [Billing] Error in _create_connection().
Traceback (most recent call last):
  File "C:\Users\Usuario iTC\OneDrive\Desktop\Proyecto-Distribuidos\Proyecto-Sistemas-Distribuidos-U1\.venv\Lib\site-packages\pika\adapters\blocking_connection.py", line 451, in _create_connection
pika.exceptions.AMQPConnectionError
[12:33:58] ERROR [Billing] RabbitMQ no disponible: . Reintentando en 5s...
