[12:21:22] INFO [Notif] Conectando a RabbitMQ (localhost)...
[12:21:22] INFO [Notif] \U0001f680 Notification Service corriendo en http://localhost:5002
[12:21:22] INFO [Notif] Pika version 1.3.2 connecting to ('::1', 5672, 0, 0)
[12:21:22] INFO [Notif] [31m[1mWARNING: This is a development server. Do not use it in a production deployment. Use a production WSGI server instead.[0m
 * Running on all addresses (0.0.0.0)
 * Running on http://127.0.0.1:5002
 * Running on http://192.168.0.117:5002
[12:21:22] INFO [Notif] [33mPress CTRL+C to quit[0m
[12:21:24] ERROR [Notif] Socket failed to connect: <socket.socket fd=900, family=23, type=1, proto=6, laddr=('::', 53204, 0, 0)>; error=10061 (Unknown error)
[12:21:24] ERROR [Notif] TCP Connection attempt failed: ConnectionRefusedError(10061, 'Unknown error'); dest=(<AddressFamily.AF_INET6: 23>, <SocketKind.SOCK_STREAM: 1>, 6, '', ('::1', 5672, 0, 0))
[12:21:24] ERROR [Notif] AMQPConnector - reporting failure: AMQPConnectorSocketConnectError: ConnectionRefusedError(10061, 'Unknown error')
[12:21:24] INFO [Notif] Pika version 1.3.2 connecting to ('127.0.0.1', 5672)
[12:21:26] ERROR [Notif] Socket failed to connect: <socket.socket fd=900, family=2, type=1, proto=6, laddr=('0.0.0.0', 53206)>; error=10061 (Unknown error)
[12:21:26] ERROR [Notif] TCP Connection attempt failed: ConnectionRefusedError(10061, 'Unknown error'); dest=(<AddressFamily.AF_INET: 2>, <SocketKind.SOCK_STREAM: 1>, 6, '', ('127.0.0.1', 5672))
[12:21:26] ERROR [Notif] AMQPConnector - reporting failure: AMQPConnectorSocketConnectError: ConnectionRefusedError(10061, 'Unknown error')
[12:21:26] ERROR [Notif] AMQP connection workflow failed: AMQPConnectionWorkflowFailed: 2 exceptions in all; last exception - AMQPConnectorSocketConnectError: ConnectionRefusedError(10061, 'Unknown error'); first exception - AMQPConnectorSocketConnectError: ConnectionRefusedError(10061, 'Unknown error').
[12:21:26] ERROR [Notif] AMQPConnectionWorkflow - reporting failure: AMQPConnectionWorkflowFailed: 2 exceptions in all; last exception - AMQPConnectorSocketConnectError: ConnectionRefusedError(10061, 'Unknown error'); first exception - AMQPConnectorSocketConnectError: ConnectionRefusedError(10061, 'Unknown error')
[12:21:26] ERROR [Notif] Connection workflow failed: AMQPConnectionWorkflowFailed: 2 exceptions in all; last exception - AMQPConnectorSocketConnectError: ConnectionRefusedError(10061, 'Unknown error'); first exception - AMQPConnectorSocketConnectError: ConnectionRefusedError(10061, 'Unknown error')
[12:21:26] ERROR [Notif] Error in _create_connection().
Traceback (most recent call last):
  File "C:\Users\Usuario iTC\OneDrive\Desktop\Proyecto-Distribuidos\Proyecto-Sistemas-Distribuidos-U1\.venv\Lib\site-packages\pika\adapters\blocking_connection.py", line 451, in _create_connection
    raise self._reap_last_connection_workflow_error(error)
pika.exceptions.AMQPConnectionError
[12:21:26] ERROR [Notif] RabbitMQ no disponible: . Reintentando en 5s...
[12:21:31] INFO [Notif] Conectando a RabbitMQ (localhost)...
[12:21:31] INFO [Notif] Pika version 1.3.2 connecting to ('::1', 5672, 0, 0)
[12:21:34] ERROR [Notif] Socket failed to connect: <socket.socket fd=948, family=23, type=1, proto=6, laddr=('::', 62739, 0, 0)>; error=10061 (Unknown error)
[12:21:34] ERROR [Notif] TCP Connection attempt failed: ConnectionRefusedError(10061, 'Unknown error'); dest=(<AddressFamily.AF_INET6: 23>, <SocketKind.SOCK_STREAM: 1>, 6, '', ('::1', 5672, 0, 0))
[12:21:34] ERROR [Notif] AMQPConnector - reporting failure: AMQPConnectorSocketConnectError: ConnectionRefusedError(10061, 'Unknown error')
[12:21:34] INFO [Notif] Pika version 1.3.2 connecting to ('127.0.0.1', 5672)
[12:21:36] ERROR [Notif] Socket failed to connect: <socket.socket fd=948, family=2, type=1, proto=6, laddr=('0.0.0.0', 62742)>; error=10061 (Unknown error)
[12:21:36] ERROR [Notif] TCP Connection attempt failed: ConnectionRefusedError(10061, 'Unknown error'); dest=(<AddressFamily.AF_INET: 2>, <SocketKind.SOCK_STREAM: 1>, 6, '', ('127.0.0.1', 5672))
[12:21:36] ERROR [Notif] AMQPConnector - reporting failure: AMQPConnectorSocketConnectError: ConnectionRefusedError(10061, 'Unknown error')
[12:21:36] ERROR [Notif] AMQP connection workflow failed: AMQPConnectionWorkflowFailed: 2 exceptions in all; last exception - AMQPConnectorSocketConnectError: ConnectionRefusedError(10061, 'Unknown error'); first exception - AMQPConnectorSocketConnectError: ConnectionRefusedError(10061, 'Unknown error').
[12:21:36] ERROR [Notif] AMQPConnectionWorkflow - reporting failure: AMQPConnectionWorkflowFailed: 2 exceptions in all; last exception - AMQPConnectorSocketConnectError: ConnectionRefusedError(10061, 'Unknown error'); first exception - AMQPConnectorSocketConnectError: ConnectionRefusedError(10061, 'Unknown error')
[12:21:36] ERROR [Notif] Connection workflow failed: AMQPConnectionWorkflowFailed: 2 exceptions in all; last exception - AMQPConnectorSocketConnectError: ConnectionRefusedError(10061, 'Unknown error'); first exception - AMQPConnectorSocketConnectError: ConnectionRefusedError(10061, 'Unknown error')
[12:21:36] ERROR [Notif] Error in _create_connection().
Traceback (most recent call last):
  File "C:\Users\Usuario iTC\OneDrive\Desktop\Proyecto-Distribuidos\Proyecto-Sistemas-Distribuidos-U1\.venv\Lib\site-packages\pika\adapters\blocking_connection.py", line 451, in _create_connection
    raise self._reap_last_connection_workflow_error(error)
pika.exceptions.AMQPConnectionError
[12:21:36] ERROR [Notif] RabbitMQ no disponible: . Reintentando en 5s...
[12:21:41] INFO [Notif] Conectando a RabbitMQ (localhost)...
[12:21:41] INFO [Notif] Pika version 1.3.2 connecting to ('::1', 5672, 0, 0)
[12:21:43] ERROR [Notif] Socket failed to connect: <socket.socket fd=900, family=23, type=1, proto=6, laddr=('::', 62770, 0, 0)>; error=10061 (Unknown error)
[12:21:43] ERROR [Notif] TCP Connection attempt failed: ConnectionRefusedError(10061, 'Unknown error'); dest=(<AddressFamily.AF_INET6: 23>, <SocketKind.SOCK_STREAM: 1>, 6, '', ('::1', 5672, 0, 0))
[12:21:43] ERROR [Notif] AMQPConnector - reporting failure: AMQPConnectorSocketConnectError: ConnectionRefusedError(10061, 'Unknown error')
[12:21:43] INFO [Notif] Pika version 1.3.2 connecting to ('127.0.0.1', 5672)
[12:21:45] ERROR [Notif] Socket failed to connect: <socket.socket fd=900, family=2, type=1, proto=6, laddr=('0.0.0.0', 62772)>; error=10061 (Unknown error)
[12:21:45] ERROR [Notif] TCP Connection attempt failed: ConnectionRefusedError(10061, 'Unknown error'); dest=(<AddressFamily.AF_INET: 2>, <SocketKind.SOCK_STREAM: 1>, 6, '', ('127.0.0.1', 5672))
[12:21:45] ERROR [Notif] AMQPConnector - reporting failure: AMQPConnectorSocketConnectError: ConnectionRefusedError(10061, 'Unknown error')
[12:21:45] ERROR [Notif] AMQP connection workflow failed: AMQPConnectionWorkflowFailed: 2 exceptions in all; last exception - AMQPConnectorSocketConnectError: ConnectionRefusedError(10061, 'Unknown error'); first exception - AMQPConnectorSocketConnectError: ConnectionRefusedError(10061, 'Unknown error').
[12:21:45] ERROR [Notif] AMQPConnectionWorkflow - reporting failure: AMQPConnectionWorkflowFailed: 2 exceptions in all; last exception - AMQPConnectorSocketConnectError: ConnectionRefusedError(10061, 'Unknown error'); first exception - AMQPConnectorSocketConnectError: ConnectionRefusedError(10061, 'Unknown error')
[12:21:45] ERROR [Notif] Connection workflow failed: AMQPConnectionWorkflowFailed: 2 exceptions in all; last exception - AMQPConnectorSocketConnectError: ConnectionRefusedError(10061, 'Unknown error'); first exception - AMQPConnectorSocketConnectError: ConnectionRefusedError(10061, 'Unknown error')
[12:21:45] ERROR [Notif] Error in _create_connection().
Traceback (most recent call last):
  File "C:\Users\Usuario iTC\OneDrive\Desktop\Proyecto-Distribuidos\Proyecto-Sistemas-Distribuidos-U1\.venv\Lib\site-packages\pika\adapters\blocking_connection.py", line 451, in _create_connection
    raise self._reap_last_connection_workflow_error(error)
pika.exceptions.AMQPConnectionError
[12:21:45] ERROR [Notif] RabbitMQ no disponible: . Reintentando en 5s...
[12:21:50] INFO [Notif] Conectando a RabbitMQ (localhost)...
[12:21:50] INFO [Notif] Pika version 1.3.2 connecting to ('::1', 5672, 0, 0)
[12:21:52] ERROR [Notif] Socket failed to connect: <socket.socket fd=984, family=23, type=1, proto=6, laddr=('::', 62802, 0, 0)>; error=10061 (Unknown error)
[12:21:52] ERROR [Notif] TCP Connection attempt failed: ConnectionRefusedError(10061, 'Unknown error'); dest=(<AddressFamily.AF_INET6: 23>, <SocketKind.SOCK_STREAM: 1>, 6, '', ('::1', 5672, 0, 0))
[12:21:52] ERROR [Notif] AMQPConnector - reporting failure: AMQPConnectorSocketConnectError: ConnectionRefusedError(10061, 'Unknown error')
[12:21:52] INFO [Notif] Pika version 1.3.2 connecting to ('127.0.0.1', 5672)
[12:21:54] ERROR [Notif] Socket failed to connect: <socket.socket fd=984, family=2, type=1, proto=6, laddr=('0.0.0.0', 62808)>; error=10061 (Unknown error)
[12:21:54] ERROR [Notif] TCP Connection attempt failed: ConnectionRefusedError(10061, 'Unknown error'); dest=(<AddressFamily.AF_INET: 2>, <SocketKind.SOCK_STREAM: 1>, 6, '', ('127.0.0.1', 5672))
[12:21:54] ERROR [Notif] AMQPConnector - reporting failure: AMQPConnectorSocketConnectError: ConnectionRefusedError(10061, 'Unknown error')
[12:21:54] ERROR [Notif] AMQP connection workflow failed: AMQPConnectionWorkflowFailed: 2 exceptions in all; last exception - AMQPConnectorSocketConnectError: ConnectionRefusedError(10061, 'Unknown error'); first exception - AMQPConnectorSocketConnectError: ConnectionRefusedError(10061, 'Unknown error').
[12:21:54] ERROR [Notif] AMQPConnectionWorkflow - reporting failure: AMQPConnectionWorkflowFailed: 2 exceptions in all; last exception - AMQPConnectorSocketConnectError: ConnectionRefusedError(10061, 'Unknown error'); first exception - AMQPConnectorSocketConnectError: ConnectionRefusedError(10061, 'Unknown error')
[12:21:54] ERROR [Notif] Connection workflow failed: AMQPConnectionWorkflowFailed: 2 exceptions in all; last exception - AMQPConnectorSocketConnectError: ConnectionRefusedError(10061, 'Unknown error'); first exception - AMQPConnectorSocketConnectError: ConnectionRefusedError(10061, 'Unknown error')
[12:21:54] ERROR [Notif] Error in _create_connection().
Traceback (most recent call last):
  File "C:\Users\Usuario iTC\OneDrive\Desktop\Proyecto-Distribuidos\Proyecto-Sistemas-Distribuidos-U1\.venv\Lib\site-packages\pika\adapters\blocking_connection.py", line 451, in _create_connection
    raise self._reap_last_connection_workflow_error(error)
pika.exceptions.AMQPConnectionError
[12:21:54] ERROR [Notif] RabbitMQ no disponible: . Reintentando en 5s...
[12:21:59] INFO [Notif] Conectando a RabbitMQ (localhost)...
[12:21:59] INFO [Notif] Pika version 1.3.2 connecting to ('::1', 5672, 0, 0)
[12:22:01] ERROR [Notif] Socket failed to connect: <socket.socket fd=900, family=23, type=1, proto=6, laddr=('::', 56840, 0, 0)>; error=10061 (Unknown error)
[12:22:01] ERROR [Notif] TCP Connection attempt failed: ConnectionRefusedError(10061, 'Unknown error'); dest=(<AddressFamily.AF_INET6: 23>, <SocketKind.SOCK_STREAM: 1>, 6, '', ('::1', 5672, 0, 0))
[12:22:01] ERROR [Notif] AMQPConnector - reporting failure: AMQPConnectorSocketConnectError: ConnectionRefusedError(10061, 'Unknown error')
[12:22:01] INFO [Notif] Pika version 1.3.2 connecting to ('127.0.0.1', 5672)
[12:22:03] ERROR [Notif] Socket failed to connect: <socket.socket fd=900, family=2, type=1, proto=6, laddr=('0.0.0.0', 56845)>; error=10061 (Unknown error)
[12:22:03] ERROR [Notif] TCP Connection attempt failed: ConnectionRefusedError(10061, 'Unknown error'); dest=(<AddressFamily.AF_INET: 2>, <SocketKind.SOCK_STREAM: 1>, 6, '', ('127.0.0.1', 5672))
[12:22:03] ERROR [Notif] AMQPConnector - reporting failure: AMQPConnectorSocketConnectError: ConnectionRefusedError(10061, 'Unknown error')
[12:22:03] ERROR [Notif] AMQP connection workflow failed: AMQPConnectionWorkflowFailed: 2 exceptions in all; last exception - AMQPConnectorSocketConnectError: ConnectionRefusedError(10061, 'Unknown error'); first exception - AMQPConnectorSocketConnectError: ConnectionRefusedError(10061, 'Unknown error').
[12:22:03] ERROR [Notif] AMQPConnectionWorkflow - reporting failure: AMQPConnectionWorkflowFailed: 2 exceptions in all; last exception - AMQPConnectorSocketConnectError: ConnectionRefusedError(10061, 'Unknown error'); first exception - AMQPConnectorSocketConnectError: ConnectionRefusedError(10061, 'Unknown error')
[12:22:03] ERROR [Notif] Connection workflow failed: AMQPConnectionWorkflowFailed: 2 exceptions in all; last exception - AMQPConnectorSocketConnectError: ConnectionRefusedError(10061, 'Unknown error'); first exception - AMQPConnectorSocketConnectError: ConnectionRefusedError(10061, 'Unknown error')
[12:22:03] ERROR [Notif] Error in _create_connection().
Traceback (most recent call last):
  File "C:\Users\Usuario iTC\OneDrive\Desktop\Proyecto-Distribuidos\Proyecto-Sistemas-Distribuidos-U1\.venv\Lib\site-packages\pika\adapters\blocking_connection.py", line 451, in _create_connection
    raise self._reap_last_connection_workflow_error(error)
pika.exceptions.AMQPConnectionError
[12:22:03] ERROR [Notif] RabbitMQ no disponible: . Reintentando en 5s...
[12:22:08] INFO [Notif] Conectando a RabbitMQ (localhost)...
[12:22:08] INFO [Notif] Pika version 1.3.2 connecting to ('::1', 5672, 0, 0)
[12:22:10] ERROR [Notif] Socket failed to connect: <socket.socket fd=972, family=23, type=1, proto=6, laddr=('::', 61289, 0, 0)>; error=10061 (Unknown error)
[12:22:10] ERROR [Notif] TCP Connection attempt failed: ConnectionRefusedError(10061, 'Unknown error'); dest=(<AddressFamily.AF_INET6: 23>, <SocketKind.SOCK_STREAM: 1>, 6, '', ('::1', 5672, 0, 0))
[12:22:10] ERROR [Notif] AMQPConnector - reporting failure: AMQPConnectorSocketConnectError: ConnectionRefusedError(10061, 'Unknown error')
[12:22:10] INFO [Notif] Pika version 1.3.2 connecting to ('127.0.0.1', 5672)
[12:22:12] ERROR [Notif] Socket failed to connect: <socket.socket fd=972, family=2, type=1, proto=6, laddr=('0.0.0.0', 61292)>; error=10061 (Unknown error)
[12:22:12] ERROR [Notif] TCP Connection attempt failed: ConnectionRefusedError(10061, 'Unknown error'); dest=(<AddressFamily.AF_INET: 2>, <SocketKind.SOCK_STREAM: 1>, 6, '', ('127.0.0.1', 5672))
[12:22:12] ERROR [Notif] AMQPConnector - reporting failure: AMQPConnectorSocketConnectError: ConnectionRefusedError(10061, 'Unknown error')
[12:22:12] ERROR [Notif] AMQP connection workflow failed: AMQPConnectionWorkflowFailed: 2 exceptions in all; last exception - AMQPConnectorSocketConnectError: ConnectionRefusedError(10061, 'Unknown error'); first exception - AMQPConnectorSocketConnectError: ConnectionRefusedError(10061, 'Unknown error').
[12:22:12] ERROR [Notif] AMQPConnectionWorkflow - reporting failure: AMQPConnectionWorkflowFailed: 2 exceptions in all; last exception - AMQPConnectorSocketConnectError: ConnectionRefusedError(10061, 'Unknown error'); first exception - AMQPConnectorSocketConnectError: ConnectionRefusedError(10061, 'Unknown error')
[12:22:12] ERROR [Notif] Connection workflow failed: AMQPConnectionWorkflowFailed: 2 exceptions in all; last exception - AMQPConnectorSocketConnectError: ConnectionRefusedError(10061, 'Unknown error'); first exception - AMQPConnectorSocketConnectError: ConnectionRefusedError(10061, 'Unknown error')
[12:22:12] ERROR [Notif] Error in _create_connection().
Traceback (most recent call last):
  File "C:\Users\Usuario iTC\OneDrive\Desktop\Proyecto-Distribuidos\Proyecto-Sistemas-Distribuidos-U1\.venv\Lib\site-packages\pika\adapters\blocking_connection.py", line 451, in _create_connection
    raise self._reap_last_connection_workflow_error(error)
pika.exceptions.AMQPConnectionError
[12:22:12] ERROR [Notif] RabbitMQ no disponible: . Reintentando en 5s...
[12:22:17] INFO [Notif] Conectando a RabbitMQ (localhost)...
[12:22:17] INFO [Notif] Pika version 1.3.2 connecting to ('::1', 5672, 0, 0)
[12:22:19] ERROR [Notif] Socket failed to connect: <socket.socket fd=948, family=23, type=1, proto=6, laddr=('::', 61312, 0, 0)>; error=10061 (Unknown error)
[12:22:19] ERROR [Notif] TCP Connection attempt failed: ConnectionRefusedError(10061, 'Unknown error'); dest=(<AddressFamily.AF_INET6: 23>, <SocketKind.SOCK_STREAM: 1>, 6, '', ('::1', 5672, 0, 0))
[12:22:19] ERROR [Notif] AMQPConnector - reporting failure: AMQPConnectorSocketConnectError: ConnectionRefusedError(10061, 'Unknown error')
[12:22:19] INFO [Notif] Pika version 1.3.2 connecting to ('127.0.0.1', 5672)
[12:22:21] ERROR [Notif] Socket failed to connect: <socket.socket fd=948, family=2, type=1, proto=6, laddr=('0.0.0.0', 61314)>; error=10061 (Unknown error)
[12:22:21] ERROR [Notif] TCP Connection attempt failed: ConnectionRefusedError(10061, 'Unknown error'); dest=(<AddressFamily.AF_INET: 2>, <SocketKind.SOCK_STREAM: 1>, 6, '', ('127.0.0.1', 5672))
[12:22:21] ERROR [Notif] AMQPConnector - reporting failure: AMQPConnectorSocketConnectError: ConnectionRefusedError(10061, 'Unknown error')
[12:22:21] ERROR [Notif] AMQP connection workflow failed: AMQPConnectionWorkflowFailed: 2 exceptions in all; last exception - AMQPConnectorSocketConnectError: ConnectionRefusedError(10061, 'Unknown error'); first exception - AMQPConnectorSocketConnectError: ConnectionRefusedError(10061, 'Unknown error').
[12:22:21] ERROR [Notif] AMQPConnectionWorkflow - reporting failure: AMQPConnectionWorkflowFailed: 2 exceptions in all; last exception - AMQPConnectorSocketConnectError: ConnectionRefusedError(10061, 'Unknown error'); first exception - AMQPConnectorSocketConnectError: ConnectionRefusedError(10061, 'Unknown error')
[12:22:21] ERROR [Notif] Connection workflow failed: AMQPConnectionWorkflowFailed: 2 exceptions in all; last exception - AMQPConnectorSocketConnectError: ConnectionRefusedError(10061, 'Unknown error'); first exception - AMQPConnectorSocketConnectError: ConnectionRefusedError(10061, 'Unknown error')
[12:22:21] ERROR [Notif] Error in _create_connection().
Traceback (most recent call last):
  File "C:\Users\Usuario iTC\OneDrive\Desktop\Proyecto-Distribuidos\Proyecto-Sistemas-Distribuidos-U1\.venv\Lib\site-packages\pika\adapters\blocking_connection.py", line 451, in _create_connection
    raise self._reap_last_connection_workflow_error(error)
pika.exceptions.AMQPConnectionError
[12:22:21] ERROR [Notif] RabbitMQ no disponible: . Reintentando en 5s...
[12:22:26] INFO [Notif] Conectando a RabbitMQ (localhost)...
[12:22:26] INFO [Notif] Pika version 1.3.2 connecting to ('::1', 5672, 0, 0)
[12:22:28] ERROR [Notif] Socket failed to connect: <socket.socket fd=980, family=23, type=1, proto=6, laddr=('::', 61335, 0, 0)>; error=10061 (Unknown error)
[12:22:28] ERROR [Notif] TCP Connection attempt failed: ConnectionRefusedError(10061, 'Unknown error'); dest=(<AddressFamily.AF_INET6: 23>, <SocketKind.SOCK_STREAM: 1>, 6, '', ('::1', 5672, 0, 0))
[12:22:28] ERROR [Notif] AMQPConnector - reporting failure: AMQPConnectorSocketConnectError: ConnectionRefusedError(10061, 'Unknown error')
[12:22:28] INFO [Notif] Pika version 1.3.2 connecting to ('127.0.0.1', 5672)
[12:22:30] ERROR [Notif] Socket failed to connect: <socket.socket fd=980, family=2, type=1, proto=6, laddr=('0.0.0.0', 61338)>; error=10061 (Unknown error)
[12:22:30] ERROR [Notif] TCP Connection attempt failed: ConnectionRefusedError(10061, 'Unknown error'); dest=(<AddressFamily.AF_INET: 2>, <SocketKind.SOCK_STREAM: 1>, 6, '', ('127.0.0.1', 5672))
[12:22:30] ERROR [Notif] AMQPConnector - reporting failure: AMQPConnectorSocketConnectError: ConnectionRefusedError(10061, 'Unknown error')
[12:22:30] ERROR [Notif] AMQP connection workflow failed: AMQPConnectionWorkflowFailed: 2 exceptions in all; last exception - AMQPConnectorSocketConnectError: ConnectionRefusedError(10061, 'Unknown error'); first exception - AMQPConnectorSocketConnectError: ConnectionRefusedError(10061, 'Unknown error').
[12:22:30] ERROR [Notif] AMQPConnectionWorkflow - reporting failure: AMQPConnectionWorkflowFailed: 2 exceptions in all; last exception - AMQPConnectorSocketConnectError: ConnectionRefusedError(10061, 'Unknown error'); first exception - AMQPConnectorSocketConnectError: ConnectionRefusedError(10061, 'Unknown error')
[12:22:30] ERROR [Notif] Connection workflow failed: AMQPConnectionWorkflowFailed: 2 exceptions in all; last exception - AMQPConnectorSocketConnectError: ConnectionRefusedError(10061, 'Unknown error'); first exception - AMQPConnectorSocketConnectError: ConnectionRefusedError(10061, 'Unknown error')
[12:22:30] ERROR [Notif] Error in _create_connection().
Traceback (most recent call last):
  File "C:\Users\Usuario iTC\OneDrive\Desktop\Proyecto-Distribuidos\Proyecto-Sistemas-Distribuidos-U1\.venv\Lib\site-packages\pika\adapters\blocking_connection.py", line 451, in _create_connection
    raise self._reap_last_connection_workflow_error(error)
pika.exceptions.AMQPConnectionError
[12:22:30] ERROR [Notif] RabbitMQ no disponible: . Reintentando en 5s...
[12:22:35] INFO [Notif] Conectando a RabbitMQ (localhost)...
[12:22:35] INFO [Notif] Pika version 1.3.2 connecting to ('::1', 5672, 0, 0)
[12:22:37] ERROR [Notif] Socket failed to connect: <socket.socket fd=1008, family=23, type=1, proto=6, laddr=('::', 61357, 0, 0)>; error=10061 (Unknown error)
[12:22:37] ERROR [Notif] TCP Connection attempt failed: ConnectionRefusedError(10061, 'Unknown error'); dest=(<AddressFamily.AF_INET6: 23>, <SocketKind.SOCK_STREAM: 1>, 6, '', ('::1', 5672, 0, 0))
[12:22:37] ERROR [Notif] AMQPConnector - reporting failure: AMQPConnectorSocketConnectError: ConnectionRefusedError(10061, 'Unknown error')
[12:22:37] INFO [Notif] Pika version 1.3.2 connecting to ('127.0.0.1', 5672)
[12:22:39] ERROR [Notif] Socket failed to connect: <socket.socket fd=1008, family=2, type=1, proto=6, laddr=('0.0.0.0', 61360)>; error=10061 (Unknown error)
[12:22:39] ERROR [Notif] TCP Connection attempt failed: ConnectionRefusedError(10061, 'Unknown error'); dest=(<AddressFamily.AF_INET: 2>, <SocketKind.SOCK_STREAM: 1>, 6, '', ('127.0.0.1', 5672))
[12:22:39] ERROR [Notif] AMQPConnector - reporting failure: AMQPConnectorSocketConnectError: ConnectionRefusedError(10061, 'Unknown error')
[12:22:39] ERROR [Notif] AMQP connection workflow failed: AMQPConnectionWorkflowFailed: 2 exceptions in all; last exception - AMQPConnectorSocketConnectError: ConnectionRefusedError(10061, 'Unknown error'); first exception - AMQPConnectorSocketConnectError: ConnectionRefusedError(10061, 'Unknown error').
[12:22:39] ERROR [Notif] AMQPConnectionWorkflow - reporting failure: AMQPConnectionWorkflowFailed: 2 exceptions in all; last exception - AMQPConnectorSocketConnectError: ConnectionRefusedError(10061, 'Unknown error'); first exception - AMQPConnectorSocketConnectError: ConnectionRefusedError(10061, 'Unknown error')
[12:22:39] ERROR [Notif] Connection workflow failed: AMQPConnectionWorkflowFailed: 2 exceptions in all; last exception - AMQPConnectorSocketConnectError: ConnectionRefusedError(10061, 'Unknown error'); first exception - AMQPConnectorSocketConnectError: ConnectionRefusedError(10061, 'Unknown error')
[12:22:39] ERROR [Notif] Error in _create_connection().
Traceback (most recent call last):
  File "C:\Users\Usuario iTC\OneDrive\Desktop\Proyecto-Distribuidos\Proyecto-Sistemas-Distribuidos-U1\.venv\Lib\site-packages\pika\adapters\blocking_connection.py", line 451, in _create_connection
    raise self._reap_last_connection_workflow_error(error)
pika.exceptions.AMQPConnectionError
[12:22:39] ERROR [Notif] RabbitMQ no disponible: . Reintentando en 5s...
[12:22:44] INFO [Notif] Conectando a RabbitMQ (localhost)...
[12:22:44] INFO [Notif] Pika version 1.3.2 connecting to ('::1', 5672, 0, 0)
[12:22:46] ERROR [Notif] Socket failed to connect: <socket.socket fd=1012, family=23, type=1, proto=6, laddr=('::', 61379, 0, 0)>; error=10061 (Unknown error)
[12:22:46] ERROR [Notif] TCP Connection attempt failed: ConnectionRefusedError(10061, 'Unknown error'); dest=(<AddressFamily.AF_INET6: 23>, <SocketKind.SOCK_STREAM: 1>, 6, '', ('::1', 5672, 0, 0))
[12:22:46] ERROR [Notif] AMQPConnector - reporting failure: AMQPConnectorSocketConnectError: ConnectionRefusedError(10061, 'Unknown error')
[12:22:46] INFO [Notif] Pika version 1.3.2 connecting to ('127.0.0.1', 5672)
[12:22:48] ERROR [Notif] Socket failed to connect: <socket.socket fd=1012, family=2, type=1, proto=6, laddr=('0.0.0.0', 52744)>; error=10061 (Unknown error)
[12:22:48] ERROR [Notif] TCP Connection attempt failed: ConnectionRefusedError(10061, 'Unknown error'); dest=(<AddressFamily.AF_INET: 2>, <SocketKind.SOCK_STREAM: 1>, 6, '', ('127.0.0.1', 5672))
[12:22:48] ERROR [Notif] AMQPConnector - reporting failure: AMQPConnectorSocketConnectError: ConnectionRefusedError(10061, 'Unknown error')
[12:22:48] ERROR [Notif] AMQP connection workflow failed: AMQPConnectionWorkflowFailed: 2 exceptions in all; last exception - AMQPConnectorSocketConnectError: ConnectionRefusedError(10061, 'Unknown error'); first exception - AMQPConnectorSocketConnectError: ConnectionRefusedError(10061, 'Unknown error').
[12:22:48] ERROR [Notif] AMQPConnectionWorkflow - reporting failure: AMQPConnectionWorkflowFailed: 2 exceptions in all; last exception - AMQPConnectorSocketConnectError: ConnectionRefusedError(10061, 'Unknown error'); first exception - AMQPConnectorSocketConnectError: ConnectionRefusedError(10061, 'Unknown error')
[12:22:48] ERROR [Notif] Connection workflow failed: AMQPConnectionWorkflowFailed: 2 exceptions in all; last exception - AMQPConnectorSocketConnectError: ConnectionRefusedError(10061, 'Unknown error'); first exception - AMQPConnectorSocketConnectError: ConnectionRefusedError(10061, 'Unknown error')
[12:22:48] ERROR [Notif] Error in _create_connection().
Traceback (most recent call last):
  File "C:\Users\Usuario iTC\OneDrive\Desktop\Proyecto-Distribuidos\Proyecto-Sistemas-Distribuidos-U1\.venv\Lib\site-packages\pika\adapters\blocking_connection.py", line 451, in _create_connection
    raise self._reap_last_connection_workflow_error(error)
pika.exceptions.AMQPConnectionError
[12:22:48] ERROR [Notif] RabbitMQ no disponible: . Reintentando en 5s...
[12:22:53] INFO [Notif] Conectando a RabbitMQ (localhost)...
[12:22:53] INFO [Notif] Pika version 1.3.2 connecting to ('::1', 5672, 0, 0)
[12:22:55] ERROR [Notif] Socket failed to connect: <socket.socket fd=880, family=23, type=1, proto=6, laddr=('::', 53182, 0, 0)>; error=10061 (Unknown error)
[12:22:55] ERROR [Notif] TCP Connection attempt failed: ConnectionRefusedError(10061, 'Unknown error'); dest=(<AddressFamily.AF_INET6: 23>, <SocketKind.SOCK_STREAM: 1>, 6, '', ('::1', 5672, 0, 0))
[12:22:55] ERROR [Notif] AMQPConnector - reporting failure: AMQPConnectorSocketConnectError: ConnectionRefusedError(10061, 'Unknown error')
[12:22:55] INFO [Notif] Pika version 1.3.2 connecting to ('127.0.0.1', 5672)
[12:22:57] ERROR [Notif] Socket failed to connect: <socket.socket fd=880, family=2, type=1, proto=6, laddr=('0.0.0.0', 53196)>; error=10061 (Unknown error)
[12:22:57] ERROR [Notif] TCP Connection attempt failed: ConnectionRefusedError(10061, 'Unknown error'); dest=(<AddressFamily.AF_INET: 2>, <SocketKind.SOCK_STREAM: 1>, 6, '', ('127.0.0.1', 5672))
[12:22:57] ERROR [Notif] AMQPConnector - reporting failure: AMQPConnectorSocketConnectError: ConnectionRefusedError(10061, 'Unknown error')
[12:22:57] ERROR [Notif] AMQP connection workflow failed: AMQPConnectionWorkflowFailed: 2 exceptions in all; last exception - AMQPConnectorSocketConnectError: ConnectionRefusedError(10061, 'Unknown error'); first exception - AMQPConnectorSocketConnectError: ConnectionRefusedError(10061, 'Unknown error').
[12:22:57] ERROR [Notif] AMQPConnectionWorkflow - reporting failure: AMQPConnectionWorkflowFailed: 2 exceptions in all; last exception - AMQPConnectorSocketConnectError: ConnectionRefusedError(10061, 'Unknown error'); first exception - AMQPConnectorSocketConnectError: ConnectionRefusedError(10061, 'Unknown error')
[12:22:57] ERROR [Notif] Connection workflow failed: AMQPConnectionWorkflowFailed: 2 exceptions in all; last exception - AMQPConnectorSocketConnectError: ConnectionRefusedError(10061, 'Unknown error'); first exception - AMQPConnectorSocketConnectError: ConnectionRefusedError(10061, 'Unknown error')
[12:22:57] ERROR [Notif] Error in _create_connection().
Traceback (most recent call last):
  File "C:\Users\Usuario iTC\OneDrive\Desktop\Proyecto-Distribuidos\Proyecto-Sistemas-Distribuidos-U1\.venv\Lib\site-packages\pika\adapters\blocking_connection.py", line 451, in _create_connection
    raise self._reap_last_connection_workflow_error(error)
pika.exceptions.AMQPConnectionError
[12:22:57] ERROR [Notif] RabbitMQ no disponible: . Reintentando en 5s...
[12:23:02] INFO [Notif] Conectando a RabbitMQ (localhost)...
[12:23:02] INFO [Notif] Pika version 1.3.2 connecting to ('::1', 5672, 0, 0)
[12:23:04] ERROR [Notif] Socket failed to connect: <socket.socket fd=972, family=23, type=1, proto=6, laddr=('::', 53221, 0, 0)>; error=10061 (Unknown error)
[12:23:04] ERROR [Notif] TCP Connection attempt failed: ConnectionRefusedError(10061, 'Unknown error'); dest=(<AddressFamily.AF_INET6: 23>, <SocketKind.SOCK_STREAM: 1>, 6, '', ('::1', 5672, 0, 0))
[12:23:04] ERROR [Notif] AMQPConnector - reporting failure: AMQPConnectorSocketConnectError: ConnectionRefusedError(10061, 'Unknown error')
[12:23:04] INFO [Notif] Pika version 1.3.2 connecting to ('127.0.0.1', 5672)
[12:23:06] ERROR [Notif] Socket failed to connect: <socket.socket fd=808, family=2, type=1, proto=6, laddr=('0.0.0.0', 53224)>; error=10061 (Unknown error)
[12:23:06] ERROR [Notif] TCP Connection attempt failed: ConnectionRefusedError(10061, 'Unknown error'); dest=(<AddressFamily.AF_INET: 2>, <SocketKind.SOCK_STREAM: 1>, 6, '', ('127.0.0.1', 5672))
[12:23:06] ERROR [Notif] AMQPConnector - reporting failure: AMQPConnectorSocketConnectError: ConnectionRefusedError(10061, 'Unknown error')
[12:23:06] ERROR [Notif] AMQP connection workflow failed: AMQPConnectionWorkflowFailed: 2 exceptions in all; last exception - AMQPConnectorSocketConnectError: ConnectionRefusedError(10061, 'Unknown error'); first exception - AMQPConnectorSocketConnectError: ConnectionRefusedError(10061, 'Unknown error').
[12:23:06] ERROR [Notif] AMQPConnectionWorkflow - reporting failure: AMQPConnectionWorkflowFailed: 2 exceptions in all; last exception - AMQPConnectorSocketConnectError: ConnectionRefusedError(10061, 'Unknown error'); first exception - AMQPConnectorSocketConnectError: ConnectionRefusedError(10061, 'Unknown error')
[12:23:06] ERROR [Notif] Connection workflow failed: AMQPConnectionWorkflowFailed: 2 exceptions in all; last exception - AMQPConnectorSocketConnectError: ConnectionRefusedError(10061, 'Unknown error'); first exception - AMQPConnectorSocketConnectError: ConnectionRefusedError(10061, 'Unknown error')
[12:23:06] ERROR [Notif] Error in _create_connection().
Traceback (most recent call last):
  File "C:\Users\Usuario iTC\OneDrive\Desktop\Proyecto-Distribuidos\Proyecto-Sistemas-Distribuidos-U1\.venv\Lib\site-packages\pika\adapters\blocking_connection.py", line 451, in _create_connection
    raise self._reap_last_connection_workflow_error(error)
pika.exceptions.AMQPConnectionError
[12:23:06] ERROR [Notif] RabbitMQ no disponible: . Reintentando en 5s...
[12:23:11] INFO [Notif] Conectando a RabbitMQ (localhost)...
[12:23:11] INFO [Notif] Pika version 1.3.2 connecting to ('::1', 5672, 0, 0)
[12:23:13] ERROR [Notif] Socket failed to connect: <socket.socket fd=976, family=23, type=1, proto=6, laddr=('::', 64104, 0, 0)>; error=10061 (Unknown error)
[12:23:13] ERROR [Notif] TCP Connection attempt failed: ConnectionRefusedError(10061, 'Unknown error'); dest=(<AddressFamily.AF_INET6: 23>, <SocketKind.SOCK_STREAM: 1>, 6, '', ('::1', 5672, 0, 0))
[12:23:13] ERROR [Notif] AMQPConnector - reporting failure: AMQPConnectorSocketConnectError: ConnectionRefusedError(10061, 'Unknown error')
[12:23:13] INFO [Notif] Pika version 1.3.2 connecting to ('127.0.0.1', 5672)
[12:23:15] ERROR [Notif] Socket failed to connect: <socket.socket fd=808, family=2, type=1, proto=6, laddr=('0.0.0.0', 64107)>; error=10061 (Unknown error)
[12:23:15] ERROR [Notif] TCP Connection attempt failed: ConnectionRefusedError(10061, 'Unknown error'); dest=(<AddressFamily.AF_INET: 2>, <SocketKind.SOCK_STREAM: 1>, 6, '', ('127.0.0.1', 5672))
[12:23:15] ERROR [Notif] AMQPConnector - reporting failure: AMQPConnectorSocketConnectError: ConnectionRefusedError(10061, 'Unknown error')
[12:23:15] ERROR [Notif] AMQP connection workflow failed: AMQPConnectionWorkflowFailed: 2 exceptions in all; last exception - AMQPConnectorSocketConnectError: ConnectionRefusedError(10061, 'Unknown error'); first exception - AMQPConnectorSocketConnectError: ConnectionRefusedError(10061, 'Unknown error').
[12:23:15] ERROR [Notif] AMQPConnectionWorkflow - reporting failure: AMQPConnectionWorkflowFailed: 2 exceptions in all; last exception - AMQPConnectorSocketConnectError: ConnectionRefusedError(10061, 'Unknown error'); first exception - AMQPConnectorSocketConnectError: ConnectionRefusedError(10061, 'Unknown error')
[12:23:15] ERROR [Notif] Connection workflow failed: AMQPConnectionWorkflowFailed: 2 exceptions in all; last exception - AMQPConnectorSocketConnectError: ConnectionRefusedError(10061, 'Unknown error'); first exception - AMQPConnectorSocketConnectError: ConnectionRefusedError(10061, 'Unknown error')
[12:23:15] ERROR [Notif] Error in _create_connection().
Traceback (most recent call last):
  File "C:\Users\Usuario iTC\OneDrive\Desktop\Proyecto-Distribuidos\Proyecto-Sistemas-Distribuidos-U1\.venv\Lib\site-packages\pika\adapters\blocking_connection.py", line 451, in _create_connection
    raise self._reap_last_connection_workflow_error(error)
pika.exceptions.AMQPConnectionError
[12:23:15] ERROR [Notif] RabbitMQ no disponible: . Reintentando en 5s...
[12:23:20] INFO [Notif] Conectando a RabbitMQ (localhost)...
[12:23:20] INFO [Notif] Pika version 1.3.2 connecting to ('::1', 5672, 0, 0)
[12:23:22] ERROR [Notif] Socket failed to connect: <socket.socket fd=856, family=23, type=1, proto=6, laddr=('::', 64127, 0, 0)>; error=10061 (Unknown error)
[12:23:22] ERROR [Notif] TCP Connection attempt failed: ConnectionRefusedError(10061, 'Unknown error'); dest=(<AddressFamily.AF_INET6: 23>, <SocketKind.SOCK_STREAM: 1>, 6, '', ('::1', 5672, 0, 0))
[12:23:22] ERROR [Notif] AMQPConnector - reporting failure: AMQPConnectorSocketConnectError: ConnectionRefusedError(10061, 'Unknown error')
[12:23:22] INFO [Notif] Pika version 1.3.2 connecting to ('127.0.0.1', 5672)
[12:23:25] ERROR [Notif] Socket failed to connect: <socket.socket fd=856, family=2, type=1, proto=6, laddr=('0.0.0.0', 64130)>; error=10061 (Unknown error)
[12:23:25] ERROR [Notif] TCP Connection attempt failed: ConnectionRefusedError(10061, 'Unknown error'); dest=(<AddressFamily.AF_INET: 2>, <SocketKind.SOCK_STREAM: 1>, 6, '', ('127.0.0.1', 5672))
[12:23:25] ERROR [Notif] AMQPConnector - reporting failure: AMQPConnectorSocketConnectError: ConnectionRefusedError(10061, 'Unknown error')
[12:23:25] ERROR [Notif] AMQP connection workflow failed: AMQPConnectionWorkflowFailed: 2 exceptions in all; last exception - AMQPConnectorSocketConnectError: ConnectionRefusedError(10061, 'Unknown error'); first exception - AMQPConnectorSocketConnectError: ConnectionRefusedError(10061, 'Unknown error').
[12:23:25] ERROR [Notif] AMQPConnectionWorkflow - reporting failure: AMQPConnectionWorkflowFailed: 2 exceptions in all; last exception - AMQPConnectorSocketConnectError: ConnectionRefusedError(10061, 'Unknown error'); first exception - AMQPConnectorSocketConnectError: ConnectionRefusedError(10061, 'Unknown error')
[12:23:25] ERROR [Notif] Connection workflow failed: AMQPConnectionWorkflowFailed: 2 exceptions in all; last exception - AMQPConnectorSocketConnectError: ConnectionRefusedError(10061, 'Unknown error'); first exception - AMQPConnectorSocketConnectError: ConnectionRefusedError(10061, 'Unknown error')
[12:23:25] ERROR [Notif] Error in _create_connection().
Traceback (most recent call last):
  File "C:\Users\Usuario iTC\OneDrive\Desktop\Proyecto-Distribuidos\Proyecto-Sistemas-Distribuidos-U1\.venv\Lib\site-packages\pika\adapters\blocking_connection.py", line 451, in _create_connection
    raise self._reap_last_connection_workflow_error(error)
pika.exceptions.AMQPConnectionError
[12:23:25] ERROR [Notif] RabbitMQ no disponible: . Reintentando en 5s...
[12:23:30] INFO [Notif] Conectando a RabbitMQ (localhost)...
[12:23:30] INFO [Notif] Pika version 1.3.2 connecting to ('::1', 5672, 0, 0)
[12:23:32] ERROR [Notif] Socket failed to connect: <socket.socket fd=692, family=23, type=1, proto=6, laddr=('::', 64151, 0, 0)>; error=10061 (Unknown error)
[12:23:32] ERROR [Notif] TCP Connection attempt failed: ConnectionRefusedError(10061, 'Unknown error'); dest=(<AddressFamily.AF_INET6: 23>, <SocketKind.SOCK_STREAM: 1>, 6, '', ('::1', 5672, 0, 0))
[12:23:32] ERROR [Notif] AMQPConnector - reporting failure: AMQPConnectorSocketConnectError: ConnectionRefusedError(10061, 'Unknown error')
[12:23:32] INFO [Notif] Pika version 1.3.2 connecting to ('127.0.0.1', 5672)
[12:23:34] ERROR [Notif] Socket failed to connect: <socket.socket fd=692, family=2, type=1, proto=6, laddr=('0.0.0.0', 64155)>; error=10061 (Unknown error)
[12:23:34] ERROR [Notif] TCP Connection attempt failed: ConnectionRefusedError(10061, 'Unknown error'); dest=(<AddressFamily.AF_INET: 2>, <SocketKind.SOCK_STREAM: 1>, 6, '', ('127.0.0.1', 5672))
[12:23:34] ERROR [Notif] AMQPConnector - reporting failure: AMQPConnectorSocketConnectError: ConnectionRefusedError(10061, 'Unknown error')
[12:23:34] ERROR [Notif] AMQP connection workflow failed: AMQPConnectionWorkflowFailed: 2 exceptions in all; last exception - AMQPConnectorSocketConnectError: ConnectionRefusedError(10061, 'Unknown error'); first exception - AMQPConnectorSocketConnectError: ConnectionRefusedError(10061, 'Unknown error').
[12:23:34] ERROR [Notif] AMQPConnectionWorkflow - reporting failure: AMQPConnectionWorkflowFailed: 2 exceptions in all; last exception - AMQPConnectorSocketConnectError: ConnectionRefusedError(10061, 'Unknown error'); first exception - AMQPConnectorSocketConnectError: ConnectionRefusedError(10061, 'Unknown error')
[12:23:34] ERROR [Notif] Connection workflow failed: AMQPConnectionWorkflowFailed: 2 exceptions in all; last exception - AMQPConnectorSocketConnectError: ConnectionRefusedError(10061, 'Unknown error'); first exception - AMQPConnectorSocketConnectError: ConnectionRefusedError(10061, 'Unknown error')
[12:23:34] ERROR [Notif] Error in _create_connection().
Traceback (most recent call last):
  File "C:\Users\Usuario iTC\OneDrive\Desktop\Proyecto-Distribuidos\Proyecto-Sistemas-Distribuidos-U1\.venv\Lib\site-packages\pika\adapters\blocking_connection.py", line 451, in _create_connection
    raise self._reap_last_connection_workflow_error(error)
pika.exceptions.AMQPConnectionError
[12:23:34] ERROR [Notif] RabbitMQ no disponible: . Reintentando en 5s...
[12:23:39] INFO [Notif] Conectando a RabbitMQ (localhost)...
[12:23:39] INFO [Notif] Pika version 1.3.2 connecting to ('::1', 5672, 0, 0)
[12:23:41] ERROR [Notif] Socket failed to connect: <socket.socket fd=808, family=23, type=1, proto=6, laddr=('::', 64173, 0, 0)>; error=10061 (Unknown error)
[12:23:41] ERROR [Notif] TCP Connection attempt failed: ConnectionRefusedError(10061, 'Unknown error'); dest=(<AddressFamily.AF_INET6: 23>, <SocketKind.SOCK_STREAM: 1>, 6, '', ('::1', 5672, 0, 0))
[12:23:41] ERROR [Notif] AMQPConnector - reporting failure: AMQPConnectorSocketConnectError: ConnectionRefusedError(10061, 'Unknown error')
[12:23:41] INFO [Notif] Pika version 1.3.2 connecting to ('127.0.0.1', 5672)
[12:23:43] ERROR [Notif] Socket failed to connect: <socket.socket fd=808, family=2, type=1, proto=6, laddr=('0.0.0.0', 64177)>; error=10061 (Unknown error)
[12:23:43] ERROR [Notif] TCP Connection attempt failed: ConnectionRefusedError(10061, 'Unknown error'); dest=(<AddressFamily.AF_INET: 2>, <SocketKind.SOCK_STREAM: 1>, 6, '', ('127.0.0.1', 5672))
[12:23:43] ERROR [Notif] AMQPConnector - reporting failure: AMQPConnectorSocketConnectError: ConnectionRefusedError(10061, 'Unknown error')
[12:23:43] ERROR [Notif] AMQP connection workflow failed: AMQPConnectionWorkflowFailed: 2 exceptions in all; last exception - AMQPConnectorSocketConnectError: ConnectionRefusedError(10061, 'Unknown error'); first exception - AMQPConnectorSocketConnectError: ConnectionRefusedError(10061, 'Unknown error').
[12:23:43] ERROR [Notif] AMQPConnectionWorkflow - reporting failure: AMQPConnectionWorkflowFailed: 2 exceptions in all; last exception - AMQPConnectorSocketConnectError: ConnectionRefusedError(10061, 'Unknown error'); first exception - AMQPConnectorSocketConnectError: ConnectionRefusedError(10061, 'Unknown error')
[12:23:43] ERROR [Notif] Connection workflow failed: AMQPConnectionWorkflowFailed: 2 exceptions in all; last exception - AMQPConnectorSocketConnectError: ConnectionRefusedError(10061, 'Unknown error'); first exception - AMQPConnectorSocketConnectError: ConnectionRefusedError(10061, 'Unknown error')
[12:23:43] ERROR [Notif] Error in _create_connection().
Traceback (most recent call last):
  File "C:\Users\Usuario iTC\OneDrive\Desktop\Proyecto-Distribuidos\Proyecto-Sistemas-Distribuidos-U1\.venv\Lib\site-packages\pika\adapters\blocking_connection.py", line 451, in _create_connection
    raise self._reap_last_connection_workflow_error(error)
pika.exceptions.AMQPConnectionError
[12:23:43] ERROR [Notif] RabbitMQ no disponible: . Reintentando en 5s...
[12:23:48] INFO [Notif] Conectando a RabbitMQ (localhost)...
[12:23:48] INFO [Notif] Pika version 1.3.2 connecting to ('::1', 5672, 0, 0)
[12:23:50] ERROR [Notif] Socket failed to connect: <socket.socket fd=984, family=23, type=1, proto=6, laddr=('::', 64194, 0, 0)>; error=10061 (Unknown error)
[12:23:50] ERROR [Notif] TCP Connection attempt failed: ConnectionRefusedError(10061, 'Unknown error'); dest=(<AddressFamily.AF_INET6: 23>, <SocketKind.SOCK_STREAM: 1>, 6, '', ('::1', 5672, 0, 0))
[12:23:50] ERROR [Notif] AMQPConnector - reporting failure: AMQPConnectorSocketConnectError: ConnectionRefusedError(10061, 'Unknown error')
[12:23:50] INFO [Notif] Pika version 1.3.2 connecting to ('127.0.0.1', 5672)
[12:23:52] ERROR [Notif] Socket failed to connect: <socket.socket fd=984, family=2, type=1, proto=6, laddr=('0.0.0.0', 64197)>; error=10061 (Unknown error)
[12:23:52] ERROR [Notif] TCP Connection attempt failed: ConnectionRefusedError(10061, 'Unknown error'); dest=(<AddressFamily.AF_INET: 2>, <SocketKind.SOCK_STREAM: 1>, 6, '', ('127.0.0.1', 5672))
[12:23:52] ERROR [Notif] AMQPConnector - reporting failure: AMQPConnectorSocketConnectError: ConnectionRefusedError(10061, 'Unknown error')
[12:23:52] ERROR [Notif] AMQP connection workflow failed: AMQPConnectionWorkflowFailed: 2 exceptions in all; last exception - AMQPConnectorSocketConnectError: ConnectionRefusedError(10061, 'Unknown error'); first exception - AMQPConnectorSocketConnectError: ConnectionRefusedError(10061, 'Unknown error').
[12:23:52] ERROR [Notif] AMQPConnectionWorkflow - reporting failure: AMQPConnectionWorkflowFailed: 2 exceptions in all; last exception - AMQPConnectorSocketConnectError: ConnectionRefusedError(10061, 'Unknown error'); first exception - AMQPConnectorSocketConnectError: ConnectionRefusedError(10061, 'Unknown error')
[12:23:52] ERROR [Notif] Connection workflow failed: AMQPConnectionWorkflowFailed: 2 exceptions in all; last exception - AMQPConnectorSocketConnectError: ConnectionRefusedError(10061, 'Unknown error'); first exception - AMQPConnectorSocketConnectError: ConnectionRefusedError(10061, 'Unknown error')
[12:23:52] ERROR [Notif] Error in _create_connection().
Traceback (most recent call last):
  File "C:\Users\Usuario iTC\OneDrive\Desktop\Proyecto-Distribuidos\Proyecto-Sistemas-Distribuidos-U1\.venv\Lib\site-packages\pika\adapters\blocking_connection.py", line 451, in _create_connection
    raise self._reap_last_connection_workflow_error(error)
pika.exceptions.AMQPConnectionError
[12:23:52] ERROR [Notif] RabbitMQ no disponible: . Reintentando en 5s...
[12:23:57] INFO [Notif] Conectando a RabbitMQ (localhost)...
[12:23:57] INFO [Notif] Pika version 1.3.2 connecting to ('::1', 5672, 0, 0)
[12:23:59] ERROR [Notif] Socket failed to connect: <socket.socket fd=716, family=23, type=1, proto=6, laddr=('::', 53686, 0, 0)>; error=10061 (Unknown error)
[12:23:59] ERROR [Notif] TCP Connection attempt failed: ConnectionRefusedError(10061, 'Unknown error'); dest=(<AddressFamily.AF_INET6: 23>, <SocketKind.SOCK_STREAM: 1>, 6, '', ('::1', 5672, 0, 0))
[12:23:59] ERROR [Notif] AMQPConnector - reporting failure: AMQPConnectorSocketConnectError: ConnectionRefusedError(10061, 'Unknown error')
[12:23:59] INFO [Notif] Pika version 1.3.2 connecting to ('127.0.0.1', 5672)
[12:24:01] ERROR [Notif] Socket failed to connect: <socket.socket fd=716, family=2, type=1, proto=6, laddr=('0.0.0.0', 53688)>; error=10061 (Unknown error)
[12:24:01] ERROR [Notif] TCP Connection attempt failed: ConnectionRefusedError(10061, 'Unknown error'); dest=(<AddressFamily.AF_INET: 2>, <SocketKind.SOCK_STREAM: 1>, 6, '', ('127.0.0.1', 5672))
[12:24:01] ERROR [Notif] AMQPConnector - reporting failure: AMQPConnectorSocketConnectError: ConnectionRefusedError(10061, 'Unknown error')
[12:24:01] ERROR [Notif] AMQP connection workflow failed: AMQPConnectionWorkflowFailed: 2 exceptions in all; last exception - AMQPConnectorSocketConnectError: ConnectionRefusedError(10061, 'Unknown error'); first exception - AMQPConnectorSocketConnectError: ConnectionRefusedError(10061, 'Unknown error').
[12:24:01] ERROR [Notif] AMQPConnectionWorkflow - reporting failure: AMQPConnectionWorkflowFailed: 2 exceptions in all; last exception - AMQPConnectorSocketConnectError: ConnectionRefusedError(10061, 'Unknown error'); first exception - AMQPConnectorSocketConnectError: ConnectionRefusedError(10061, 'Unknown error')
[12:24:01] ERROR [Notif] Connection workflow failed: AMQPConnectionWorkflowFailed: 2 exceptions in all; last exception - AMQPConnectorSocketConnectError: ConnectionRefusedError(10061, 'Unknown error'); first exception - AMQPConnectorSocketConnectError: ConnectionRefusedError(10061, 'Unknown error')
[12:24:01] ERROR [Notif] Error in _create_connection().
Traceback (most recent call last):
  File "C:\Users\Usuario iTC\OneDrive\Desktop\Proyecto-Distribuidos\Proyecto-Sistemas-Distribuidos-U1\.venv\Lib\site-packages\pika\adapters\blocking_connection.py", line 451, in _create_connection
    raise self._reap_last_connection_workflow_error(error)
pika.exceptions.AMQPConnectionError
[12:24:01] ERROR [Notif] RabbitMQ no disponible: . Reintentando en 5s...
[12:24:06] INFO [Notif] Conectando a RabbitMQ (localhost)...
[12:24:06] INFO [Notif] Pika version 1.3.2 connecting to ('::1', 5672, 0, 0)
[12:24:08] ERROR [Notif] Socket failed to connect: <socket.socket fd=684, family=23, type=1, proto=6, laddr=('::', 53708, 0, 0)>; error=10061 (Unknown error)
[12:24:08] ERROR [Notif] TCP Connection attempt failed: ConnectionRefusedError(10061, 'Unknown error'); dest=(<AddressFamily.AF_INET6: 23>, <SocketKind.SOCK_STREAM: 1>, 6, '', ('::1', 5672, 0, 0))
[12:24:08] ERROR [Notif] AMQPConnector - reporting failure: AMQPConnectorSocketConnectError: ConnectionRefusedError(10061, 'Unknown error')
[12:24:08] INFO [Notif] Pika version 1.3.2 connecting to ('127.0.0.1', 5672)
[12:24:10] ERROR [Notif] Socket failed to connect: <socket.socket fd=684, family=2, type=1, proto=6, laddr=('0.0.0.0', 53711)>; error=10061 (Unknown error)
[12:24:10] ERROR [Notif] TCP Connection attempt failed: ConnectionRefusedError(10061, 'Unknown error'); dest=(<AddressFamily.AF_INET: 2>, <SocketKind.SOCK_STREAM: 1>, 6, '', ('127.0.0.1', 5672))
[12:24:10] ERROR [Notif] AMQPConnector - reporting failure: AMQPConnectorSocketConnectError: ConnectionRefusedError(10061, 'Unknown error')
[12:24:10] ERROR [Notif] AMQP connection workflow failed: AMQPConnectionWorkflowFailed: 2 exceptions in all; last exception - AMQPConnectorSocketConnectError: ConnectionRefusedError(10061, 'Unknown error'); first exception - AMQPConnectorSocketConnectError: ConnectionRefusedError(10061, 'Unknown error').
[12:24:10] ERROR [Notif] AMQPConnectionWorkflow - reporting failure: AMQPConnectionWorkflowFailed: 2 exceptions in all; last exception - AMQPConnectorSocketConnectError: ConnectionRefusedError(10061, 'Unknown error'); first exception - AMQPConnectorSocketConnectError: ConnectionRefusedError(10061, 'Unknown error')
[12:24:10] ERROR [Notif] Connection workflow failed: AMQPConnectionWorkflowFailed: 2 exceptions in all; last exception - AMQPConnectorSocketConnectError: ConnectionRefusedError(10061, 'Unknown error'); first exception - AMQPConnectorSocketConnectError: ConnectionRefusedError(10061, 'Unknown error')
[12:24:10] ERROR [Notif] Error in _create_connection().
Traceback (most recent call last):
  File "C:\Users\Usuario iTC\OneDrive\Desktop\Proyecto-Distribuidos\Proyecto-Sistemas-Distribuidos-U1\.venv\Lib\site-packages\pika\adapters\blocking_connection.py", line 451, in _create_connection
    raise self._reap_last_connection_workflow_error(error)
pika.exceptions.AMQPConnectionError
[12:24:10] ERROR [Notif] RabbitMQ no disponible: . Reintentando en 5s...
[12:24:15] INFO [Notif] Conectando a RabbitMQ (localhost)...
[12:24:15] INFO [Notif] Pika version 1.3.2 connecting to ('::1', 5672, 0, 0)
[12:24:17] ERROR [Notif] Socket failed to connect: <socket.socket fd=684, family=23, type=1, proto=6, laddr=('::', 53729, 0, 0)>; error=10061 (Unknown error)
[12:24:17] ERROR [Notif] TCP Connection attempt failed: ConnectionRefusedError(10061, 'Unknown error'); dest=(<AddressFamily.AF_INET6: 23>, <SocketKind.SOCK_STREAM: 1>, 6, '', ('::1', 5672, 0, 0))
[12:24:17] ERROR [Notif] AMQPConnector - reporting failure: AMQPConnectorSocketConnectError: ConnectionRefusedError(10061, 'Unknown error')
[12:24:17] INFO [Notif] Pika version 1.3.2 connecting to ('127.0.0.1', 5672)
[12:24:19] ERROR [Notif] Socket failed to connect: <socket.socket fd=684, family=2, type=1, proto=6, laddr=('0.0.0.0', 57164)>; error=10061 (Unknown error)
[12:24:19] ERROR [Notif] TCP Connection attempt failed: ConnectionRefusedError(10061, 'Unknown error'); dest=(<AddressFamily.AF_INET: 2>, <SocketKind.SOCK_STREAM: 1>, 6, '', ('127.0.0.1', 5672))
[12:24:19] ERROR [Notif] AMQPConnector - reporting failure: AMQPConnectorSocketConnectError: ConnectionRefusedError(10061, 'Unknown error')
[12:24:19] ERROR [Notif] AMQP connection workflow failed: AMQPConnectionWorkflowFailed: 2 exceptions in all; last exception - AMQPConnectorSocketConnectError: ConnectionRefusedError(10061, 'Unknown error'); first exception - AMQPConnectorSocketConnectError: ConnectionRefusedError(10061, 'Unknown error').
[12:24:19] ERROR [Notif] AMQPConnectionWorkflow - reporting failure: AMQPConnectionWorkflowFailed: 2 exceptions in all; last exception - AMQPConnectorSocketConnectError: ConnectionRefusedError(10061, 'Unknown error'); first exception - AMQPConnectorSocketConnectError: ConnectionRefusedError(10061, 'Unknown error')
[12:24:19] ERROR [Notif] Connection workflow failed: AMQPConnectionWorkflowFailed: 2 exceptions in all; last exception - AMQPConnectorSocketConnectError: ConnectionRefusedError(10061, 'Unknown error'); first exception - AMQPConnectorSocketConnectError: ConnectionRefusedError(10061, 'Unknown error')
[12:24:19] ERROR [Notif] Error in _create_connection().
Traceback (most recent call last):
  File "C:\Users\Usuario iTC\OneDrive\Desktop\Proyecto-Distribuidos\Proyecto-Sistemas-Distribuidos-U1\.venv\Lib\site-packages\pika\adapters\blocking_connection.py", line 451, in _create_connection
    raise self._reap_last_connection_workflow_error(error)
pika.exceptions.AMQPConnectionError
[12:24:19] ERROR [Notif] RabbitMQ no disponible: . Reintentando en 5s...
[12:24:24] INFO [Notif] Conectando a RabbitMQ (localhost)...
[12:24:24] INFO [Notif] Pika version 1.3.2 connecting to ('::1', 5672, 0, 0)
[12:24:26] ERROR [Notif] Socket failed to connect: <socket.socket fd=952, family=23, type=1, proto=6, laddr=('::', 57181, 0, 0)>; error=10061 (Unknown error)
[12:24:26] ERROR [Notif] TCP Connection attempt failed: ConnectionRefusedError(10061, 'Unknown error'); dest=(<AddressFamily.AF_INET6: 23>, <SocketKind.SOCK_STREAM: 1>, 6, '', ('::1', 5672, 0, 0))
[12:24:26] ERROR [Notif] AMQPConnector - reporting failure: AMQPConnectorSocketConnectError: ConnectionRefusedError(10061, 'Unknown error')
[12:24:26] INFO [Notif] Pika version 1.3.2 connecting to ('127.0.0.1', 5672)
[12:24:28] ERROR [Notif] Socket failed to connect: <socket.socket fd=952, family=2, type=1, proto=6, laddr=('0.0.0.0', 57186)>; error=10061 (Unknown error)
[12:24:28] ERROR [Notif] TCP Connection attempt failed: ConnectionRefusedError(10061, 'Unknown error'); dest=(<AddressFamily.AF_INET: 2>, <SocketKind.SOCK_STREAM: 1>, 6, '', ('127.0.0.1', 5672))
[12:24:28] ERROR [Notif] AMQPConnector - reporting failure: AMQPConnectorSocketConnectError: ConnectionRefusedError(10061, 'Unknown error')
[12:24:28] ERROR [Notif] AMQP connection workflow failed: AMQPConnectionWorkflowFailed: 2 exceptions in all; last exception - AMQPConnectorSocketConnectError: ConnectionRefusedError(10061, 'Unknown error'); first exception - AMQPConnectorSocketConnectError: ConnectionRefusedError(10061, 'Unknown error').
[12:24:28] ERROR [Notif] AMQPConnectionWorkflow - reporting failure: AMQPConnectionWorkflowFailed: 2 exceptions in all; last exception - AMQPConnectorSocketConnectError: ConnectionRefusedError(10061, 'Unknown error'); first exception - AMQPConnectorSocketConnectError: ConnectionRefusedError(10061, 'Unknown error')
[12:24:28] ERROR [Notif] Connection workflow failed: AMQPConnectionWorkflowFailed: 2 exceptions in all; last exception - AMQPConnectorSocketConnectError: ConnectionRefusedError(10061, 'Unknown error'); first exception - AMQPConnectorSocketConnectError: ConnectionRefusedError(10061, 'Unknown error')
[12:24:28] ERROR [Notif] Error in _create_connection().
Traceback (most recent call last):
  File "C:\Users\Usuario iTC\OneDrive\Desktop\Proyecto-Distribuidos\Proyecto-Sistemas-Distribuidos-U1\.venv\Lib\site-packages\pika\adapters\blocking_connection.py", line 451, in _create_connection
    raise self._reap_last_connection_workflow_error(error)
pika.exceptions.AMQPConnectionError
[12:24:28] ERROR [Notif] RabbitMQ no disponible: . Reintentando en 5s...
[12:24:33] INFO [Notif] Conectando a RabbitMQ (localhost)...
[12:24:33] INFO [Notif] Pika version 1.3.2 connecting to ('::1', 5672, 0, 0)
[12:24:35] ERROR [Notif] Socket failed to connect: <socket.socket fd=716, family=23, type=1, proto=6, laddr=('::', 52038, 0, 0)>; error=10061 (Unknown error)
[12:24:35] ERROR [Notif] TCP Connection attempt failed: ConnectionRefusedError(10061, 'Unknown error'); dest=(<AddressFamily.AF_INET6: 23>, <SocketKind.SOCK_STREAM: 1>, 6, '', ('::1', 5672, 0, 0))
[12:24:35] ERROR [Notif] AMQPConnector - reporting failure: AMQPConnectorSocketConnectError: ConnectionRefusedError(10061, 'Unknown error')
[12:24:35] INFO [Notif] Pika version 1.3.2 connecting to ('127.0.0.1', 5672)
[12:24:37] ERROR [Notif] Socket failed to connect: <socket.socket fd=716, family=2, type=1, proto=6, laddr=('0.0.0.0', 52041)>; error=10061 (Unknown error)
[12:24:37] ERROR [Notif] TCP Connection attempt failed: ConnectionRefusedError(10061, 'Unknown error'); dest=(<AddressFamily.AF_INET: 2>, <SocketKind.SOCK_STREAM: 1>, 6, '', ('127.0.0.1', 5672))
[12:24:37] ERROR [Notif] AMQPConnector - reporting failure: AMQPConnectorSocketConnectError: ConnectionRefusedError(10061, 'Unknown error')
[12:24:37] ERROR [Notif] AMQP connection workflow failed: AMQPConnectionWorkflowFailed: 2 exceptions in all; last exception - AMQPConnectorSocketConnectError: ConnectionRefusedError(10061, 'Unknown error'); first exception - AMQPConnectorSocketConnectError: ConnectionRefusedError(10061, 'Unknown error').
[12:24:37] ERROR [Notif] AMQPConnectionWorkflow - reporting failure: AMQPConnectionWorkflowFailed: 2 exceptions in all; last exception - AMQPConnectorSocketConnectError: ConnectionRefusedError(10061, 'Unknown error'); first exception - AMQPConnectorSocketConnectError: ConnectionRefusedError(10061, 'Unknown error')
[12:24:37] ERROR [Notif] Connection workflow failed: AMQPConnectionWorkflowFailed: 2 exceptions in all; last exception - AMQPConnectorSocketConnectError: ConnectionRefusedError(10061, 'Unknown error'); first exception - AMQPConnectorSocketConnectError: ConnectionRefusedError(10061, 'Unknown error')
[12:24:37] ERROR [Notif] Error in _create_connection().
Traceback (most recent call last):
  File "C:\Users\Usuario iTC\OneDrive\Desktop\Proyecto-Distribuidos\Proyecto-Sistemas-Distribuidos-U1\.venv\Lib\site-packages\pika\adapters\blocking_connection.py", line 451, in _create_connection
    raise self._reap_last_connection_workflow_error(error)
pika.exceptions.AMQPConnectionError
[12:24:37] ERROR [Notif] RabbitMQ no disponible: . Reintentando en 5s...
[12:24:42] INFO [Notif] Conectando a RabbitMQ (localhost)...
[12:24:42] INFO [Notif] Pika version 1.3.2 connecting to ('::1', 5672, 0, 0)
[12:24:44] ERROR [Notif] Socket failed to connect: <socket.socket fd=748, family=23, type=1, proto=6, laddr=('::', 52060, 0, 0)>; error=10061 (Unknown error)
[12:24:44] ERROR [Notif] TCP Connection attempt failed: ConnectionRefusedError(10061, 'Unknown error'); dest=(<AddressFamily.AF_INET6: 23>, <SocketKind.SOCK_STREAM: 1>, 6, '', ('::1', 5672, 0, 0))
[12:24:44] ERROR [Notif] AMQPConnector - reporting failure: AMQPConnectorSocketConnectError: ConnectionRefusedError(10061, 'Unknown error')
[12:24:44] INFO [Notif] Pika version 1.3.2 connecting to ('127.0.0.1', 5672)
[12:24:46] ERROR [Notif] Socket failed to connect: <socket.socket fd=748, family=2, type=1, proto=6, laddr=('0.0.0.0', 52062)>; error=10061 (Unknown error)
[12:24:46] ERROR [Notif] TCP Connection attempt failed: ConnectionRefusedError(10061, 'Unknown error'); dest=(<AddressFamily.AF_INET: 2>, <SocketKind.SOCK_STREAM: 1>, 6, '', ('127.0.0.1', 5672))
[12:24:46] ERROR [Notif] AMQPConnector - reporting failure: AMQPConnectorSocketConnectError: ConnectionRefusedError(10061, 'Unknown error')
[12:24:46] ERROR [Notif] AMQP connection workflow failed: AMQPConnectionWorkflowFailed: 2 exceptions in all; last exception - AMQPConnectorSocketConnectError: ConnectionRefusedError(10061, 'Unknown error'); first exception - AMQPConnectorSocketConnectError: ConnectionRefusedError(10061, 'Unknown error').
[12:24:46] ERROR [Notif] AMQPConnectionWorkflow - reporting failure: AMQPConnectionWorkflowFailed: 2 exceptions in all; last exception - AMQPConnectorSocketConnectError: ConnectionRefusedError(10061, 'Unknown error'); first exception - AMQPConnectorSocketConnectError: ConnectionRefusedError(10061, 'Unknown error')
[12:24:46] ERROR [Notif] Connection workflow failed: AMQPConnectionWorkflowFailed: 2 exceptions in all; last exception - AMQPConnectorSocketConnectError: ConnectionRefusedError(10061, 'Unknown error'); first exception - AMQPConnectorSocketConnectError: ConnectionRefusedError(10061, 'Unknown error')
[12:24:46] ERROR [Notif] Error in _create_connection().
Traceback (most recent call last):
  File "C:\Users\Usuario iTC\OneDrive\Desktop\Proyecto-Distribuidos\Proyecto-Sistemas-Distribuidos-U1\.venv\Lib\site-packages\pika\adapters\blocking_connection.py", line 451, in _create_connection
    raise self._reap_last_connection_workflow_error(error)
pika.exceptions.AMQPConnectionError
[12:24:46] ERROR [Notif] RabbitMQ no disponible: . Reintentando en 5s...
[12:24:51] INFO [Notif] Conectando a RabbitMQ (localhost)...
[12:24:51] INFO [Notif] Pika version 1.3.2 connecting to ('::1', 5672, 0, 0)
[12:24:53] ERROR [Notif] Socket failed to connect: <socket.socket fd=556, family=23, type=1, proto=6, laddr=('::', 52083, 0, 0)>; error=10061 (Unknown error)
[12:24:53] ERROR [Notif] TCP Connection attempt failed: ConnectionRefusedError(10061, 'Unknown error'); dest=(<AddressFamily.AF_INET6: 23>, <SocketKind.SOCK_STREAM: 1>, 6, '', ('::1', 5672, 0, 0))
[12:24:53] ERROR [Notif] AMQPConnector - reporting failure: AMQPConnectorSocketConnectError: ConnectionRefusedError(10061, 'Unknown error')
[12:24:53] INFO [Notif] Pika version 1.3.2 connecting to ('127.0.0.1', 5672)
[12:24:55] ERROR [Notif] Socket failed to connect: <socket.socket fd=556, family=2, type=1, proto=6, laddr=('0.0.0.0', 61693)>; error=10061 (Unknown error)
[12:24:55] ERROR [Notif] TCP Connection attempt failed: ConnectionRefusedError(10061, 'Unknown error'); dest=(<AddressFamily.AF_INET: 2>, <SocketKind.SOCK_STREAM: 1>, 6, '', ('127.0.0.1', 5672))
[12:24:55] ERROR [Notif] AMQPConnector - reporting failure: AMQPConnectorSocketConnectError: ConnectionRefusedError(10061, 'Unknown error')
[12:24:55] ERROR [Notif] AMQP connection workflow failed: AMQPConnectionWorkflowFailed: 2 exceptions in all; last exception - AMQPConnectorSocketConnectError: ConnectionRefusedError(10061, 'Unknown error'); first exception - AMQPConnectorSocketConnectError: ConnectionRefusedError(10061, 'Unknown error').
[12:24:55] ERROR [Notif] AMQPConnectionWorkflow - reporting failure: AMQPConnectionWorkflowFailed: 2 exceptions in all; last exception - AMQPConnectorSocketConnectError: ConnectionRefusedError(10061, 'Unknown error'); first exception - AMQPConnectorSocketConnectError: ConnectionRefusedError(10061, 'Unknown error')
[12:24:55] ERROR [Notif] Connection workflow failed: AMQPConnectionWorkflowFailed: 2 exceptions in all; last exception - AMQPConnectorSocketConnectError: ConnectionRefusedError(10061, 'Unknown error'); first exception - AMQPConnectorSocketConnectError: ConnectionRefusedError(10061, 'Unknown error')
[12:24:55] ERROR [Notif] Error in _create_connection().
Traceback (most recent call last):
  File "C:\Users\Usuario iTC\OneDrive\Desktop\Proyecto-Distribuidos\Proyecto-Sistemas-Distribuidos-U1\.venv\Lib\site-packages\pika\adapters\blocking_connection.py", line 451, in _create_connection
    raise self._reap_last_connection_workflow_error(error)
pika.exceptions.AMQPConnectionError
[12:24:55] ERROR [Notif] RabbitMQ no disponible: . Reintentando en 5s...
[12:25:00] INFO [Notif] Conectando a RabbitMQ (localhost)...
[12:25:00] INFO [Notif] Pika version 1.3.2 connecting to ('::1', 5672, 0, 0)
[12:25:02] ERROR [Notif] Socket failed to connect: <socket.socket fd=556, family=23, type=1, proto=6, laddr=('::', 58822, 0, 0)>; error=10061 (Unknown error)
[12:25:02] ERROR [Notif] TCP Connection attempt failed: ConnectionRefusedError(10061, 'Unknown error'); dest=(<AddressFamily.AF_INET6: 23>, <SocketKind.SOCK_STREAM: 1>, 6, '', ('::1', 5672, 0, 0))
[12:25:02] ERROR [Notif] AMQPConnector - reporting failure: AMQPConnectorSocketConnectError: ConnectionRefusedError(10061, 'Unknown error')
[12:25:02] INFO [Notif] Pika version 1.3.2 connecting to ('127.0.0.1', 5672)
[12:25:04] ERROR [Notif] Socket failed to connect: <socket.socket fd=556, family=2, type=1, proto=6, laddr=('0.0.0.0', 58826)>; error=10061 (Unknown error)
[12:25:04] ERROR [Notif] TCP Connection attempt failed: ConnectionRefusedError(10061, 'Unknown error'); dest=(<AddressFamily.AF_INET: 2>, <SocketKind.SOCK_STREAM: 1>, 6, '', ('127.0.0.1', 5672))
[12:25:04] ERROR [Notif] AMQPConnector - reporting failure: AMQPConnectorSocketConnectError: ConnectionRefusedError(10061, 'Unknown error')
[12:25:04] ERROR [Notif] AMQP connection workflow failed: AMQPConnectionWorkflowFailed: 2 exceptions in all; last exception - AMQPConnectorSocketConnectError: ConnectionRefusedError(10061, 'Unknown error'); first exception - AMQPConnectorSocketConnectError: ConnectionRefusedError(10061, 'Unknown error').
[12:25:04] ERROR [Notif] AMQPConnectionWorkflow - reporting failure: AMQPConnectionWorkflowFailed: 2 exceptions in all; last exception - AMQPConnectorSocketConnectError: ConnectionRefusedError(10061, 'Unknown error'); first exception - AMQPConnectorSocketConnectError: ConnectionRefusedError(10061, 'Unknown error')
[12:25:04] ERROR [Notif] Connection workflow failed: AMQPConnectionWorkflowFailed: 2 exceptions in all; last exception - AMQPConnectorSocketConnectError: ConnectionRefusedError(10061, 'Unknown error'); first exception - AMQPConnectorSocketConnectError: ConnectionRefusedError(10061, 'Unknown error')
[12:25:04] ERROR [Notif] Error in _create_connection().
Traceback (most recent call last):
  File "C:\Users\Usuario iTC\OneDrive\Desktop\Proyecto-Distribuidos\Proyecto-Sistemas-Distribuidos-U1\.venv\Lib\site-packages\pika\adapters\blocking_connection.py", line 451, in _create_connection
    raise self._reap_last_connection_workflow_error(error)
pika.exceptions.AMQPConnectionError
[12:25:04] ERROR [Notif] RabbitMQ no disponible: . Reintentando en 5s...
[12:25:09] INFO [Notif] Conectando a RabbitMQ (localhost)...
[12:25:09] INFO [Notif] Pika version 1.3.2 connecting to ('::1', 5672, 0, 0)
[12:25:11] ERROR [Notif] Socket failed to connect: <socket.socket fd=600, family=23, type=1, proto=6, laddr=('::', 58847, 0, 0)>; error=10061 (Unknown error)
[12:25:11] ERROR [Notif] TCP Connection attempt failed: ConnectionRefusedError(10061, 'Unknown error'); dest=(<AddressFamily.AF_INET6: 23>, <SocketKind.SOCK_STREAM: 1>, 6, '', ('::1', 5672, 0, 0))
[12:25:11] ERROR [Notif] AMQPConnector - reporting failure: AMQPConnectorSocketConnectError: ConnectionRefusedError(10061, 'Unknown error')
[12:25:11] INFO [Notif] Pika version 1.3.2 connecting to ('127.0.0.1', 5672)
[12:25:13] ERROR [Notif] Socket failed to connect: <socket.socket fd=600, family=2, type=1, proto=6, laddr=('0.0.0.0', 58851)>; error=10061 (Unknown error)
[12:25:13] ERROR [Notif] TCP Connection attempt failed: ConnectionRefusedError(10061, 'Unknown error'); dest=(<AddressFamily.AF_INET: 2>, <SocketKind.SOCK_STREAM: 1>, 6, '', ('127.0.0.1', 5672))
[12:25:13] ERROR [Notif] AMQPConnector - reporting failure: AMQPConnectorSocketConnectError: ConnectionRefusedError(10061, 'Unknown error')
[12:25:13] ERROR [Notif] AMQP connection workflow failed: AMQPConnectionWorkflowFailed: 2 exceptions in all; last exception - AMQPConnectorSocketConnectError: ConnectionRefusedError(10061, 'Unknown error'); first exception - AMQPConnectorSocketConnectError: ConnectionRefusedError(10061, 'Unknown error').
[12:25:13] ERROR [Notif] AMQPConnectionWorkflow - reporting failure: AMQPConnectionWorkflowFailed: 2 exceptions in all; last exception - AMQPConnectorSocketConnectError: ConnectionRefusedError(10061, 'Unknown error'); first exception - AMQPConnectorSocketConnectError: ConnectionRefusedError(10061, 'Unknown error')
[12:25:13] ERROR [Notif] Connection workflow failed: AMQPConnectionWorkflowFailed: 2 exceptions in all; last exception - AMQPConnectorSocketConnectError: ConnectionRefusedError(10061, 'Unknown error'); first exception - AMQPConnectorSocketConnectError: ConnectionRefusedError(10061, 'Unknown error')
[12:25:13] ERROR [Notif] Error in _create_connection().
Traceback (most recent call last):
  File "C:\Users\Usuario iTC\OneDrive\Desktop\Proyecto-Distribuidos\Proyecto-Sistemas-Distribuidos-U1\.venv\Lib\site-packages\pika\adapters\blocking_connection.py", line 451, in _create_connection
    raise self._reap_last_connection_workflow_error(error)
pika.exceptions.AMQPConnectionError
[12:25:13] ERROR [Notif] RabbitMQ no disponible: . Reintentando en 5s...
[12:25:18] INFO [Notif] Conectando a RabbitMQ (localhost)...
[12:25:18] INFO [Notif] Pika version 1.3.2 connecting to ('::1', 5672, 0, 0)
[12:25:20] ERROR [Notif] Socket failed to connect: <socket.socket fd=720, family=23, type=1, proto=6, laddr=('::', 58870, 0, 0)>; error=10061 (Unknown error)
[12:25:20] ERROR [Notif] TCP Connection attempt failed: ConnectionRefusedError(10061, 'Unknown error'); dest=(<AddressFamily.AF_INET6: 23>, <SocketKind.SOCK_STREAM: 1>, 6, '', ('::1', 5672, 0, 0))
[12:25:20] ERROR [Notif] AMQPConnector - reporting failure: AMQPConnectorSocketConnectError: ConnectionRefusedError(10061, 'Unknown error')
[12:25:20] INFO [Notif] Pika version 1.3.2 connecting to ('127.0.0.1', 5672)
[12:25:22] ERROR [Notif] Socket failed to connect: <socket.socket fd=720, family=2, type=1, proto=6, laddr=('0.0.0.0', 58874)>; error=10061 (Unknown error)
[12:25:22] ERROR [Notif] TCP Connection attempt failed: ConnectionRefusedError(10061, 'Unknown error'); dest=(<AddressFamily.AF_INET: 2>, <SocketKind.SOCK_STREAM: 1>, 6, '', ('127.0.0.1', 5672))
[12:25:22] ERROR [Notif] AMQPConnector - reporting failure: AMQPConnectorSocketConnectError: ConnectionRefusedError(10061, 'Unknown error')
[12:25:22] ERROR [Notif] AMQP connection workflow failed: AMQPConnectionWorkflowFailed: 2 exceptions in all; last exception - AMQPConnectorSocketConnectError: ConnectionRefusedError(10061, 'Unknown error'); first exception - AMQPConnectorSocketConnectError: ConnectionRefusedError(10061, 'Unknown error').
[12:25:22] ERROR [Notif] AMQPConnectionWorkflow - reporting failure: AMQPConnectionWorkflowFailed: 2 exceptions in all; last exception - AMQPConnectorSocketConnectError: ConnectionRefusedError(10061, 'Unknown error'); first exception - AMQPConnectorSocketConnectError: ConnectionRefusedError(10061, 'Unknown error')
[12:25:22] ERROR [Notif] Connection workflow failed: AMQPConnectionWorkflowFailed: 2 exceptions in all; last exception - AMQPConnectorSocketConnectError: ConnectionRefusedError(10061, 'Unknown error'); first exception - AMQPConnectorSocketConnectError: ConnectionRefusedError(10061, 'Unknown error')
[12:25:22] ERROR [Notif] Error in _create_connection().
Traceback (most recent call last):
  File "C:\Users\Usuario iTC\OneDrive\Desktop\Proyecto-Distribuidos\Proyecto-Sistemas-Distribuidos-U1\.venv\Lib\site-packages\pika\adapters\blocking_connection.py", line 451, in _create_connection
    raise self._reap_last_connection_workflow_error(error)
pika.exceptions.AMQPConnectionError
[12:25:22] ERROR [Notif] RabbitMQ no disponible: . Reintentando en 5s...
[12:25:27] INFO [Notif] Conectando a RabbitMQ (localhost)...
[12:25:27] INFO [Notif] Pika version 1.3.2 connecting to ('::1', 5672, 0, 0)
[12:25:30] ERROR [Notif] Socket failed to connect: <socket.socket fd=556, family=23, type=1, proto=6, laddr=('::', 54304, 0, 0)>; error=10061 (Unknown error)
[12:25:30] ERROR [Notif] TCP Connection attempt failed: ConnectionRefusedError(10061, 'Unknown error'); dest=(<AddressFamily.AF_INET6: 23>, <SocketKind.SOCK_STREAM: 1>, 6, '', ('::1', 5672, 0, 0))
[12:25:30] ERROR [Notif] AMQPConnector - reporting failure: AMQPConnectorSocketConnectError: ConnectionRefusedError(10061, 'Unknown error')
[12:25:30] INFO [Notif] Pika version 1.3.2 connecting to ('127.0.0.1', 5672)
[12:25:32] ERROR [Notif] Socket failed to connect: <socket.socket fd=556, family=2, type=1, proto=6, laddr=('0.0.0.0', 54306)>; error=10061 (Unknown error)
[12:25:32] ERROR [Notif] TCP Connection attempt failed: ConnectionRefusedError(10061, 'Unknown error'); dest=(<AddressFamily.AF_INET: 2>, <SocketKind.SOCK_STREAM: 1>, 6, '', ('127.0.0.1', 5672))
[12:25:32] ERROR [Notif] AMQPConnector - reporting failure: AMQPConnectorSocketConnectError: ConnectionRefusedError(10061, 'Unknown error')
[12:25:32] ERROR [Notif] AMQP connection workflow failed: AMQPConnectionWorkflowFailed: 2 exceptions in all; last exception - AMQPConnectorSocketConnectError: ConnectionRefusedError(10061, 'Unknown error'); first exception - AMQPConnectorSocketConnectError: ConnectionRefusedError(10061, 'Unknown error').
[12:25:32] ERROR [Notif] AMQPConnectionWorkflow - reporting failure: AMQPConnectionWorkflowFailed: 2 exceptions in all; last exception - AMQPConnectorSocketConnectError: ConnectionRefusedError(10061, 'Unknown error'); first exception - AMQPConnectorSocketConnectError: ConnectionRefusedError(10061, 'Unknown error')
[12:25:32] ERROR [Notif] Connection workflow failed: AMQPConnectionWorkflowFailed: 2 exceptions in all; last exception - AMQPConnectorSocketConnectError: ConnectionRefusedError(10061, 'Unknown error'); first exception - AMQPConnectorSocketConnectError: ConnectionRefusedError(10061, 'Unknown error')
[12:25:32] ERROR [Notif] Error in _create_connection().
Traceback (most recent call last):
  File "C:\Users\Usuario iTC\OneDrive\Desktop\Proyecto-Distribuidos\Proyecto-Sistemas-Distribuidos-U1\.venv\Lib\site-packages\pika\adapters\blocking_connection.py", line 451, in _create_connection
    raise self._reap_last_connection_workflow_error(error)
pika.exceptions.AMQPConnectionError
[12:25:32] ERROR [Notif] RabbitMQ no disponible: . Reintentando en 5s...
[12:25:37] INFO [Notif] Conectando a RabbitMQ (localhost)...
[12:25:37] INFO [Notif] Pika version 1.3.2 connecting to ('::1', 5672, 0, 0)
[12:25:39] ERROR [Notif] Socket failed to connect: <socket.socket fd=568, family=23, type=1, proto=6, laddr=('::', 54325, 0, 0)>; error=10061 (Unknown error)
[12:25:39] ERROR [Notif] TCP Connection attempt failed: ConnectionRefusedError(10061, 'Unknown error'); dest=(<AddressFamily.AF_INET6: 23>, <SocketKind.SOCK_STREAM: 1>, 6, '', ('::1', 5672, 0, 0))
[12:25:39] ERROR [Notif] AMQPConnector - reporting failure: AMQPConnectorSocketConnectError: ConnectionRefusedError(10061, 'Unknown error')
[12:25:39] INFO [Notif] Pika version 1.3.2 connecting to ('127.0.0.1', 5672)
[12:25:41] ERROR [Notif] Socket failed to connect: <socket.socket fd=568, family=2, type=1, proto=6, laddr=('0.0.0.0', 54329)>; error=10061 (Unknown error)
[12:25:41] ERROR [Notif] TCP Connection attempt failed: ConnectionRefusedError(10061, 'Unknown error'); dest=(<AddressFamily.AF_INET: 2>, <SocketKind.SOCK_STREAM: 1>, 6, '', ('127.0.0.1', 5672))
[12:25:41] ERROR [Notif] AMQPConnector - reporting failure: AMQPConnectorSocketConnectError: ConnectionRefusedError(10061, 'Unknown error')
[12:25:41] ERROR [Notif] AMQP connection workflow failed: AMQPConnectionWorkflowFailed: 2 exceptions in all; last exception - AMQPConnectorSocketConnectError: ConnectionRefusedError(10061, 'Unknown error'); first exception - AMQPConnectorSocketConnectError: ConnectionRefusedError(10061, 'Unknown error').
[12:25:41] ERROR [Notif] AMQPConnectionWorkflow - reporting failure: AMQPConnectionWorkflowFailed: 2 exceptions in all; last exception - AMQPConnectorSocketConnectError: ConnectionRefusedError(10061, 'Unknown error'); first exception - AMQPConnectorSocketConnectError: ConnectionRefusedError(10061, 'Unknown error')
[12:25:41] ERROR [Notif] Connection workflow failed: AMQPConnectionWorkflowFailed: 2 exceptions in all; last exception - AMQPConnectorSocketConnectError: ConnectionRefusedError(10061, 'Unknown error'); first exception - AMQPConnectorSocketConnectError: ConnectionRefusedError(10061, 'Unknown error')
[12:25:41] ERROR [Notif] Error in _create_connection().
Traceback (most recent call last):
  File "C:\Users\Usuario iTC\OneDrive\Desktop\Proyecto-Distribuidos\Proyecto-Sistemas-Distribuidos-U1\.venv\Lib\site-packages\pika\adapters\blocking_connection.py", line 451, in _create_connection
    raise self._reap_last_connection_workflow_error(error)
pika.exceptions.AMQPConnectionError
[12:25:41] ERROR [Notif] RabbitMQ no disponible: . Reintentando en 5s...
[12:25:46] INFO [Notif] Conectando a RabbitMQ (localhost)...
[12:25:46] INFO [Notif] Pika version 1.3.2 connecting to ('::1', 5672, 0, 0)
[12:25:48] ERROR [Notif] Socket failed to connect: <socket.socket fd=840, family=23, type=1, proto=6, laddr=('::', 54347, 0, 0)>; error=10061 (Unknown error)
[12:25:48] ERROR [Notif] TCP Connection attempt failed: ConnectionRefusedError(10061, 'Unknown error'); dest=(<AddressFamily.AF_INET6: 23>, <SocketKind.SOCK_STREAM: 1>, 6, '', ('::1', 5672, 0, 0))
[12:25:48] ERROR [Notif] AMQPConnector - reporting failure: AMQPConnectorSocketConnectError: ConnectionRefusedError(10061, 'Unknown error')
[12:25:48] INFO [Notif] Pika version 1.3.2 connecting to ('127.0.0.1', 5672)
[12:25:50] ERROR [Notif] Socket failed to connect: <socket.socket fd=840, family=2, type=1, proto=6, laddr=('0.0.0.0', 54352)>; error=10061 (Unknown error)
[12:25:50] ERROR [Notif] TCP Connection attempt failed: ConnectionRefusedError(10061, 'Unknown error'); dest=(<AddressFamily.AF_INET: 2>, <SocketKind.SOCK_STREAM: 1>, 6, '', ('127.0.0.1', 5672))
[12:25:50] ERROR [Notif] AMQPConnector - reporting failure: AMQPConnectorSocketConnectError: ConnectionRefusedError(10061, 'Unknown error')
[12:25:50] ERROR [Notif] AMQP connection workflow failed: AMQPConnectionWorkflowFailed: 2 exceptions in all; last exception - AMQPConnectorSocketConnectError: ConnectionRefusedError(10061, 'Unknown error'); first exception - AMQPConnectorSocketConnectError: ConnectionRefusedError(10061, 'Unknown error').
[12:25:50] ERROR [Notif] AMQPConnectionWorkflow - reporting failure: AMQPConnectionWorkflowFailed: 2 exceptions in all; last exception - AMQPConnectorSocketConnectError: ConnectionRefusedError(10061, 'Unknown error'); first exception - AMQPConnectorSocketConnectError: ConnectionRefusedError(10061, 'Unknown error')
[12:25:50] ERROR [Notif] Connection workflow failed: AMQPConnectionWorkflowFailed: 2 exceptions in all; last exception - AMQPConnectorSocketConnectError: ConnectionRefusedError(10061, 'Unknown error'); first exception - AMQPConnectorSocketConnectError: ConnectionRefusedError(10061, 'Unknown error')
[12:25:50] ERROR [Notif] Error in _create_connection().
Traceback (most recent call last):
  File "C:\Users\Usuario iTC\OneDrive\Desktop\Proyecto-Distribuidos\Proyecto-Sistemas-Distribuidos-U1\.venv\Lib\site-packages\pika\adapters\blocking_connection.py", line 451, in _create_connection
    raise self._reap_last_connection_workflow_error(error)
pika.exceptions.AMQPConnectionError
[12:25:50] ERROR [Notif] RabbitMQ no disponible: . Reintentando en 5s...
[12:25:55] INFO [Notif] Conectando a RabbitMQ (localhost)...
[12:25:55] INFO [Notif] Pika version 1.3.2 connecting to ('::1', 5672, 0, 0)
[12:25:57] ERROR [Notif] Socket failed to connect: <socket.socket fd=776, family=23, type=1, proto=6, laddr=('::', 65064, 0, 0)>; error=10061 (Unknown error)
[12:25:57] ERROR [Notif] TCP Connection attempt failed: ConnectionRefusedError(10061, 'Unknown error'); dest=(<AddressFamily.AF_INET6: 23>, <SocketKind.SOCK_STREAM: 1>, 6, '', ('::1', 5672, 0, 0))
[12:25:57] ERROR [Notif] AMQPConnector - reporting failure: AMQPConnectorSocketConnectError: ConnectionRefusedError(10061, 'Unknown error')
[12:25:57] INFO [Notif] Pika version 1.3.2 connecting to ('127.0.0.1', 5672)
[12:25:59] ERROR [Notif] Socket failed to connect: <socket.socket fd=776, family=2, type=1, proto=6, laddr=('0.0.0.0', 65068)>; error=10061 (Unknown error)
[12:25:59] ERROR [Notif] TCP Connection attempt failed: ConnectionRefusedError(10061, 'Unknown error'); dest=(<AddressFamily.AF_INET: 2>, <SocketKind.SOCK_STREAM: 1>, 6, '', ('127.0.0.1', 5672))
[12:25:59] ERROR [Notif] AMQPConnector - reporting failure: AMQPConnectorSocketConnectError: ConnectionRefusedError(10061, 'Unknown error')
[12:25:59] ERROR [Notif] AMQP connection workflow failed: AMQPConnectionWorkflowFailed: 2 exceptions in all; last exception - AMQPConnectorSocketConnectError: ConnectionRefusedError(10061, 'Unknown error'); first exception - AMQPConnectorSocketConnectError: ConnectionRefusedError(10061, 'Unknown error').
[12:25:59] ERROR [Notif] AMQPConnectionWorkflow - reporting failure: AMQPConnectionWorkflowFailed: 2 exceptions in all; last exception - AMQPConnectorSocketConnectError: ConnectionRefusedError(10061, 'Unknown error'); first exception - AMQPConnectorSocketConnectError: ConnectionRefusedError(10061, 'Unknown error')
[12:25:59] ERROR [Notif] Connection workflow failed: AMQPConnectionWorkflowFailed: 2 exceptions in all; last exception - AMQPConnectorSocketConnectError: ConnectionRefusedError(10061, 'Unknown error'); first exception - AMQPConnectorSocketConnectError: ConnectionRefusedError(10061, 'Unknown error')
[12:25:59] ERROR [Notif] Error in _create_connection().
Traceback (most recent call last):
  File "C:\Users\Usuario iTC\OneDrive\Desktop\Proyecto-Distribuidos\Proyecto-Sistemas-Distribuidos-U1\.venv\Lib\site-packages\pika\adapters\blocking_connection.py", line 451, in _create_connection
    raise self._reap_last_connection_workflow_error(error)
pika.exceptions.AMQPConnectionError
[12:25:59] ERROR [Notif] RabbitMQ no disponible: . Reintentando en 5s...
[12:26:04] INFO [Notif] Conectando a RabbitMQ (localhost)...
[12:26:04] INFO [Notif] Pika version 1.3.2 connecting to ('::1', 5672, 0, 0)
[12:26:06] ERROR [Notif] Socket failed to connect: <socket.socket fd=1008, family=23, type=1, proto=6, laddr=('::', 65088, 0, 0)>; error=10061 (Unknown error)
[12:26:06] ERROR [Notif] TCP Connection attempt failed: ConnectionRefusedError(10061, 'Unknown error'); dest=(<AddressFamily.AF_INET6: 23>, <SocketKind.SOCK_STREAM: 1>, 6, '', ('::1', 5672, 0, 0))
[12:26:06] ERROR [Notif] AMQPConnector - reporting failure: AMQPConnectorSocketConnectError: ConnectionRefusedError(10061, 'Unknown error')
[12:26:06] INFO [Notif] Pika version 1.3.2 connecting to ('127.0.0.1', 5672)
[12:26:08] ERROR [Notif] Socket failed to connect: <socket.socket fd=1008, family=2, type=1, proto=6, laddr=('0.0.0.0', 65101)>; error=10061 (Unknown error)
[12:26:08] ERROR [Notif] TCP Connection attempt failed: ConnectionRefusedError(10061, 'Unknown error'); dest=(<AddressFamily.AF_INET: 2>, <SocketKind.SOCK_STREAM: 1>, 6, '', ('127.0.0.1', 5672))
[12:26:08] ERROR [Notif] AMQPConnector - reporting failure: AMQPConnectorSocketConnectError: ConnectionRefusedError(10061, 'Unknown error')
[12:26:08] ERROR [Notif] AMQP connection workflow failed: AMQPConnectionWorkflowFailed: 2 exceptions in all; last exception - AMQPConnectorSocketConnectError: ConnectionRefusedError(10061, 'Unknown error'); first exception - AMQPConnectorSocketConnectError: ConnectionRefusedError(10061, 'Unknown error').
[12:26:08] ERROR [Notif] AMQPConnectionWorkflow - reporting failure: AMQPConnectionWorkflowFailed: 2 exceptions in all; last exception - AMQPConnectorSocketConnectError: ConnectionRefusedError(10061, 'Unknown error'); first exception - AMQPConnectorSocketConnectError: ConnectionRefusedError(10061, 'Unknown error')
[12:26:08] ERROR [Notif] Connection workflow failed: AMQPConnectionWorkflowFailed: 2 exceptions in all; last exception - AMQPConnectorSocketConnectError: ConnectionRefusedError(10061, 'Unknown error'); first exception - AMQPConnectorSocketConnectError: ConnectionRefusedError(10061, 'Unknown error')
[12:26:08] ERROR [Notif] Error in _create_connection().
Traceback (most recent call last):
  File "C:\Users\Usuario iTC\OneDrive\Desktop\Proyecto-Distribuidos\Proyecto-Sistemas-Distribuidos-U1\.venv\Lib\site-packages\pika\adapters\blocking_connection.py", line 451, in _create_connection
    raise self._reap_last_connection_workflow_error(error)
pika.exceptions.AMQPConnectionError
[12:26:08] ERROR [Notif] RabbitMQ no disponible: . Reintentando en 5s...
[12:26:13] INFO [Notif] Conectando a RabbitMQ (localhost)...
[12:26:13] INFO [Notif] Pika version 1.3.2 connecting to ('::1', 5672, 0, 0)
[12:26:15] ERROR [Notif] Socket failed to connect: <socket.socket fd=712, family=23, type=1, proto=6, laddr=('::', 65120, 0, 0)>; error=10061 (Unknown error)
[12:26:15] ERROR [Notif] TCP Connection attempt failed: ConnectionRefusedError(10061, 'Unknown error'); dest=(<AddressFamily.AF_INET6: 23>, <SocketKind.SOCK_STREAM: 1>, 6, '', ('::1', 5672, 0, 0))
[12:26:15] ERROR [Notif] AMQPConnector - reporting failure: AMQPConnectorSocketConnectError: ConnectionRefusedError(10061, 'Unknown error')
[12:26:15] INFO [Notif] Pika version 1.3.2 connecting to ('127.0.0.1', 5672)
[12:26:17] ERROR [Notif] Socket failed to connect: <socket.socket fd=712, family=2, type=1, proto=6, laddr=('0.0.0.0', 65123)>; error=10061 (Unknown error)
[12:26:17] ERROR [Notif] TCP Connection attempt failed: ConnectionRefusedError(10061, 'Unknown error'); dest=(<AddressFamily.AF_INET: 2>, <SocketKind.SOCK_STREAM: 1>, 6, '', ('127.0.0.1', 5672))
[12:26:17] ERROR [Notif] AMQPConnector - reporting failure: AMQPConnectorSocketConnectError: ConnectionRefusedError(10061, 'Unknown error')
[12:26:17] ERROR [Notif] AMQP connection workflow failed: AMQPConnectionWorkflowFailed: 2 exceptions in all; last exception - AMQPConnectorSocketConnectError: ConnectionRefusedError(10061, 'Unknown error'); first exception - AMQPConnectorSocketConnectError: ConnectionRefusedError(10061, 'Unknown error').
[12:26:17] ERROR [Notif] AMQPConnectionWorkflow - reporting failure: AMQPConnectionWorkflowFailed: 2 exceptions in all; last exception - AMQPConnectorSocketConnectError: ConnectionRefusedError(10061, 'Unknown error'); first exception - AMQPConnectorSocketConnectError: ConnectionRefusedError(10061, 'Unknown error')
[12:26:17] ERROR [Notif] Connection workflow failed: AMQPConnectionWorkflowFailed: 2 exceptions in all; last exception - AMQPConnectorSocketConnectError: ConnectionRefusedError(10061, 'Unknown error'); first exception - AMQPConnectorSocketConnectError: ConnectionRefusedError(10061, 'Unknown error')
[12:26:17] ERROR [Notif] Error in _create_connection().
Traceback (most recent call last):
  File "C:\Users\Usuario iTC\OneDrive\Desktop\Proyecto-Distribuidos\Proyecto-Sistemas-Distribuidos-U1\.venv\Lib\site-packages\pika\adapters\blocking_connection.py", line 451, in _create_connection
    raise self._reap_last_connection_workflow_error(error)
pika.exceptions.AMQPConnectionError
[12:26:17] ERROR [Notif] RabbitMQ no disponible: . Reintentando en 5s...
[12:26:22] INFO [Notif] Conectando a RabbitMQ (localhost)...
[12:26:22] INFO [Notif] Pika version 1.3.2 connecting to ('::1', 5672, 0, 0)
[12:26:24] ERROR [Notif] Socket failed to connect: <socket.socket fd=792, family=23, type=1, proto=6, laddr=('::', 65142, 0, 0)>; error=10061 (Unknown error)
[12:26:24] ERROR [Notif] TCP Connection attempt failed: ConnectionRefusedError(10061, 'Unknown error'); dest=(<AddressFamily.AF_INET6: 23>, <SocketKind.SOCK_STREAM: 1>, 6, '', ('::1', 5672, 0, 0))
[12:26:24] ERROR [Notif] AMQPConnector - reporting failure: AMQPConnectorSocketConnectError: ConnectionRefusedError(10061, 'Unknown error')
[12:26:24] INFO [Notif] Pika version 1.3.2 connecting to ('127.0.0.1', 5672)
[12:26:26] ERROR [Notif] Socket failed to connect: <socket.socket fd=792, family=2, type=1, proto=6, laddr=('0.0.0.0', 65144)>; error=10061 (Unknown error)
[12:26:26] ERROR [Notif] TCP Connection attempt failed: ConnectionRefusedError(10061, 'Unknown error'); dest=(<AddressFamily.AF_INET: 2>, <SocketKind.SOCK_STREAM: 1>, 6, '', ('127.0.0.1', 5672))
[12:26:26] ERROR [Notif] AMQPConnector - reporting failure: AMQPConnectorSocketConnectError: ConnectionRefusedError(10061, 'Unknown error')
[12:26:26] ERROR [Notif] AMQP connection workflow failed: AMQPConnectionWorkflowFailed: 2 exceptions in all; last exception - AMQPConnectorSocketConnectError: ConnectionRefusedError(10061, 'Unknown error'); first exception - AMQPConnectorSocketConnectError: ConnectionRefusedError(10061, 'Unknown error').
[12:26:26] ERROR [Notif] AMQPConnectionWorkflow - reporting failure: AMQPConnectionWorkflowFailed: 2 exceptions in all; last exception - AMQPConnectorSocketConnectError: ConnectionRefusedError(10061, 'Unknown error'); first exception - AMQPConnectorSocketConnectError: ConnectionRefusedError(10061, 'Unknown error')
[12:26:26] ERROR [Notif] Connection workflow failed: AMQPConnectionWorkflowFailed: 2 exceptions in all; last exception - AMQPConnectorSocketConnectError: ConnectionRefusedError(10061, 'Unknown error'); first exception - AMQPConnectorSocketConnectError: ConnectionRefusedError(10061, 'Unknown error')
[12:26:26] ERROR [Notif] Error in _create_connection().
Traceback (most recent call last):
  File "C:\Users\Usuario iTC\OneDrive\Desktop\Proyecto-Distribuidos\Proyecto-Sistemas-Distribuidos-U1\.venv\Lib\site-packages\pika\adapters\blocking_connection.py", line 451, in _create_connection
    raise self._reap_last_connection_workflow_error(error)
pika.exceptions.AMQPConnectionError
[12:26:26] ERROR [Notif] RabbitMQ no disponible: . Reintentando en 5s...
[12:26:31] INFO [Notif] Conectando a RabbitMQ (localhost)...
[12:26:31] INFO [Notif] Pika version 1.3.2 connecting to ('::1', 5672, 0, 0)
[12:26:33] ERROR [Notif] Socket failed to connect: <socket.socket fd=792, family=23, type=1, proto=6, laddr=('::', 65165, 0, 0)>; error=10061 (Unknown error)
[12:26:33] ERROR [Notif] TCP Connection attempt failed: ConnectionRefusedError(10061, 'Unknown error'); dest=(<AddressFamily.AF_INET6: 23>, <SocketKind.SOCK_STREAM: 1>, 6, '', ('::1', 5672, 0, 0))
[12:26:33] ERROR [Notif] AMQPConnector - reporting failure: AMQPConnectorSocketConnectError: ConnectionRefusedError(10061, 'Unknown error')
[12:26:33] INFO [Notif] Pika version 1.3.2 connecting to ('127.0.0.1', 5672)
[12:26:35] ERROR [Notif] Socket failed to connect: <socket.socket fd=792, family=2, type=1, proto=6, laddr=('0.0.0.0', 65167)>; error=10061 (Unknown error)
[12:26:35] ERROR [Notif] TCP Connection attempt failed: ConnectionRefusedError(10061, 'Unknown error'); dest=(<AddressFamily.AF_INET: 2>, <SocketKind.SOCK_STREAM: 1>, 6, '', ('127.0.0.1', 5672))
[12:26:35] ERROR [Notif] AMQPConnector - reporting failure: AMQPConnectorSocketConnectError: ConnectionRefusedError(10061, 'Unknown error')
[12:26:35] ERROR [Notif] AMQP connection workflow failed: AMQPConnectionWorkflowFailed: 2 exceptions in all; last exception - AMQPConnectorSocketConnectError: ConnectionRefusedError(10061, 'Unknown error'); first exception - AMQPConnectorSocketConnectError: ConnectionRefusedError(10061, 'Unknown error').
[12:26:35] ERROR [Notif] AMQPConnectionWorkflow - reporting failure: AMQPConnectionWorkflowFailed: 2 exceptions in all; last exception - AMQPConnectorSocketConnectError: ConnectionRefusedError(10061, 'Unknown error'); first exception - AMQPConnectorSocketConnectError: ConnectionRefusedError(10061, 'Unknown error')
[12:26:35] ERROR [Notif] Connection workflow failed: AMQPConnectionWorkflowFailed: 2 exceptions in all; last exception - AMQPConnectorSocketConnectError: ConnectionRefusedError(10061, 'Unknown error'); first exception - AMQPConnectorSocketConnectError: ConnectionRefusedError(10061, 'Unknown error')
[12:26:35] ERROR [Notif] Error in _create_connection().
Traceback (most recent call last):
  File "C:\Users\Usuario iTC\OneDrive\Desktop\Proyecto-Distribuidos\Proyecto-Sistemas-Distribuidos-U1\.venv\Lib\site-packages\pika\adapters\blocking_connection.py", line 451, in _create_connection
    raise self._reap_last_connection_workflow_error(error)
pika.exceptions.AMQPConnectionError
[12:26:35] ERROR [Notif] RabbitMQ no disponible: . Reintentando en 5s...
[12:26:40] INFO [Notif] Conectando a RabbitMQ (localhost)...
[12:26:40] INFO [Notif] Pika version 1.3.2 connecting to ('::1', 5672, 0, 0)
[12:26:42] ERROR [Notif] Socket failed to connect: <socket.socket fd=740, family=23, type=1, proto=6, laddr=('::', 65186, 0, 0)>; error=10061 (Unknown error)
[12:26:42] ERROR [Notif] TCP Connection attempt failed: ConnectionRefusedError(10061, 'Unknown error'); dest=(<AddressFamily.AF_INET6: 23>, <SocketKind.SOCK_STREAM: 1>, 6, '', ('::1', 5672, 0, 0))
[12:26:42] ERROR [Notif] AMQPConnector - reporting failure: AMQPConnectorSocketConnectError: ConnectionRefusedError(10061, 'Unknown error')
[12:26:42] INFO [Notif] Pika version 1.3.2 connecting to ('127.0.0.1', 5672)
[12:26:44] ERROR [Notif] Socket failed to connect: <socket.socket fd=740, family=2, type=1, proto=6, laddr=('0.0.0.0', 65191)>; error=10061 (Unknown error)
[12:26:44] ERROR [Notif] TCP Connection attempt failed: ConnectionRefusedError(10061, 'Unknown error'); dest=(<AddressFamily.AF_INET: 2>, <SocketKind.SOCK_STREAM: 1>, 6, '', ('127.0.0.1', 5672))
[12:26:44] ERROR [Notif] AMQPConnector - reporting failure: AMQPConnectorSocketConnectError: ConnectionRefusedError(10061, 'Unknown error')
[12:26:44] ERROR [Notif] AMQP connection workflow failed: AMQPConnectionWorkflowFailed: 2 exceptions in all; last exception - AMQPConnectorSocketConnectError: ConnectionRefusedError(10061, 'Unknown error'); first exception - AMQPConnectorSocketConnectError: ConnectionRefusedError(10061, 'Unknown error').
[12:26:44] ERROR [Notif] AMQPConnectionWorkflow - reporting failure: AMQPConnectionWorkflowFailed: 2 exceptions in all; last exception - AMQPConnectorSocketConnectError: ConnectionRefusedError(10061, 'Unknown error'); first exception - AMQPConnectorSocketConnectError: ConnectionRefusedError(10061, 'Unknown error')
[12:26:44] ERROR [Notif] Connection workflow failed: AMQPConnectionWorkflowFailed: 2 exceptions in all; last exception - AMQPConnectorSocketConnectError: ConnectionRefusedError(10061, 'Unknown error'); first exception - AMQPConnectorSocketConnectError: ConnectionRefusedError(10061, 'Unknown error')
[12:26:44] ERROR [Notif] Error in _create_connection().
Traceback (most recent call last):
  File "C:\Users\Usuario iTC\OneDrive\Desktop\Proyecto-Distribuidos\Proyecto-Sistemas-Distribuidos-U1\.venv\Lib\site-packages\pika\adapters\blocking_connection.py", line 451, in _create_connection
    raise self._reap_last_connection_workflow_error(error)
pika.exceptions.AMQPConnectionError
[12:26:44] ERROR [Notif] RabbitMQ no disponible: . Reintentando en 5s...
[12:26:49] INFO [Notif] Conectando a RabbitMQ (localhost)...
[12:26:49] INFO [Notif] Pika version 1.3.2 connecting to ('::1', 5672, 0, 0)
[12:26:51] ERROR [Notif] Socket failed to connect: <socket.socket fd=568, family=23, type=1, proto=6, laddr=('::', 61173, 0, 0)>; error=10061 (Unknown error)
[12:26:51] ERROR [Notif] TCP Connection attempt failed: ConnectionRefusedError(10061, 'Unknown error'); dest=(<AddressFamily.AF_INET6: 23>, <SocketKind.SOCK_STREAM: 1>, 6, '', ('::1', 5672, 0, 0))
[12:26:51] ERROR [Notif] AMQPConnector - reporting failure: AMQPConnectorSocketConnectError: ConnectionRefusedError(10061, 'Unknown error')
[12:26:51] INFO [Notif] Pika version 1.3.2 connecting to ('127.0.0.1', 5672)
[12:26:53] ERROR [Notif] Socket failed to connect: <socket.socket fd=568, family=2, type=1, proto=6, laddr=('0.0.0.0', 61178)>; error=10061 (Unknown error)
[12:26:53] ERROR [Notif] TCP Connection attempt failed: ConnectionRefusedError(10061, 'Unknown error'); dest=(<AddressFamily.AF_INET: 2>, <SocketKind.SOCK_STREAM: 1>, 6, '', ('127.0.0.1', 5672))
[12:26:53] ERROR [Notif] AMQPConnector - reporting failure: AMQPConnectorSocketConnectError: ConnectionRefusedError(10061, 'Unknown error')
[12:26:53] ERROR [Notif] AMQP connection workflow failed: AMQPConnectionWorkflowFailed: 2 exceptions in all; last exception - AMQPConnectorSocketConnectError: ConnectionRefusedError(10061, 'Unknown error'); first exception - AMQPConnectorSocketConnectError: ConnectionRefusedError(10061, 'Unknown error').
[12:26:53] ERROR [Notif] AMQPConnectionWorkflow - reporting failure: AMQPConnectionWorkflowFailed: 2 exceptions in all; last exception - AMQPConnectorSocketConnectError: ConnectionRefusedError(10061, 'Unknown error'); first exception - AMQPConnectorSocketConnectError: ConnectionRefusedError(10061, 'Unknown error')
[12:26:53] ERROR [Notif] Connection workflow failed: AMQPConnectionWorkflowFailed: 2 exceptions in all; last exception - AMQPConnectorSocketConnectError: ConnectionRefusedError(10061, 'Unknown error'); first exception - AMQPConnectorSocketConnectError: ConnectionRefusedError(10061, 'Unknown error')
[12:26:53] ERROR [Notif] Error in _create_connection().
Traceback (most recent call last):
  File "C:\Users\Usuario iTC\OneDrive\Desktop\Proyecto-Distribuidos\Proyecto-Sistemas-Distribuidos-U1\.venv\Lib\site-packages\pika\adapters\blocking_connection.py", line 451, in _create_connection
    raise self._reap_last_connection_workflow_error(error)
pika.exceptions.AMQPConnectionError
[12:26:53] ERROR [Notif] RabbitMQ no disponible: . Reintentando en 5s...
[12:26:58] INFO [Notif] Conectando a RabbitMQ (localhost)...
[12:26:58] INFO [Notif] Pika version 1.3.2 connecting to ('::1', 5672, 0, 0)
[12:27:00] ERROR [Notif] Socket failed to connect: <socket.socket fd=764, family=23, type=1, proto=6, laddr=('::', 58866, 0, 0)>; error=10061 (Unknown error)
[12:27:00] ERROR [Notif] TCP Connection attempt failed: ConnectionRefusedError(10061, 'Unknown error'); dest=(<AddressFamily.AF_INET6: 23>, <SocketKind.SOCK_STREAM: 1>, 6, '', ('::1', 5672, 0, 0))
[12:27:00] ERROR [Notif] AMQPConnector - reporting failure: AMQPConnectorSocketConnectError: ConnectionRefusedError(10061, 'Unknown error')
[12:27:00] INFO [Notif] Pika version 1.3.2 connecting to ('127.0.0.1', 5672)
[12:27:02] ERROR [Notif] Socket failed to connect: <socket.socket fd=840, family=2, type=1, proto=6, laddr=('0.0.0.0', 58869)>; error=10061 (Unknown error)
[12:27:02] ERROR [Notif] TCP Connection attempt failed: ConnectionRefusedError(10061, 'Unknown error'); dest=(<AddressFamily.AF_INET: 2>, <SocketKind.SOCK_STREAM: 1>, 6, '', ('127.0.0.1', 5672))
[12:27:02] ERROR [Notif] AMQPConnector - reporting failure: AMQPConnectorSocketConnectError: ConnectionRefusedError(10061, 'Unknown error')
[12:27:02] ERROR [Notif] AMQP connection workflow failed: AMQPConnectionWorkflowFailed: 2 exceptions in all; last exception - AMQPConnectorSocketConnectError: ConnectionRefusedError(10061, 'Unknown error'); first exception - AMQPConnectorSocketConnectError: ConnectionRefusedError(10061, 'Unknown error').
[12:27:02] ERROR [Notif] AMQPConnectionWorkflow - reporting failure: AMQPConnectionWorkflowFailed: 2 exceptions in all; last exception - AMQPConnectorSocketConnectError: ConnectionRefusedError(10061, 'Unknown error'); first exception - AMQPConnectorSocketConnectError: ConnectionRefusedError(10061, 'Unknown error')
[12:27:02] ERROR [Notif] Connection workflow failed: AMQPConnectionWorkflowFailed: 2 exceptions in all; last exception - AMQPConnectorSocketConnectError: ConnectionRefusedError(10061, 'Unknown error'); first exception - AMQPConnectorSocketConnectError: ConnectionRefusedError(10061, 'Unknown error')
[12:27:02] ERROR [Notif] Error in _create_connection().
Traceback (most recent call last):
  File "C:\Users\Usuario iTC\OneDrive\Desktop\Proyecto-Distribuidos\Proyecto-Sistemas-Distribuidos-U1\.venv\Lib\site-packages\pika\adapters\blocking_connection.py", line 451, in _create_connection
    raise self._reap_last_connection_workflow_error(error)
pika.exceptions.AMQPConnectionError
[12:27:02] ERROR [Notif] RabbitMQ no disponible: . Reintentando en 5s...
[12:27:07] INFO [Notif] Conectando a RabbitMQ (localhost)...
[12:27:07] INFO [Notif] Pika version 1.3.2 connecting to ('::1', 5672, 0, 0)
[12:27:09] ERROR [Notif] Socket failed to connect: <socket.socket fd=348, family=23, type=1, proto=6, laddr=('::', 58889, 0, 0)>; error=10061 (Unknown error)
[12:27:09] ERROR [Notif] TCP Connection attempt failed: ConnectionRefusedError(10061, 'Unknown error'); dest=(<AddressFamily.AF_INET6: 23>, <SocketKind.SOCK_STREAM: 1>, 6, '', ('::1', 5672, 0, 0))
[12:27:09] ERROR [Notif] AMQPConnector - reporting failure: AMQPConnectorSocketConnectError: ConnectionRefusedError(10061, 'Unknown error')
[12:27:09] INFO [Notif] Pika version 1.3.2 connecting to ('127.0.0.1', 5672)
[12:27:11] ERROR [Notif] Socket failed to connect: <socket.socket fd=348, family=2, type=1, proto=6, laddr=('0.0.0.0', 58892)>; error=10061 (Unknown error)
[12:27:11] ERROR [Notif] TCP Connection attempt failed: ConnectionRefusedError(10061, 'Unknown error'); dest=(<AddressFamily.AF_INET: 2>, <SocketKind.SOCK_STREAM: 1>, 6, '', ('127.0.0.1', 5672))
[12:27:11] ERROR [Notif] AMQPConnector - reporting failure: AMQPConnectorSocketConnectError: ConnectionRefusedError(10061, 'Unknown error')
[12:27:11] ERROR [Notif] AMQP connection workflow failed: AMQPConnectionWorkflowFailed: 2 exceptions in all; last exception - AMQPConnectorSocketConnectError: ConnectionRefusedError(10061, 'Unknown error'); first exception - AMQPConnectorSocketConnectError: ConnectionRefusedError(10061, 'Unknown error').
[12:27:11] ERROR [Notif] AMQPConnectionWorkflow - reporting failure: AMQPConnectionWorkflowFailed: 2 exceptions in all; last exception - AMQPConnectorSocketConnectError: ConnectionRefusedError(10061, 'Unknown error'); first exception - AMQPConnectorSocketConnectError: ConnectionRefusedError(10061, 'Unknown error')
[12:27:11] ERROR [Notif] Connection workflow failed: AMQPConnectionWorkflowFailed: 2 exceptions in all; last exception - AMQPConnectorSocketConnectError: ConnectionRefusedError(10061, 'Unknown error'); first exception - AMQPConnectorSocketConnectError: ConnectionRefusedError(10061, 'Unknown error')
[12:27:11] ERROR [Notif] Error in _create_connection().
Traceback (most recent call last):
  File "C:\Users\Usuario iTC\OneDrive\Desktop\Proyecto-Distribuidos\Proyecto-Sistemas-Distribuidos-U1\.venv\Lib\site-packages\pika\adapters\blocking_connection.py", line 451, in _create_connection
    raise self._reap_last_connection_workflow_error(error)
pika.exceptions.AMQPConnectionError
[12:27:11] ERROR [Notif] RabbitMQ no disponible: . Reintentando en 5s...
[12:27:16] INFO [Notif] Conectando a RabbitMQ (localhost)...
[12:27:16] INFO [Notif] Pika version 1.3.2 connecting to ('::1', 5672, 0, 0)
[12:27:18] ERROR [Notif] Socket failed to connect: <socket.socket fd=688, family=23, type=1, proto=6, laddr=('::', 58912, 0, 0)>; error=10061 (Unknown error)
[12:27:18] ERROR [Notif] TCP Connection attempt failed: ConnectionRefusedError(10061, 'Unknown error'); dest=(<AddressFamily.AF_INET6: 23>, <SocketKind.SOCK_STREAM: 1>, 6, '', ('::1', 5672, 0, 0))
[12:27:18] ERROR [Notif] AMQPConnector - reporting failure: AMQPConnectorSocketConnectError: ConnectionRefusedError(10061, 'Unknown error')
[12:27:18] INFO [Notif] Pika version 1.3.2 connecting to ('127.0.0.1', 5672)
[12:27:20] ERROR [Notif] Socket failed to connect: <socket.socket fd=688, family=2, type=1, proto=6, laddr=('0.0.0.0', 58914)>; error=10061 (Unknown error)
[12:27:20] ERROR [Notif] TCP Connection attempt failed: ConnectionRefusedError(10061, 'Unknown error'); dest=(<AddressFamily.AF_INET: 2>, <SocketKind.SOCK_STREAM: 1>, 6, '', ('127.0.0.1', 5672))
[12:27:20] ERROR [Notif] AMQPConnector - reporting failure: AMQPConnectorSocketConnectError: ConnectionRefusedError(10061, 'Unknown error')
[12:27:20] ERROR [Notif] AMQP connection workflow failed: AMQPConnectionWorkflowFailed: 2 exceptions in all; last exception - AMQPConnectorSocketConnectError: ConnectionRefusedError(10061, 'Unknown error'); first exception - AMQPConnectorSocketConnectError: ConnectionRefusedError(10061, 'Unknown error').
[12:27:20] ERROR [Notif] AMQPConnectionWorkflow - reporting failure: AMQPConnectionWorkflowFailed: 2 exceptions in all; last exception - AMQPConnectorSocketConnectError: ConnectionRefusedError(10061, 'Unknown error'); first exception - AMQPConnectorSocketConnectError: ConnectionRefusedError(10061, 'Unknown error')
[12:27:20] ERROR [Notif] Connection workflow failed: AMQPConnectionWorkflowFailed: 2 exceptions in all; last exception - AMQPConnectorSocketConnectError: ConnectionRefusedError(10061, 'Unknown error'); first exception - AMQPConnectorSocketConnectError: ConnectionRefusedError(10061, 'Unknown error')
[12:27:20] ERROR [Notif] Error in _create_connection().
Traceback (most recent call last):
  File "C:\Users\Usuario iTC\OneDrive\Desktop\Proyecto-Distribuidos\Proyecto-Sistemas-Distribuidos-U1\.venv\Lib\site-packages\pika\adapters\blocking_connection.py", line 451, in _create_connection
    raise self._reap_last_connection_workflow_error(error)
pika.exceptions.AMQPConnectionError
[12:27:20] ERROR [Notif] RabbitMQ no disponible: . Reintentando en 5s...
[12:27:25] INFO [Notif] Conectando a RabbitMQ (localhost)...
[12:27:25] INFO [Notif] Pika version 1.3.2 connecting to ('::1', 5672, 0, 0)
[12:27:27] ERROR [Notif] Socket failed to connect: <socket.socket fd=936, family=23, type=1, proto=6, laddr=('::', 58933, 0, 0)>; error=10061 (Unknown error)
[12:27:27] ERROR [Notif] TCP Connection attempt failed: ConnectionRefusedError(10061, 'Unknown error'); dest=(<AddressFamily.AF_INET6: 23>, <SocketKind.SOCK_STREAM: 1>, 6, '', ('::1', 5672, 0, 0))
[12:27:27] ERROR [Notif] AMQPConnector - reporting failure: AMQPConnectorSocketConnectError: ConnectionRefusedError(10061, 'Unknown error')
[12:27:27] INFO [Notif] Pika version 1.3.2 connecting to ('127.0.0.1', 5672)
[12:27:29] ERROR [Notif] Socket failed to connect: <socket.socket fd=936, family=2, type=1, proto=6, laddr=('0.0.0.0', 58937)>; error=10061 (Unknown error)
[12:27:29] ERROR [Notif] TCP Connection attempt failed: ConnectionRefusedError(10061, 'Unknown error'); dest=(<AddressFamily.AF_INET: 2>, <SocketKind.SOCK_STREAM: 1>, 6, '', ('127.0.0.1', 5672))
[12:27:29] ERROR [Notif] AMQPConnector - reporting failure: AMQPConnectorSocketConnectError: ConnectionRefusedError(10061, 'Unknown error')
[12:27:29] ERROR [Notif] AMQP connection workflow failed: AMQPConnectionWorkflowFailed: 2 exceptions in all; last exception - AMQPConnectorSocketConnectError: ConnectionRefusedError(10061, 'Unknown error'); first exception - AMQPConnectorSocketConnectError: ConnectionRefusedError(10061, 'Unknown error').
[12:27:29] ERROR [Notif] AMQPConnectionWorkflow - reporting failure: AMQPConnectionWorkflowFailed: 2 exceptions in all; last exception - AMQPConnectorSocketConnectError: ConnectionRefusedError(10061, 'Unknown error'); first exception - AMQPConnectorSocketConnectError: ConnectionRefusedError(10061, 'Unknown error')
[12:27:29] ERROR [Notif] Connection workflow failed: AMQPConnectionWorkflowFailed: 2 exceptions in all; last exception - AMQPConnectorSocketConnectError: ConnectionRefusedError(10061, 'Unknown error'); first exception - AMQPConnectorSocketConnectError: ConnectionRefusedError(10061, 'Unknown error')
[12:27:29] ERROR [Notif] Error in _create_connection().
Traceback (most recent call last):
  File "C:\Users\Usuario iTC\OneDrive\Desktop\Proyecto-Distribuidos\Proyecto-Sistemas-Distribuidos-U1\.venv\Lib\site-packages\pika\adapters\blocking_connection.py", line 451, in _create_connection
    raise self._reap_last_connection_workflow_error(error)
pika.exceptions.AMQPConnectionError
[12:27:29] ERROR [Notif] RabbitMQ no disponible: . Reintentando en 5s...
[12:27:34] INFO [Notif] Conectando a RabbitMQ (localhost)...
[12:27:34] INFO [Notif] Pika version 1.3.2 connecting to ('::1', 5672, 0, 0)
[12:27:36] ERROR [Notif] Socket failed to connect: <socket.socket fd=688, family=23, type=1, proto=6, laddr=('::', 58957, 0, 0)>; error=10061 (Unknown error)
[12:27:36] ERROR [Notif] TCP Connection attempt failed: ConnectionRefusedError(10061, 'Unknown error'); dest=(<AddressFamily.AF_INET6: 23>, <SocketKind.SOCK_STREAM: 1>, 6, '', ('::1', 5672, 0, 0))
[12:27:36] ERROR [Notif] AMQPConnector - reporting failure: AMQPConnectorSocketConnectError: ConnectionRefusedError(10061, 'Unknown error')
[12:27:36] INFO [Notif] Pika version 1.3.2 connecting to ('127.0.0.1', 5672)
[12:27:38] ERROR [Notif] Socket failed to connect: <socket.socket fd=688, family=2, type=1, proto=6, laddr=('0.0.0.0', 58962)>; error=10061 (Unknown error)
[12:27:38] ERROR [Notif] TCP Connection attempt failed: ConnectionRefusedError(10061, 'Unknown error'); dest=(<AddressFamily.AF_INET: 2>, <SocketKind.SOCK_STREAM: 1>, 6, '', ('127.0.0.1', 5672))
[12:27:38] ERROR [Notif] AMQPConnector - reporting failure: AMQPConnectorSocketConnectError: ConnectionRefusedError(10061, 'Unknown error')
[12:27:38] ERROR [Notif] AMQP connection workflow failed: AMQPConnectionWorkflowFailed: 2 exceptions in all; last exception - AMQPConnectorSocketConnectError: ConnectionRefusedError(10061, 'Unknown error'); first exception - AMQPConnectorSocketConnectError: ConnectionRefusedError(10061, 'Unknown error').
[12:27:38] ERROR [Notif] AMQPConnectionWorkflow - reporting failure: AMQPConnectionWorkflowFailed: 2 exceptions in all; last exception - AMQPConnectorSocketConnectError: ConnectionRefusedError(10061, 'Unknown error'); first exception - AMQPConnectorSocketConnectError: ConnectionRefusedError(10061, 'Unknown error')
[12:27:38] ERROR [Notif] Connection workflow failed: AMQPConnectionWorkflowFailed: 2 exceptions in all; last exception - AMQPConnectorSocketConnectError: ConnectionRefusedError(10061, 'Unknown error'); first exception - AMQPConnectorSocketConnectError: ConnectionRefusedError(10061, 'Unknown error')
[12:27:38] ERROR [Notif] Error in _create_connection().
Traceback (most recent call last):
  File "C:\Users\Usuario iTC\OneDrive\Desktop\Proyecto-Distribuidos\Proyecto-Sistemas-Distribuidos-U1\.venv\Lib\site-packages\pika\adapters\blocking_connection.py", line 451, in _create_connection
    raise self._reap_last_connection_workflow_error(error)
pika.exceptions.AMQPConnectionError
[12:27:38] ERROR [Notif] RabbitMQ no disponible: . Reintentando en 5s...
[12:27:43] INFO [Notif] Conectando a RabbitMQ (localhost)...
[12:27:43] INFO [Notif] Pika version 1.3.2 connecting to ('::1', 5672, 0, 0)
[12:27:46] ERROR [Notif] Socket failed to connect: <socket.socket fd=560, family=23, type=1, proto=6, laddr=('::', 58979, 0, 0)>; error=10061 (Unknown error)
[12:27:46] ERROR [Notif] TCP Connection attempt failed: ConnectionRefusedError(10061, 'Unknown error'); dest=(<AddressFamily.AF_INET6: 23>, <SocketKind.SOCK_STREAM: 1>, 6, '', ('::1', 5672, 0, 0))
[12:27:46] ERROR [Notif] AMQPConnector - reporting failure: AMQPConnectorSocketConnectError: ConnectionRefusedError(10061, 'Unknown error')
[12:27:46] INFO [Notif] Pika version 1.3.2 connecting to ('127.0.0.1', 5672)
[12:27:48] ERROR [Notif] Socket failed to connect: <socket.socket fd=560, family=2, type=1, proto=6, laddr=('0.0.0.0', 58986)>; error=10061 (Unknown error)
[12:27:48] ERROR [Notif] TCP Connection attempt failed: ConnectionRefusedError(10061, 'Unknown error'); dest=(<AddressFamily.AF_INET: 2>, <SocketKind.SOCK_STREAM: 1>, 6, '', ('127.0.0.1', 5672))
[12:27:48] ERROR [Notif] AMQPConnector - reporting failure: AMQPConnectorSocketConnectError: ConnectionRefusedError(10061, 'Unknown error')
[12:27:48] ERROR [Notif] AMQP connection workflow failed: AMQPConnectionWorkflowFailed: 2 exceptions in all; last exception - AMQPConnectorSocketConnectError: ConnectionRefusedError(10061, 'Unknown error'); first exception - AMQPConnectorSocketConnectError: ConnectionRefusedError(10061, 'Unknown error').
[12:27:48] ERROR [Notif] AMQPConnectionWorkflow - reporting failure: AMQPConnectionWorkflowFailed: 2 exceptions in all; last exception - AMQPConnectorSocketConnectError: ConnectionRefusedError(10061, 'Unknown error'); first exception - AMQPConnectorSocketConnectError: ConnectionRefusedError(10061, 'Unknown error')
[12:27:48] ERROR [Notif] Connection workflow failed: AMQPConnectionWorkflowFailed: 2 exceptions in all; last exception - AMQPConnectorSocketConnectError: ConnectionRefusedError(10061, 'Unknown error'); first exception - AMQPConnectorSocketConnectError: ConnectionRefusedError(10061, 'Unknown error')
[12:27:48] ERROR [Notif] Error in _create_connection().
Traceback (most recent call last):
  File "C:\Users\Usuario iTC\OneDrive\Desktop\Proyecto-Distribuidos\Proyecto-Sistemas-Distribuidos-U1\.venv\Lib\site-packages\pika\adapters\blocking_connection.py", line 451, in _create_connection
    raise self._reap_last_connection_workflow_error(error)
pika.exceptions.AMQPConnectionError
[12:27:48] ERROR [Notif] RabbitMQ no disponible: . Reintentando en 5s...
[12:27:53] INFO [Notif] Conectando a RabbitMQ (localhost)...
[12:27:53] INFO [Notif] Pika version 1.3.2 connecting to ('::1', 5672, 0, 0)
[12:27:55] ERROR [Notif] Socket failed to connect: <socket.socket fd=1040, family=23, type=1, proto=6, laddr=('::', 59007, 0, 0)>; error=10061 (Unknown error)
[12:27:55] ERROR [Notif] TCP Connection attempt failed: ConnectionRefusedError(10061, 'Unknown error'); dest=(<AddressFamily.AF_INET6: 23>, <SocketKind.SOCK_STREAM: 1>, 6, '', ('::1', 5672, 0, 0))
[12:27:55] ERROR [Notif] AMQPConnector - reporting failure: AMQPConnectorSocketConnectError: ConnectionRefusedError(10061, 'Unknown error')
[12:27:55] INFO [Notif] Pika version 1.3.2 connecting to ('127.0.0.1', 5672)
[12:27:57] ERROR [Notif] Socket failed to connect: <socket.socket fd=1040, family=2, type=1, proto=6, laddr=('0.0.0.0', 54402)>; error=10061 (Unknown error)
[12:27:57] ERROR [Notif] TCP Connection attempt failed: ConnectionRefusedError(10061, 'Unknown error'); dest=(<AddressFamily.AF_INET: 2>, <SocketKind.SOCK_STREAM: 1>, 6, '', ('127.0.0.1', 5672))
[12:27:57] ERROR [Notif] AMQPConnector - reporting failure: AMQPConnectorSocketConnectError: ConnectionRefusedError(10061, 'Unknown error')
[12:27:57] ERROR [Notif] AMQP connection workflow failed: AMQPConnectionWorkflowFailed: 2 exceptions in all; last exception - AMQPConnectorSocketConnectError: ConnectionRefusedError(10061, 'Unknown error'); first exception - AMQPConnectorSocketConnectError: ConnectionRefusedError(10061, 'Unknown error').
[12:27:57] ERROR [Notif] AMQPConnectionWorkflow - reporting failure: AMQPConnectionWorkflowFailed: 2 exceptions in all; last exception - AMQPConnectorSocketConnectError: ConnectionRefusedError(10061, 'Unknown error'); first exception - AMQPConnectorSocketConnectError: ConnectionRefusedError(10061, 'Unknown error')
[12:27:57] ERROR [Notif] Connection workflow failed: AMQPConnectionWorkflowFailed: 2 exceptions in all; last exception - AMQPConnectorSocketConnectError: ConnectionRefusedError(10061, 'Unknown error'); first exception - AMQPConnectorSocketConnectError: ConnectionRefusedError(10061, 'Unknown error')
[12:27:57] ERROR [Notif] Error in _create_connection().
Traceback (most recent call last):
  File "C:\Users\Usuario iTC\OneDrive\Desktop\Proyecto-Distribuidos\Proyecto-Sistemas-Distribuidos-U1\.venv\Lib\site-packages\pika\adapters\blocking_connection.py", line 451, in _create_connection
    raise self._reap_last_connection_workflow_error(error)
pika.exceptions.AMQPConnectionError
[12:27:57] ERROR [Notif] RabbitMQ no disponible: . Reintentando en 5s...
[12:28:02] INFO [Notif] Conectando a RabbitMQ (localhost)...
[12:28:02] INFO [Notif] Pika version 1.3.2 connecting to ('::1', 5672, 0, 0)
[12:28:04] ERROR [Notif] Socket failed to connect: <socket.socket fd=1032, family=23, type=1, proto=6, laddr=('::', 54421, 0, 0)>; error=10061 (Unknown error)
[12:28:04] ERROR [Notif] TCP Connection attempt failed: ConnectionRefusedError(10061, 'Unknown error'); dest=(<AddressFamily.AF_INET6: 23>, <SocketKind.SOCK_STREAM: 1>, 6, '', ('::1', 5672, 0, 0))
[12:28:04] ERROR [Notif] AMQPConnector - reporting failure: AMQPConnectorSocketConnectError: ConnectionRefusedError(10061, 'Unknown error')
[12:28:04] INFO [Notif] Pika version 1.3.2 connecting to ('127.0.0.1', 5672)
[12:28:06] ERROR [Notif] Socket failed to connect: <socket.socket fd=1032, family=2, type=1, proto=6, laddr=('0.0.0.0', 54424)>; error=10061 (Unknown error)
[12:28:06] ERROR [Notif] TCP Connection attempt failed: ConnectionRefusedError(10061, 'Unknown error'); dest=(<AddressFamily.AF_INET: 2>, <SocketKind.SOCK_STREAM: 1>, 6, '', ('127.0.0.1', 5672))
[12:28:06] ERROR [Notif] AMQPConnector - reporting failure: AMQPConnectorSocketConnectError: ConnectionRefusedError(10061, 'Unknown error')
[12:28:06] ERROR [Notif] AMQP connection workflow failed: AMQPConnectionWorkflowFailed: 2 exceptions in all; last exception - AMQPConnectorSocketConnectError: ConnectionRefusedError(10061, 'Unknown error'); first exception - AMQPConnectorSocketConnectError: ConnectionRefusedError(10061, 'Unknown error').
[12:28:06] ERROR [Notif] AMQPConnectionWorkflow - reporting failure: AMQPConnectionWorkflowFailed: 2 exceptions in all; last exception - AMQPConnectorSocketConnectError: ConnectionRefusedError(10061, 'Unknown error'); first exception - AMQPConnectorSocketConnectError: ConnectionRefusedError(10061, 'Unknown error')
[12:28:06] ERROR [Notif] Connection workflow failed: AMQPConnectionWorkflowFailed: 2 exceptions in all; last exception - AMQPConnectorSocketConnectError: ConnectionRefusedError(10061, 'Unknown error'); first exception - AMQPConnectorSocketConnectError: ConnectionRefusedError(10061, 'Unknown error')
[12:28:06] ERROR [Notif] Error in _create_connection().
Traceback (most recent call last):
  File "C:\Users\Usuario iTC\OneDrive\Desktop\Proyecto-Distribuidos\Proyecto-Sistemas-Distribuidos-U1\.venv\Lib\site-packages\pika\adapters\blocking_connection.py", line 451, in _create_connection
    raise self._reap_last_connection_workflow_error(error)
pika.exceptions.AMQPConnectionError
[12:28:06] ERROR [Notif] RabbitMQ no disponible: . Reintentando en 5s...
[12:28:11] INFO [Notif] Conectando a RabbitMQ (localhost)...
[12:28:11] INFO [Notif] Pika version 1.3.2 connecting to ('::1', 5672, 0, 0)
[12:28:13] ERROR [Notif] Socket failed to connect: <socket.socket fd=348, family=23, type=1, proto=6, laddr=('::', 54442, 0, 0)>; error=10061 (Unknown error)
[12:28:13] ERROR [Notif] TCP Connection attempt failed: ConnectionRefusedError(10061, 'Unknown error'); dest=(<AddressFamily.AF_INET6: 23>, <SocketKind.SOCK_STREAM: 1>, 6, '', ('::1', 5672, 0, 0))
[12:28:13] ERROR [Notif] AMQPConnector - reporting failure: AMQPConnectorSocketConnectError: ConnectionRefusedError(10061, 'Unknown error')
[12:28:13] INFO [Notif] Pika version 1.3.2 connecting to ('127.0.0.1', 5672)
[12:28:15] ERROR [Notif] Socket failed to connect: <socket.socket fd=348, family=2, type=1, proto=6, laddr=('0.0.0.0', 54447)>; error=10061 (Unknown error)
[12:28:15] ERROR [Notif] TCP Connection attempt failed: ConnectionRefusedError(10061, 'Unknown error'); dest=(<AddressFamily.AF_INET: 2>, <SocketKind.SOCK_STREAM: 1>, 6, '', ('127.0.0.1', 5672))
[12:28:15] ERROR [Notif] AMQPConnector - reporting failure: AMQPConnectorSocketConnectError: ConnectionRefusedError(10061, 'Unknown error')
[12:28:15] ERROR [Notif] AMQP connection workflow failed: AMQPConnectionWorkflowFailed: 2 exceptions in all; last exception - AMQPConnectorSocketConnectError: ConnectionRefusedError(10061, 'Unknown error'); first exception - AMQPConnectorSocketConnectError: ConnectionRefusedError(10061, 'Unknown error').
[12:28:15] ERROR [Notif] AMQPConnectionWorkflow - reporting failure: AMQPConnectionWorkflowFailed: 2 exceptions in all; last exception - AMQPConnectorSocketConnectError: ConnectionRefusedError(10061, 'Unknown error'); first exception - AMQPConnectorSocketConnectError: ConnectionRefusedError(10061, 'Unknown error')
[12:28:15] ERROR [Notif] Connection workflow failed: AMQPConnectionWorkflowFailed: 2 exceptions in all; last exception - AMQPConnectorSocketConnectError: ConnectionRefusedError(10061, 'Unknown error'); first exception - AMQPConnectorSocketConnectError: ConnectionRefusedError(10061, 'Unknown error')
[12:28:15] ERROR [Notif] Error in _create_connection().
Traceback (most recent call last):
  File "C:\Users\Usuario iTC\OneDrive\Desktop\Proyecto-Distribuidos\Proyecto-Sistemas-Distribuidos-U1\.venv\Lib\site-packages\pika\adapters\blocking_connection.py", line 451, in _create_connection
    raise self._reap_last_connection_workflow_error(error)
pika.exceptions.AMQPConnectionError
[12:28:15] ERROR [Notif] RabbitMQ no disponible: . Reintentando en 5s...
[12:28:20] INFO [Notif] Conectando a RabbitMQ (localhost)...
[12:28:20] INFO [Notif] Pika version 1.3.2 connecting to ('::1', 5672, 0, 0)
[12:28:22] ERROR [Notif] Socket failed to connect: <socket.socket fd=712, family=23, type=1, proto=6, laddr=('::', 54466, 0, 0)>; error=10061 (Unknown error)
[12:28:22] ERROR [Notif] TCP Connection attempt failed: ConnectionRefusedError(10061, 'Unknown error'); dest=(<AddressFamily.AF_INET6: 23>, <SocketKind.SOCK_STREAM: 1>, 6, '', ('::1', 5672, 0, 0))
[12:28:22] ERROR [Notif] AMQPConnector - reporting failure: AMQPConnectorSocketConnectError: ConnectionRefusedError(10061, 'Unknown error')
[12:28:22] INFO [Notif] Pika version 1.3.2 connecting to ('127.0.0.1', 5672)
[12:28:24] ERROR [Notif] Socket failed to connect: <socket.socket fd=712, family=2, type=1, proto=6, laddr=('0.0.0.0', 54470)>; error=10061 (Unknown error)
[12:28:24] ERROR [Notif] TCP Connection attempt failed: ConnectionRefusedError(10061, 'Unknown error'); dest=(<AddressFamily.AF_INET: 2>, <SocketKind.SOCK_STREAM: 1>, 6, '', ('127.0.0.1', 5672))
[12:28:24] ERROR [Notif] AMQPConnector - reporting failure: AMQPConnectorSocketConnectError: ConnectionRefusedError(10061, 'Unknown error')
[12:28:24] ERROR [Notif] AMQP connection workflow failed: AMQPConnectionWorkflowFailed: 2 exceptions in all; last exception - AMQPConnectorSocketConnectError: ConnectionRefusedError(10061, 'Unknown error'); first exception - AMQPConnectorSocketConnectError: ConnectionRefusedError(10061, 'Unknown error').
[12:28:24] ERROR [Notif] AMQPConnectionWorkflow - reporting failure: AMQPConnectionWorkflowFailed: 2 exceptions in all; last exception - AMQPConnectorSocketConnectError: ConnectionRefusedError(10061, 'Unknown error'); first exception - AMQPConnectorSocketConnectError: ConnectionRefusedError(10061, 'Unknown error')
[12:28:24] ERROR [Notif] Connection workflow failed: AMQPConnectionWorkflowFailed: 2 exceptions in all; last exception - AMQPConnectorSocketConnectError: ConnectionRefusedError(10061, 'Unknown error'); first exception - AMQPConnectorSocketConnectError: ConnectionRefusedError(10061, 'Unknown error')
[12:28:24] ERROR [Notif] Error in _create_connection().
Traceback (most recent call last):
  File "C:\Users\Usuario iTC\OneDrive\Desktop\Proyecto-Distribuidos\Proyecto-Sistemas-Distribuidos-U1\.venv\Lib\site-packages\pika\adapters\blocking_connection.py", line 451, in _create_connection
    raise self._reap_last_connection_workflow_error(error)
pika.exceptions.AMQPConnectionError
[12:28:24] ERROR [Notif] RabbitMQ no disponible: . Reintentando en 5s...
[12:28:29] INFO [Notif] Conectando a RabbitMQ (localhost)...
[12:28:29] INFO [Notif] Pika version 1.3.2 connecting to ('::1', 5672, 0, 0)
[12:28:31] ERROR [Notif] Socket failed to connect: <socket.socket fd=1012, family=23, type=1, proto=6, laddr=('::', 54497, 0, 0)>; error=10061 (Unknown error)
[12:28:31] ERROR [Notif] TCP Connection attempt failed: ConnectionRefusedError(10061, 'Unknown error'); dest=(<AddressFamily.AF_INET6: 23>, <SocketKind.SOCK_STREAM: 1>, 6, '', ('::1', 5672, 0, 0))
[12:28:31] ERROR [Notif] AMQPConnector - reporting failure: AMQPConnectorSocketConnectError: ConnectionRefusedError(10061, 'Unknown error')
[12:28:31] INFO [Notif] Pika version 1.3.2 connecting to ('127.0.0.1', 5672)
[12:28:33] ERROR [Notif] Socket failed to connect: <socket.socket fd=1012, family=2, type=1, proto=6, laddr=('0.0.0.0', 54501)>; error=10061 (Unknown error)
[12:28:33] ERROR [Notif] TCP Connection attempt failed: ConnectionRefusedError(10061, 'Unknown error'); dest=(<AddressFamily.AF_INET: 2>, <SocketKind.SOCK_STREAM: 1>, 6, '', ('127.0.0.1', 5672))
[12:28:33] ERROR [Notif] AMQPConnector - reporting failure: AMQPConnectorSocketConnectError: ConnectionRefusedError(10061, 'Unknown error')
[12:28:33] ERROR [Notif] AMQP connection workflow failed: AMQPConnectionWorkflowFailed: 2 exceptions in all; last exception - AMQPConnectorSocketConnectError: ConnectionRefusedError(10061, 'Unknown error'); first exception - AMQPConnectorSocketConnectError: ConnectionRefusedError(10061, 'Unknown error').
[12:28:33] ERROR [Notif] AMQPConnectionWorkflow - reporting failure: AMQPConnectionWorkflowFailed: 2 exceptions in all; last exception - AMQPConnectorSocketConnectError: ConnectionRefusedError(10061, 'Unknown error'); first exception - AMQPConnectorSocketConnectError: ConnectionRefusedError(10061, 'Unknown error')
[12:28:33] ERROR [Notif] Connection workflow failed: AMQPConnectionWorkflowFailed: 2 exceptions in all; last exception - AMQPConnectorSocketConnectError: ConnectionRefusedError(10061, 'Unknown error'); first exception - AMQPConnectorSocketConnectError: ConnectionRefusedError(10061, 'Unknown error')
[12:28:33] ERROR [Notif] Error in _create_connection().
Traceback (most recent call last):
  File "C:\Users\Usuario iTC\OneDrive\Desktop\Proyecto-Distribuidos\Proyecto-Sistemas-Distribuidos-U1\.venv\Lib\site-packages\pika\adapters\blocking_connection.py", line 451, in _create_connection
    raise self._reap_last_connection_workflow_error(error)
pika.exceptions.AMQPConnectionError
[12:28:33] ERROR [Notif] RabbitMQ no disponible: . Reintentando en 5s...
[12:28:38] INFO [Notif] Conectando a RabbitMQ (localhost)...
[12:28:38] INFO [Notif] Pika version 1.3.2 connecting to ('::1', 5672, 0, 0)
[12:28:40] ERROR [Notif] Socket failed to connect: <socket.socket fd=900, family=23, type=1, proto=6, laddr=('::', 54519, 0, 0)>; error=10061 (Unknown error)
[12:28:40] ERROR [Notif] TCP Connection attempt failed: ConnectionRefusedError(10061, 'Unknown error'); dest=(<AddressFamily.AF_INET6: 23>, <SocketKind.SOCK_STREAM: 1>, 6, '', ('::1', 5672, 0, 0))
[12:28:40] ERROR [Notif] AMQPConnector - reporting failure: AMQPConnectorSocketConnectError: ConnectionRefusedError(10061, 'Unknown error')
[12:28:40] INFO [Notif] Pika version 1.3.2 connecting to ('127.0.0.1', 5672)
Connector - reporting failure: AMQPConnectorSocketConnectError: ConnectionRefusedError(10061, 'Unknown error')
[12:24:50] INFO [Notif] Pika version 1.3.2 connecting to ('127.0.0.1', 5672)
[12:24:52] ERROR [Notif] Socket failed to connect: <socket.socket fd=772, family=2, type=1, proto=6, laddr=('0.0.0.0', 52075)>; error=10061 (Unknown error)
[12:24:52] ERROR [Notif] TCP Connection attempt failed: ConnectionRefusedError(10061, 'Unknown error'); dest=(<AddressFamily.AF_INET: 2>, <SocketKind.SOCK_STREAM: 1>, 6, '', ('127.0.0.1', 5672))
[12:24:52] ERROR [Notif] AMQPConnector - reporting failure: AMQPConnectorSocketConnectError: ConnectionRefusedError(10061, 'Unknown error')
[12:24:52] ERROR [Notif] AMQP connection workflow failed: AMQPConnectionWorkflowFailed: 2 exceptions in all; last exception - AMQPConnectorSocketConnectError: ConnectionRefusedError(10061, 'Unknown error'); first exception - AMQPConnectorSocketConnectError: ConnectionRefusedError(10061, 'Unknown error').
[12:24:52] ERROR [Notif] AMQPConnectionWorkflow - reporting failure: AMQPConnectionWorkflowFailed: 2 exceptions in all; last exception - AMQPConnectorSocketConnectError: ConnectionRefusedError(10061, 'Unknown error'); first exception - AMQPConnectorSocketConnectError: ConnectionRefusedError(10061, 'Unknown error')
[12:24:52] ERROR [Notif] Connection workflow failed: AMQPConnectionWorkflowFailed: 2 exceptions in all; last exception - AMQPConnectorSocketConnectError: ConnectionRefusedError(10061, 'Unknown error'); first exception - AMQPConnectorSocketConnectError: ConnectionRefusedError(10061, 'Unknown error')
[12:24:52] ERROR [Notif] Error in _create_connection().
Traceback (most recent call last):
  File "C:\Users\Usuario iTC\OneDrive\Desktop\Proyecto-Distribuidos\Proyecto-Sistemas-Distribuidos-U1\.venv\Lib\site-packages\pika\adapters\blocking_connection.py", line 451, in _create_connection
    raise self._reap_last_connection_workflow_error(error)
pika.exceptions.AMQPConnectionError
[12:24:52] ERROR [Notif] RabbitMQ no disponible: . Reintentando en 5s...
[12:24:57] INFO [Notif] Conectando a RabbitMQ (localhost)...
[12:24:57] INFO [Notif] Pika version 1.3.2 connecting to ('::1', 5672, 0, 0)
[12:24:59] ERROR [Notif] Socket failed to connect: <socket.socket fd=1016, family=23, type=1, proto=6, laddr=('::', 61708, 0, 0)>; error=10061 (Unknown error)
[12:24:59] ERROR [Notif] TCP Connection attempt failed: ConnectionRefusedError(10061, 'Unknown error'); dest=(<AddressFamily.AF_INET6: 23>, <SocketKind.SOCK_STREAM: 1>, 6, '', ('::1', 5672, 0, 0))
[12:24:59] ERROR [Notif] AMQPConnector - reporting failure: AMQPConnectorSocketConnectError: ConnectionRefusedError(10061, 'Unknown error')
[12:24:59] INFO [Notif] Pika version 1.3.2 connecting to ('127.0.0.1', 5672)
[12:25:01] ERROR [Notif] Socket failed to connect: <socket.socket fd=1016, family=2, type=1, proto=6, laddr=('0.0.0.0', 61710)>; error=10061 (Unknown error)
[12:25:01] ERROR [Notif] TCP Connection attempt failed: ConnectionRefusedError(10061, 'Unknown error'); dest=(<AddressFamily.AF_INET: 2>, <SocketKind.SOCK_STREAM: 1>, 6, '', ('127.0.0.1', 5672))
[12:25:01] ERROR [Notif] AMQPConnector - reporting failure: AMQPConnectorSocketConnectError: ConnectionRefusedError(10061, 'Unknown error')
[12:25:01] ERROR [Notif] AMQP connection workflow failed: AMQPConnectionWorkflowFailed: 2 exceptions in all; last exception - AMQPConnectorSocketConnectError: ConnectionRefusedError(10061, 'Unknown error'); first exception - AMQPConnectorSocketConnectError: ConnectionRefusedError(10061, 'Unknown error').
[12:25:01] ERROR [Notif] AMQPConnectionWorkflow - reporting failure: AMQPConnectionWorkflowFailed: 2 exceptions in all; last exception - AMQPConnectorSocketConnectError: ConnectionRefusedError(10061, 'Unknown error'); first exception - AMQPConnectorSocketConnectError: ConnectionRefusedError(10061, 'Unknown error')
[12:25:01] ERROR [Notif] Connection workflow failed: AMQPConnectionWorkflowFailed: 2 exceptions in all; last exception - AMQPConnectorSocketConnectError: ConnectionRefusedError(10061, 'Unknown error'); first exception - AMQPConnectorSocketConnectError: ConnectionRefusedError(10061, 'Unknown error')
[12:25:01] ERROR [Notif] Error in _create_connection().
Traceback (most recent call last):
  File "C:\Users\Usuario iTC\OneDrive\Desktop\Proyecto-Distribuidos\Proyecto-Sistemas-Distribuidos-U1\.venv\Lib\site-packages\pika\adapters\blocking_connection.py", line 451, in _create_connection
    raise self._reap_last_connection_workflow_error(error)
pika.exceptions.AMQPConnectionError
[12:25:01] ERROR [Notif] RabbitMQ no disponible: . Reintentando en 5s...
[12:25:06] INFO [Notif] Conectando a RabbitMQ (localhost)...
[12:25:06] INFO [Notif] Pika version 1.3.2 connecting to ('::1', 5672, 0, 0)
[12:25:08] ERROR [Notif] Socket failed to connect: <socket.socket fd=1016, family=23, type=1, proto=6, laddr=('::', 58835, 0, 0)>; error=10061 (Unknown error)
[12:25:08] ERROR [Notif] TCP Connection attempt failed: ConnectionRefusedError(10061, 'Unknown error'); dest=(<AddressFamily.AF_INET6: 23>, <SocketKind.SOCK_STREAM: 1>, 6, '', ('::1', 5672, 0, 0))
[12:25:08] ERROR [Notif] AMQPConnector - reporting failure: AMQPConnectorSocketConnectError: ConnectionRefusedError(10061, 'Unknown error')
[12:25:08] INFO [Notif] Pika version 1.3.2 connecting to ('127.0.0.1', 5672)
[12:25:10] ERROR [Notif] Socket failed to connect: <socket.socket fd=1016, family=2, type=1, proto=6, laddr=('0.0.0.0', 58839)>; error=10061 (Unknown error)
[12:25:10] ERROR [Notif] TCP Connection attempt failed: ConnectionRefusedError(10061, 'Unknown error'); dest=(<AddressFamily.AF_INET: 2>, <SocketKind.SOCK_STREAM: 1>, 6, '', ('127.0.0.1', 5672))
[12:25:10] ERROR [Notif] AMQPConnector - reporting failure: AMQPConnectorSocketConnectError: ConnectionRefusedError(10061, 'Unknown error')
[12:25:10] ERROR [Notif] AMQP connection workflow failed: AMQPConnectionWorkflowFailed: 2 exceptions in all; last exception - AMQPConnectorSocketConnectError: ConnectionRefusedError(10061, 'Unknown error'); first exception - AMQPConnectorSocketConnectError: ConnectionRefusedError(10061, 'Unknown error').
[12:25:10] ERROR [Notif] AMQPConnectionWorkflow - reporting failure: AMQPConnectionWorkflowFailed: 2 exceptions in all; last exception - AMQPConnectorSocketConnectError: ConnectionRefusedError(10061, 'Unknown error'); first exception - AMQPConnectorSocketConnectError: ConnectionRefusedError(10061, 'Unknown error')
[12:25:10] ERROR [Notif] Connection workflow failed: AMQPConnectionWorkflowFailed: 2 exceptions in all; last exception - AMQPConnectorSocketConnectError: ConnectionRefusedError(10061, 'Unknown error'); first exception - AMQPConnectorSocketConnectError: ConnectionRefusedError(10061, 'Unknown error')
[12:25:10] ERROR [Notif] Error in _create_connection().
Traceback (most recent call last):
  File "C:\Users\Usuario iTC\OneDrive\Desktop\Proyecto-Distribuidos\Proyecto-Sistemas-Distribuidos-U1\.venv\Lib\site-packages\pika\adapters\blocking_connection.py", line 451, in _create_connection
    raise self._reap_last_connection_workflow_error(error)
pika.exceptions.AMQPConnectionError
[12:25:10] ERROR [Notif] RabbitMQ no disponible: . Reintentando en 5s...
[12:25:15] INFO [Notif] Conectando a RabbitMQ (localhost)...
[12:25:15] INFO [Notif] Pika version 1.3.2 connecting to ('::1', 5672, 0, 0)
[12:25:17] ERROR [Notif] Socket failed to connect: <socket.socket fd=600, family=23, type=1, proto=6, laddr=('::', 58859, 0, 0)>; error=10061 (Unknown error)
[12:25:17] ERROR [Notif] TCP Connection attempt failed: ConnectionRefusedError(10061, 'Unknown error'); dest=(<AddressFamily.AF_INET6: 23>, <SocketKind.SOCK_STREAM: 1>, 6, '', ('::1', 5672, 0, 0))
[12:25:17] ERROR [Notif] AMQPConnector - reporting failure: AMQPConnectorSocketConnectError: ConnectionRefusedError(10061, 'Unknown error')
[12:25:17] INFO [Notif] Pika version 1.3.2 connecting to ('127.0.0.1', 5672)
[12:25:19] ERROR [Notif] Socket failed to connect: <socket.socket fd=600, family=2, type=1, proto=6, laddr=('0.0.0.0', 58864)>; error=10061 (Unknown error)
[12:25:19] ERROR [Notif] TCP Connection attempt failed: ConnectionRefusedError(10061, 'Unknown error'); dest=(<AddressFamily.AF_INET: 2>, <SocketKind.SOCK_STREAM: 1>, 6, '', ('127.0.0.1', 5672))
[12:25:19] ERROR [Notif] AMQPConnector - reporting failure: AMQPConnectorSocketConnectError: ConnectionRefusedError(10061, 'Unknown error')
[12:25:19] ERROR [Notif] AMQP connection workflow failed: AMQPConnectionWorkflowFailed: 2 exceptions in all; last exception - AMQPConnectorSocketConnectError: ConnectionRefusedError(10061, 'Unknown error'); first exception - AMQPConnectorSocketConnectError: ConnectionRefusedError(10061, 'Unknown error').
[12:25:19] ERROR [Notif] AMQPConnectionWorkflow - reporting failure: AMQPConnectionWorkflowFailed: 2 exceptions in all; last exception - AMQPConnectorSocketConnectError: ConnectionRefusedError(10061, 'Unknown error'); first exception - AMQPConnectorSocketConnectError: ConnectionRefusedError(10061, 'Unknown error')
[12:25:19] ERROR [Notif] Connection workflow failed: AMQPConnectionWorkflowFailed: 2 exceptions in all; last exception - AMQPConnectorSocketConnectError: ConnectionRefusedError(10061, 'Unknown error'); first exception - AMQPConnectorSocketConnectError: ConnectionRefusedError(10061, 'Unknown error')
[12:25:19] ERROR [Notif] Error in _create_connection().
Traceback (most recent call last):
  File "C:\Users\Usuario iTC\OneDrive\Desktop\Proyecto-Distribuidos\Proyecto-Sistemas-Distribuidos-U1\.venv\Lib\site-packages\pika\adapters\blocking_connection.py", line 451, in _create_connection
    raise self._reap_last_connection_workflow_error(error)
pika.exceptions.AMQPConnectionError
[12:25:19] ERROR [Notif] RabbitMQ no disponible: . Reintentando en 5s...
[12:25:24] INFO [Notif] Conectando a RabbitMQ (localhost)...
[12:25:24] INFO [Notif] Pika version 1.3.2 connecting to ('::1', 5672, 0, 0)
[12:25:26] ERROR [Notif] Socket failed to connect: <socket.socket fd=940, family=23, type=1, proto=6, laddr=('::', 54290, 0, 0)>; error=10061 (Unknown error)
[12:25:26] ERROR [Notif] TCP Connection attempt failed: ConnectionRefusedError(10061, 'Unknown error'); dest=(<AddressFamily.AF_INET6: 23>, <SocketKind.SOCK_STREAM: 1>, 6, '', ('::1', 5672, 0, 0))
[12:25:26] ERROR [Notif] AMQPConnector - reporting failure: AMQPConnectorSocketConnectError: ConnectionRefusedError(10061, 'Unknown error')
[12:25:26] INFO [Notif] Pika version 1.3.2 connecting to ('127.0.0.1', 5672)
[12:25:28] ERROR [Notif] Socket failed to connect: <socket.socket fd=940, family=2, type=1, proto=6, laddr=('0.0.0.0', 54295)>; error=10061 (Unknown error)
[12:25:28] ERROR [Notif] TCP Connection attempt failed: ConnectionRefusedError(10061, 'Unknown error'); dest=(<AddressFamily.AF_INET: 2>, <SocketKind.SOCK_STREAM: 1>, 6, '', ('127.0.0.1', 5672))
[12:25:28] ERROR [Notif] AMQPConnector - reporting failure: AMQPConnectorSocketConnectError: ConnectionRefusedError(10061, 'Unknown error')
[12:25:28] ERROR [Notif] AMQP connection workflow failed: AMQPConnectionWorkflowFailed: 2 exceptions in all; last exception - AMQPConnectorSocketConnectError: ConnectionRefusedError(10061, 'Unknown error'); first exception - AMQPConnectorSocketConnectError: ConnectionRefusedError(10061, 'Unknown error').
[12:25:28] ERROR [Notif] AMQPConnectionWorkflow - reporting failure: AMQPConnectionWorkflowFailed: 2 exceptions in all; last exception - AMQPConnectorSocketConnectError: ConnectionRefusedError(10061, 'Unknown error'); first exception - AMQPConnectorSocketConnectError: ConnectionRefusedError(10061, 'Unknown error')
[12:25:28] ERROR [Notif] Connection workflow failed: AMQPConnectionWorkflowFailed: 2 exceptions in all; last exception - AMQPConnectorSocketConnectError: ConnectionRefusedError(10061, 'Unknown error'); first exception - AMQPConnectorSocketConnectError: ConnectionRefusedError(10061, 'Unknown error')
[12:25:28] ERROR [Notif] Error in _create_connection().
Traceback (most recent call last):
  File "C:\Users\Usuario iTC\OneDrive\Desktop\Proyecto-Distribuidos\Proyecto-Sistemas-Distribuidos-U1\.venv\Lib\site-packages\pika\adapters\blocking_connection.py", line 451, in _create_connection
    raise self._reap_last_connection_workflow_error(error)
pika.exceptions.AMQPConnectionError
[12:25:28] ERROR [Notif] RabbitMQ no disponible: . Reintentando en 5s...
[12:25:33] INFO [Notif] Conectando a RabbitMQ (localhost)...
[12:25:33] INFO [Notif] Pika version 1.3.2 connecting to ('::1', 5672, 0, 0)
[12:25:35] ERROR [Notif] Socket failed to connect: <socket.socket fd=376, family=23, type=1, proto=6, laddr=('::', 54314, 0, 0)>; error=10061 (Unknown error)
[12:25:35] ERROR [Notif] TCP Connection attempt failed: ConnectionRefusedError(10061, 'Unknown error'); dest=(<AddressFamily.AF_INET6: 23>, <SocketKind.SOCK_STREAM: 1>, 6, '', ('::1', 5672, 0, 0))
[12:25:35] ERROR [Notif] AMQPConnector - reporting failure: AMQPConnectorSocketConnectError: ConnectionRefusedError(10061, 'Unknown error')
[12:25:35] INFO [Notif] Pika version 1.3.2 connecting to ('127.0.0.1', 5672)
[12:25:37] ERROR [Notif] Socket failed to connect: <socket.socket fd=376, family=2, type=1, proto=6, laddr=('0.0.0.0', 54316)>; error=10061 (Unknown error)
[12:25:37] ERROR [Notif] TCP Connection attempt failed: ConnectionRefusedError(10061, 'Unknown error'); dest=(<AddressFamily.AF_INET: 2>, <SocketKind.SOCK_STREAM: 1>, 6, '', ('127.0.0.1', 5672))
[12:25:37] ERROR [Notif] AMQPConnector - reporting failure: AMQPConnectorSocketConnectError: ConnectionRefusedError(10061, 'Unknown error')
[12:25:37] ERROR [Notif] AMQP connection workflow failed: AMQPConnectionWorkflowFailed: 2 exceptions in all; last exception - AMQPConnectorSocketConnectError: ConnectionRefusedError(10061, 'Unknown error'); first exception - AMQPConnectorSocketConnectError: ConnectionRefusedError(10061, 'Unknown error').
[12:25:37] ERROR [Notif] AMQPConnectionWorkflow - reporting failure: AMQPConnectionWorkflowFailed: 2 exceptions in all; last exception - AMQPConnectorSocketConnectError: ConnectionRefusedError(10061, 'Unknown error'); first exception - AMQPConnectorSocketConnectError: ConnectionRefusedError(10061, 'Unknown error')
[12:25:37] ERROR [Notif] Connection workflow failed: AMQPConnectionWorkflowFailed: 2 exceptions in all; last exception - AMQPConnectorSocketConnectError: ConnectionRefusedError(10061, 'Unknown error'); first exception - AMQPConnectorSocketConnectError: ConnectionRefusedError(10061, 'Unknown error')
[12:25:37] ERROR [Notif] Error in _create_connection().
Traceback (most recent call last):
  File "C:\Users\Usuario iTC\OneDrive\Desktop\Proyecto-Distribuidos\Proyecto-Sistemas-Distribuidos-U1\.venv\Lib\site-packages\pika\adapters\blocking_connection.py", line 451, in _create_connection
    raise self._reap_last_connection_workflow_error(error)
pika.exceptions.AMQPConnectionError
[12:25:37] ERROR [Notif] RabbitMQ no disponible: . Reintentando en 5s...
[12:25:42] INFO [Notif] Conectando a RabbitMQ (localhost)...
[12:25:42] INFO [Notif] Pika version 1.3.2 connecting to ('::1', 5672, 0, 0)
[12:25:44] ERROR [Notif] Socket failed to connect: <socket.socket fd=792, family=23, type=1, proto=6, laddr=('::', 54337, 0, 0)>; error=10061 (Unknown error)
[12:25:44] ERROR [Notif] TCP Connection attempt failed: ConnectionRefusedError(10061, 'Unknown error'); dest=(<AddressFamily.AF_INET6: 23>, <SocketKind.SOCK_STREAM: 1>, 6, '', ('::1', 5672, 0, 0))
[12:25:44] ERROR [Notif] AMQPConnector - reporting failure: AMQPConnectorSocketConnectError: ConnectionRefusedError(10061, 'Unknown error')
[12:25:44] INFO [Notif] Pika version 1.3.2 connecting to ('127.0.0.1', 5672)
[12:25:46] ERROR [Notif] Socket failed to connect: <socket.socket fd=792, family=2, type=1, proto=6, laddr=('0.0.0.0', 54339)>; error=10061 (Unknown error)
[12:25:46] ERROR [Notif] TCP Connection attempt failed: ConnectionRefusedError(10061, 'Unknown error'); dest=(<AddressFamily.AF_INET: 2>, <SocketKind.SOCK_STREAM: 1>, 6, '', ('127.0.0.1', 5672))
[12:25:46] ERROR [Notif] AMQPConnector - reporting failure: AMQPConnectorSocketConnectError: ConnectionRefusedError(10061, 'Unknown error')
[12:25:46] ERROR [Notif] AMQP connection workflow failed: AMQPConnectionWorkflowFailed: 2 exceptions in all; last exception - AMQPConnectorSocketConnectError: ConnectionRefusedError(10061, 'Unknown error'); first exception - AMQPConnectorSocketConnectError: ConnectionRefusedError(10061, 'Unknown error').
[12:25:46] ERROR [Notif] AMQPConnectionWorkflow - reporting failure: AMQPConnectionWorkflowFailed: 2 exceptions in all; last exception - AMQPConnectorSocketConnectError: ConnectionRefusedError(10061, 'Unknown error'); first exception - AMQPConnectorSocketConnectError: ConnectionRefusedError(10061, 'Unknown error')
[12:25:46] ERROR [Notif] Connection workflow failed: AMQPConnectionWorkflowFailed: 2 exceptions in all; last exception - AMQPConnectorSocketConnectError: ConnectionRefusedError(10061, 'Unknown error'); first exception - AMQPConnectorSocketConnectError: ConnectionRefusedError(10061, 'Unknown error')
[12:25:46] ERROR [Notif] Error in _create_connection().
Traceback (most recent call last):
  File "C:\Users\Usuario iTC\OneDrive\Desktop\Proyecto-Distribuidos\Proyecto-Sistemas-Distribuidos-U1\.venv\Lib\site-packages\pika\adapters\blocking_connection.py", line 451, in _create_connection
    raise self._reap_last_connection_workflow_error(error)
pika.exceptions.AMQPConnectionError
[12:25:46] ERROR [Notif] RabbitMQ no disponible: . Reintentando en 5s...
[12:25:51] INFO [Notif] Conectando a RabbitMQ (localhost)...
[12:25:51] INFO [Notif] Pika version 1.3.2 connecting to ('::1', 5672, 0, 0)
[12:25:53] ERROR [Notif] Socket failed to connect: <socket.socket fd=1000, family=23, type=1, proto=6, laddr=('::', 54365, 0, 0)>; error=10061 (Unknown error)
[12:25:53] ERROR [Notif] TCP Connection attempt failed: ConnectionRefusedError(10061, 'Unknown error'); dest=(<AddressFamily.AF_INET6: 23>, <SocketKind.SOCK_STREAM: 1>, 6, '', ('::1', 5672, 0, 0))
[12:25:53] ERROR [Notif] AMQPConnector - reporting failure: AMQPConnectorSocketConnectError: ConnectionRefusedError(10061, 'Unknown error')
[12:25:53] INFO [Notif] Pika version 1.3.2 connecting to ('127.0.0.1', 5672)
[12:25:55] ERROR [Notif] Socket failed to connect: <socket.socket fd=1000, family=2, type=1, proto=6, laddr=('0.0.0.0', 65055)>; error=10061 (Unknown error)
[12:25:55] ERROR [Notif] TCP Connection attempt failed: ConnectionRefusedError(10061, 'Unknown error'); dest=(<AddressFamily.AF_INET: 2>, <SocketKind.SOCK_STREAM: 1>, 6, '', ('127.0.0.1', 5672))
[12:25:55] ERROR [Notif] AMQPConnector - reporting failure: AMQPConnectorSocketConnectError: ConnectionRefusedError(10061, 'Unknown error')
[12:25:55] ERROR [Notif] AMQP connection workflow failed: AMQPConnectionWorkflowFailed: 2 exceptions in all; last exception - AMQPConnectorSocketConnectError: ConnectionRefusedError(10061, 'Unknown error'); first exception - AMQPConnectorSocketConnectError: ConnectionRefusedError(10061, 'Unknown error').
[12:25:55] ERROR [Notif] AMQPConnectionWorkflow - reporting failure: AMQPConnectionWorkflowFailed: 2 exceptions in all; last exception - AMQPConnectorSocketConnectError: ConnectionRefusedError(10061, 'Unknown error'); first exception - AMQPConnectorSocketConnectError: ConnectionRefusedError(10061, 'Unknown error')
[12:25:55] ERROR [Notif] Connection workflow failed: AMQPConnectionWorkflowFailed: 2 exceptions in all; last exception - AMQPConnectorSocketConnectError: ConnectionRefusedError(10061, 'Unknown error'); first exception - AMQPConnectorSocketConnectError: ConnectionRefusedError(10061, 'Unknown error')
[12:25:55] ERROR [Notif] Error in _create_connection().
Traceback (most recent call last):
  File "C:\Users\Usuario iTC\OneDrive\Desktop\Proyecto-Distribuidos\Proyecto-Sistemas-Distribuidos-U1\.venv\Lib\site-packages\pika\adapters\blocking_connection.py", line 451, in _create_connection
    raise self._reap_last_connection_workflow_error(error)
pika.exceptions.AMQPConnectionError
[12:25:55] ERROR [Notif] RabbitMQ no disponible: . Reintentando en 5s...
[12:26:00] INFO [Notif] Conectando a RabbitMQ (localhost)...
[12:26:00] INFO [Notif] Pika version 1.3.2 connecting to ('::1', 5672, 0, 0)
[12:26:02] ERROR [Notif] Socket failed to connect: <socket.socket fd=796, family=23, type=1, proto=6, laddr=('::', 65076, 0, 0)>; error=10061 (Unknown error)
[12:26:02] ERROR [Notif] TCP Connection attempt failed: ConnectionRefusedError(10061, 'Unknown error'); dest=(<AddressFamily.AF_INET6: 23>, <SocketKind.SOCK_STREAM: 1>, 6, '', ('::1', 5672, 0, 0))
[12:26:02] ERROR [Notif] AMQPConnector - reporting failure: AMQPConnectorSocketConnectError: ConnectionRefusedError(10061, 'Unknown error')
[12:26:02] INFO [Notif] Pika version 1.3.2 connecting to ('127.0.0.1', 5672)
[12:26:04] ERROR [Notif] Socket failed to connect: <socket.socket fd=796, family=2, type=1, proto=6, laddr=('0.0.0.0', 65081)>; error=10061 (Unknown error)
[12:26:04] ERROR [Notif] TCP Connection attempt failed: ConnectionRefusedError(10061, 'Unknown error'); dest=(<AddressFamily.AF_INET: 2>, <SocketKind.SOCK_STREAM: 1>, 6, '', ('127.0.0.1', 5672))
[12:26:04] ERROR [Notif] AMQPConnector - reporting failure: AMQPConnectorSocketConnectError: ConnectionRefusedError(10061, 'Unknown error')
[12:26:04] ERROR [Notif] AMQP connection workflow failed: AMQPConnectionWorkflowFailed: 2 exceptions in all; last exception - AMQPConnectorSocketConnectError: ConnectionRefusedError(10061, 'Unknown error'); first exception - AMQPConnectorSocketConnectError: ConnectionRefusedError(10061, 'Unknown error').
[12:26:04] ERROR [Notif] AMQPConnectionWorkflow - reporting failure: AMQPConnectionWorkflowFailed: 2 exceptions in all; last exception - AMQPConnectorSocketConnectError: ConnectionRefusedError(10061, 'Unknown error'); first exception - AMQPConnectorSocketConnectError: ConnectionRefusedError(10061, 'Unknown error')
[12:26:04] ERROR [Notif] Connection workflow failed: AMQPConnectionWorkflowFailed: 2 exceptions in all; last exception - AMQPConnectorSocketConnectError: ConnectionRefusedError(10061, 'Unknown error'); first exception - AMQPConnectorSocketConnectError: ConnectionRefusedError(10061, 'Unknown error')
[12:26:04] ERROR [Notif] Error in _create_connection().
Traceback (most recent call last):
  File "C:\Users\Usuario iTC\OneDrive\Desktop\Proyecto-Distribuidos\Proyecto-Sistemas-Distribuidos-U1\.venv\Lib\site-packages\pika\adapters\blocking_connection.py", line 451, in _create_connection
    raise self._reap_last_connection_workflow_error(error)
pika.exceptions.AMQPConnectionError
[12:26:04] ERROR [Notif] RabbitMQ no disponible: . Reintentando en 5s...
[12:26:09] INFO [Notif] Conectando a RabbitMQ (localhost)...
[12:26:09] INFO [Notif] Pika version 1.3.2 connecting to ('::1', 5672, 0, 0)
[12:26:11] ERROR [Notif] Socket failed to connect: <socket.socket fd=1020, family=23, type=1, proto=6, laddr=('::', 65108, 0, 0)>; error=10061 (Unknown error)
[12:26:11] ERROR [Notif] TCP Connection attempt failed: ConnectionRefusedError(10061, 'Unknown error'); dest=(<AddressFamily.AF_INET6: 23>, <SocketKind.SOCK_STREAM: 1>, 6, '', ('::1', 5672, 0, 0))
[12:26:11] ERROR [Notif] AMQPConnector - reporting failure: AMQPConnectorSocketConnectError: ConnectionRefusedError(10061, 'Unknown error')
[12:26:11] INFO [Notif] Pika version 1.3.2 connecting to ('127.0.0.1', 5672)
[12:26:13] ERROR [Notif] Socket failed to connect: <socket.socket fd=1020, family=2, type=1, proto=6, laddr=('0.0.0.0', 65113)>; error=10061 (Unknown error)
[12:26:13] ERROR [Notif] TCP Connection attempt failed: ConnectionRefusedError(10061, 'Unknown error'); dest=(<AddressFamily.AF_INET: 2>, <SocketKind.SOCK_STREAM: 1>, 6, '', ('127.0.0.1', 5672))
[12:26:13] ERROR [Notif] AMQPConnector - reporting failure: AMQPConnectorSocketConnectError: ConnectionRefusedError(10061, 'Unknown error')
[12:26:13] ERROR [Notif] AMQP connection workflow failed: AMQPConnectionWorkflowFailed: 2 exceptions in all; last exception - AMQPConnectorSocketConnectError: ConnectionRefusedError(10061, 'Unknown error'); first exception - AMQPConnectorSocketConnectError: ConnectionRefusedError(10061, 'Unknown error').
[12:26:13] ERROR [Notif] AMQPConnectionWorkflow - reporting failure: AMQPConnectionWorkflowFailed: 2 exceptions in all; last exception - AMQPConnectorSocketConnectError: ConnectionRefusedError(10061, 'Unknown error'); first exception - AMQPConnectorSocketConnectError: ConnectionRefusedError(10061, 'Unknown error')
[12:26:13] ERROR [Notif] Connection workflow failed: AMQPConnectionWorkflowFailed: 2 exceptions in all; last exception - AMQPConnectorSocketConnectError: ConnectionRefusedError(10061, 'Unknown error'); first exception - AMQPConnectorSocketConnectError: ConnectionRefusedError(10061, 'Unknown error')
[12:26:13] ERROR [Notif] Error in _create_connection().
Traceback (most recent call last):
  File "C:\Users\Usuario iTC\OneDrive\Desktop\Proyecto-Distribuidos\Proyecto-Sistemas-Distribuidos-U1\.venv\Lib\site-packages\pika\adapters\blocking_connection.py", line 451, in _create_connection
    raise self._reap_last_connection_workflow_error(error)
pika.exceptions.AMQPConnectionError
[12:26:13] ERROR [Notif] RabbitMQ no disponible: . Reintentando en 5s...
[12:26:18] INFO [Notif] Conectando a RabbitMQ (localhost)...
[12:26:18] INFO [Notif] Pika version 1.3.2 connecting to ('::1', 5672, 0, 0)
[12:26:20] ERROR [Notif] Socket failed to connect: <socket.socket fd=1028, family=23, type=1, proto=6, laddr=('::', 65131, 0, 0)>; error=10061 (Unknown error)
[12:26:20] ERROR [Notif] TCP Connection attempt failed: ConnectionRefusedError(10061, 'Unknown error'); dest=(<AddressFamily.AF_INET6: 23>, <SocketKind.SOCK_STREAM: 1>, 6, '', ('::1', 5672, 0, 0))
[12:26:20] ERROR [Notif] AMQPConnector - reporting failure: AMQPConnectorSocketConnectError: ConnectionRefusedError(10061, 'Unknown error')
[12:26:20] INFO [Notif] Pika version 1.3.2 connecting to ('127.0.0.1', 5672)
[12:26:22] ERROR [Notif] Socket failed to connect: <socket.socket fd=1028, family=2, type=1, proto=6, laddr=('0.0.0.0', 65134)>; error=10061 (Unknown error)
[12:26:22] ERROR [Notif] TCP Connection attempt failed: ConnectionRefusedError(10061, 'Unknown error'); dest=(<AddressFamily.AF_INET: 2>, <SocketKind.SOCK_STREAM: 1>, 6, '', ('127.0.0.1', 5672))
[12:26:22] ERROR [Notif] AMQPConnector - reporting failure: AMQPConnectorSocketConnectError: ConnectionRefusedError(10061, 'Unknown error')
[12:26:22] ERROR [Notif] AMQP connection workflow failed: AMQPConnectionWorkflowFailed: 2 exceptions in all; last exception - AMQPConnectorSocketConnectError: ConnectionRefusedError(10061, 'Unknown error'); first exception - AMQPConnectorSocketConnectError: ConnectionRefusedError(10061, 'Unknown error').
[12:26:22] ERROR [Notif] AMQPConnectionWorkflow - reporting failure: AMQPConnectionWorkflowFailed: 2 exceptions in all; last exception - AMQPConnectorSocketConnectError: ConnectionRefusedError(10061, 'Unknown error'); first exception - AMQPConnectorSocketConnectError: ConnectionRefusedError(10061, 'Unknown error')
[12:26:22] ERROR [Notif] Connection workflow failed: AMQPConnectionWorkflowFailed: 2 exceptions in all; last exception - AMQPConnectorSocketConnectError: ConnectionRefusedError(10061, 'Unknown error'); first exception - AMQPConnectorSocketConnectError: ConnectionRefusedError(10061, 'Unknown error')
[12:26:22] ERROR [Notif] Error in _create_connection().
Traceback (most recent call last):
  File "C:\Users\Usuario iTC\OneDrive\Desktop\Proyecto-Distribuidos\Proyecto-Sistemas-Distribuidos-U1\.venv\Lib\site-packages\pika\adapters\blocking_connection.py", line 451, in _create_connection
    raise self._reap_last_connection_workflow_error(error)
pika.exceptions.AMQPConnectionError
[12:26:22] ERROR [Notif] RabbitMQ no disponible: . Reintentando en 5s...
[12:26:27] INFO [Notif] Conectando a RabbitMQ (localhost)...
[12:26:27] INFO [Notif] Pika version 1.3.2 connecting to ('::1', 5672, 0, 0)
[12:26:30] ERROR [Notif] Socket failed to connect: <socket.socket fd=944, family=23, type=1, proto=6, laddr=('::', 65152, 0, 0)>; error=10061 (Unknown error)
[12:26:30] ERROR [Notif] TCP Connection attempt failed: ConnectionRefusedError(10061, 'Unknown error'); dest=(<AddressFamily.AF_INET6: 23>, <SocketKind.SOCK_STREAM: 1>, 6, '', ('::1', 5672, 0, 0))
[12:26:30] ERROR [Notif] AMQPConnector - reporting failure: AMQPConnectorSocketConnectError: ConnectionRefusedError(10061, 'Unknown error')
[12:26:30] INFO [Notif] Pika version 1.3.2 connecting to ('127.0.0.1', 5672)
[12:26:32] ERROR [Notif] Socket failed to connect: <socket.socket fd=944, family=2, type=1, proto=6, laddr=('0.0.0.0', 65156)>; error=10061 (Unknown error)
[12:26:32] ERROR [Notif] TCP Connection attempt failed: ConnectionRefusedError(10061, 'Unknown error'); dest=(<AddressFamily.AF_INET: 2>, <SocketKind.SOCK_STREAM: 1>, 6, '', ('127.0.0.1', 5672))
[12:26:32] ERROR [Notif] AMQPConnector - reporting failure: AMQPConnectorSocketConnectError: ConnectionRefusedError(10061, 'Unknown error')
[12:26:32] ERROR [Notif] AMQP connection workflow failed: AMQPConnectionWorkflowFailed: 2 exceptions in all; last exception - AMQPConnectorSocketConnectError: ConnectionRefusedError(10061, 'Unknown error'); first exception - AMQPConnectorSocketConnectError: ConnectionRefusedError(10061, 'Unknown error').
[12:26:32] ERROR [Notif] AMQPConnectionWorkflow - reporting failure: AMQPConnectionWorkflowFailed: 2 exceptions in all; last exception - AMQPConnectorSocketConnectError: ConnectionRefusedError(10061, 'Unknown error'); first exception - AMQPConnectorSocketConnectError: ConnectionRefusedError(10061, 'Unknown error')
[12:26:32] ERROR [Notif] Connection workflow failed: AMQPConnectionWorkflowFailed: 2 exceptions in all; last exception - AMQPConnectorSocketConnectError: ConnectionRefusedError(10061, 'Unknown error'); first exception - AMQPConnectorSocketConnectError: ConnectionRefusedError(10061, 'Unknown error')
[12:26:32] ERROR [Notif] Error in _create_connection().
Traceback (most recent call last):
  File "C:\Users\Usuario iTC\OneDrive\Desktop\Proyecto-Distribuidos\Proyecto-Sistemas-Distribuidos-U1\.venv\Lib\site-packages\pika\adapters\blocking_connection.py", line 451, in _create_connection
    raise self._reap_last_connection_workflow_error(error)
pika.exceptions.AMQPConnectionError
[12:26:32] ERROR [Notif] RabbitMQ no disponible: . Reintentando en 5s...
[12:26:37] INFO [Notif] Conectando a RabbitMQ (localhost)...
[12:26:37] INFO [Notif] Pika version 1.3.2 connecting to ('::1', 5672, 0, 0)
[12:26:39] ERROR [Notif] Socket failed to connect: <socket.socket fd=376, family=23, type=1, proto=6, laddr=('::', 65178, 0, 0)>; error=10061 (Unknown error)
[12:26:39] ERROR [Notif] TCP Connection attempt failed: ConnectionRefusedError(10061, 'Unknown error'); dest=(<AddressFamily.AF_INET6: 23>, <SocketKind.SOCK_STREAM: 1>, 6, '', ('::1', 5672, 0, 0))
[12:26:39] ERROR [Notif] AMQPConnector - reporting failure: AMQPConnectorSocketConnectError: ConnectionRefusedError(10061, 'Unknown error')
[12:26:39] INFO [Notif] Pika version 1.3.2 connecting to ('127.0.0.1', 5672)
[12:26:41] ERROR [Notif] Socket failed to connect: <socket.socket fd=376, family=2, type=1, proto=6, laddr=('0.0.0.0', 65180)>; error=10061 (Unknown error)
[12:26:41] ERROR [Notif] TCP Connection attempt failed: ConnectionRefusedError(10061, 'Unknown error'); dest=(<AddressFamily.AF_INET: 2>, <SocketKind.SOCK_STREAM: 1>, 6, '', ('127.0.0.1', 5672))
[12:26:41] ERROR [Notif] AMQPConnector - reporting failure: AMQPConnectorSocketConnectError: ConnectionRefusedError(10061, 'Unknown error')
[12:26:41] ERROR [Notif] AMQP connection workflow failed: AMQPConnectionWorkflowFailed: 2 exceptions in all; last exception - AMQPConnectorSocketConnectError: ConnectionRefusedError(10061, 'Unknown error'); first exception - AMQPConnectorSocketConnectError: ConnectionRefusedError(10061, 'Unknown error').
[12:26:41] ERROR [Notif] AMQPConnectionWorkflow - reporting failure: AMQPConnectionWorkflowFailed: 2 exceptions in all; last exception - AMQPConnectorSocketConnectError: ConnectionRefusedError(10061, 'Unknown error'); first exception - AMQPConnectorSocketConnectError: ConnectionRefusedError(10061, 'Unknown error')
[12:26:41] ERROR [Notif] Connection workflow failed: AMQPConnectionWorkflowFailed: 2 exceptions in all; last exception - AMQPConnectorSocketConnectError: ConnectionRefusedError(10061, 'Unknown error'); first exception - AMQPConnectorSocketConnectError: ConnectionRefusedError(10061, 'Unknown error')
[12:26:41] ERROR [Notif] Error in _create_connection().
Traceback (most recent call last):
  File "C:\Users\Usuario iTC\OneDrive\Desktop\Proyecto-Distribuidos\Proyecto-Sistemas-Distribuidos-U1\.venv\Lib\site-packages\pika\adapters\blocking_connection.py", line 451, in _create_connection
    raise self._reap_last_connection_workflow_error(error)
pika.exceptions.AMQPConnectionError
[12:26:41] ERROR [Notif] RabbitMQ no disponible: . Reintentando en 5s...
[12:26:46] INFO [Notif] Conectando a RabbitMQ (localhost)...
[12:26:46] INFO [Notif] Pika version 1.3.2 connecting to ('::1', 5672, 0, 0)
[12:26:48] ERROR [Notif] Socket failed to connect: <socket.socket fd=740, family=23, type=1, proto=6, laddr=('::', 65199, 0, 0)>; error=10061 (Unknown error)
[12:26:48] ERROR [Notif] TCP Connection attempt failed: ConnectionRefusedError(10061, 'Unknown error'); dest=(<AddressFamily.AF_INET6: 23>, <SocketKind.SOCK_STREAM: 1>, 6, '', ('::1', 5672, 0, 0))
[12:26:48] ERROR [Notif] AMQPConnector - reporting failure: AMQPConnectorSocketConnectError: ConnectionRefusedError(10061, 'Unknown error')
[12:26:48] INFO [Notif] Pika version 1.3.2 connecting to ('127.0.0.1', 5672)
[12:26:50] ERROR [Notif] Socket failed to connect: <socket.socket fd=740, family=2, type=1, proto=6, laddr=('0.0.0.0', 58726)>; error=10061 (Unknown error)
[12:26:50] ERROR [Notif] TCP Connection attempt failed: ConnectionRefusedError(10061, 'Unknown error'); dest=(<AddressFamily.AF_INET: 2>, <SocketKind.SOCK_STREAM: 1>, 6, '', ('127.0.0.1', 5672))
[12:26:50] ERROR [Notif] AMQPConnector - reporting failure: AMQPConnectorSocketConnectError: ConnectionRefusedError(10061, 'Unknown error')
[12:26:50] ERROR [Notif] AMQP connection workflow failed: AMQPConnectionWorkflowFailed: 2 exceptions in all; last exception - AMQPConnectorSocketConnectError: ConnectionRefusedError(10061, 'Unknown error'); first exception - AMQPConnectorSocketConnectError: ConnectionRefusedError(10061, 'Unknown error').
[12:26:50] ERROR [Notif] AMQPConnectionWorkflow - reporting failure: AMQPConnectionWorkflowFailed: 2 exceptions in all; last exception - AMQPConnectorSocketConnectError: ConnectionRefusedError(10061, 'Unknown error'); first exception - AMQPConnectorSocketConnectError: ConnectionRefusedError(10061, 'Unknown error')
[12:26:50] ERROR [Notif] Connection workflow failed: AMQPConnectionWorkflowFailed: 2 exceptions in all; last exception - AMQPConnectorSocketConnectError: ConnectionRefusedError(10061, 'Unknown error'); first exception - AMQPConnectorSocketConnectError: ConnectionRefusedError(10061, 'Unknown error')
[12:26:50] ERROR [Notif] Error in _create_connection().
Traceback (most recent call last):
  File "C:\Users\Usuario iTC\OneDrive\Desktop\Proyecto-Distribuidos\Proyecto-Sistemas-Distribuidos-U1\.venv\Lib\site-packages\pika\adapters\blocking_connection.py", line 451, in _create_connection
    raise self._reap_last_connection_workflow_error(error)
pika.exceptions.AMQPConnectionError
[12:26:50] ERROR [Notif] RabbitMQ no disponible: . Reintentando en 5s...
[12:26:55] INFO [Notif] Conectando a RabbitMQ (localhost)...
[12:26:55] INFO [Notif] Pika version 1.3.2 connecting to ('::1', 5672, 0, 0)
[12:26:57] ERROR [Notif] Socket failed to connect: <socket.socket fd=988, family=23, type=1, proto=6, laddr=('::', 58852, 0, 0)>; error=10061 (Unknown error)
[12:26:57] ERROR [Notif] TCP Connection attempt failed: ConnectionRefusedError(10061, 'Unknown error'); dest=(<AddressFamily.AF_INET6: 23>, <SocketKind.SOCK_STREAM: 1>, 6, '', ('::1', 5672, 0, 0))
[12:26:57] ERROR [Notif] AMQPConnector - reporting failure: AMQPConnectorSocketConnectError: ConnectionRefusedError(10061, 'Unknown error')
[12:26:57] INFO [Notif] Pika version 1.3.2 connecting to ('127.0.0.1', 5672)
[12:26:59] ERROR [Notif] Socket failed to connect: <socket.socket fd=988, family=2, type=1, proto=6, laddr=('0.0.0.0', 58858)>; error=10061 (Unknown error)
[12:26:59] ERROR [Notif] TCP Connection attempt failed: ConnectionRefusedError(10061, 'Unknown error'); dest=(<AddressFamily.AF_INET: 2>, <SocketKind.SOCK_STREAM: 1>, 6, '', ('127.0.0.1', 5672))
[12:26:59] ERROR [Notif] AMQPConnector - reporting failure: AMQPConnectorSocketConnectError: ConnectionRefusedError(10061, 'Unknown error')
[12:26:59] ERROR [Notif] AMQP connection workflow failed: AMQPConnectionWorkflowFailed: 2 exceptions in all; last exception - AMQPConnectorSocketConnectError: ConnectionRefusedError(10061, 'Unknown error'); first exception - AMQPConnectorSocketConnectError: ConnectionRefusedError(10061, 'Unknown error').
[12:26:59] ERROR [Notif] AMQPConnectionWorkflow - reporting failure: AMQPConnectionWorkflowFailed: 2 exceptions in all; last exception - AMQPConnectorSocketConnectError: ConnectionRefusedError(10061, 'Unknown error'); first exception - AMQPConnectorSocketConnectError: ConnectionRefusedError(10061, 'Unknown error')
[12:26:59] ERROR [Notif] Connection workflow failed: AMQPConnectionWorkflowFailed: 2 exceptions in all; last exception - AMQPConnectorSocketConnectError: ConnectionRefusedError(10061, 'Unknown error'); first exception - AMQPConnectorSocketConnectError: ConnectionRefusedError(10061, 'Unknown error')
[12:26:59] ERROR [Notif] Error in _create_connection().
Traceback (most recent call last):
  File "C:\Users\Usuario iTC\OneDrive\Desktop\Proyecto-Distribuidos\Proyecto-Sistemas-Distribuidos-U1\.venv\Lib\site-packages\pika\adapters\blocking_connection.py", line 451, in _create_connection
    raise self._reap_last_connection_workflow_error(error)
pika.exceptions.AMQPConnectionError
[12:26:59] ERROR [Notif] RabbitMQ no disponible: . Reintentando en 5s...
[12:27:04] INFO [Notif] Conectando a RabbitMQ (localhost)...
[12:27:04] INFO [Notif] Pika version 1.3.2 connecting to ('::1', 5672, 0, 0)
[12:27:06] ERROR [Notif] Socket failed to connect: <socket.socket fd=632, family=23, type=1, proto=6, laddr=('::', 58879, 0, 0)>; error=10061 (Unknown error)
[12:27:06] ERROR [Notif] TCP Connection attempt failed: ConnectionRefusedError(10061, 'Unknown error'); dest=(<AddressFamily.AF_INET6: 23>, <SocketKind.SOCK_STREAM: 1>, 6, '', ('::1', 5672, 0, 0))
[12:27:06] ERROR [Notif] AMQPConnector - reporting failure: AMQPConnectorSocketConnectError: ConnectionRefusedError(10061, 'Unknown error')
[12:27:06] INFO [Notif] Pika version 1.3.2 connecting to ('127.0.0.1', 5672)
[12:27:08] ERROR [Notif] Socket failed to connect: <socket.socket fd=632, family=2, type=1, proto=6, laddr=('0.0.0.0', 58883)>; error=10061 (Unknown error)
[12:27:08] ERROR [Notif] TCP Connection attempt failed: ConnectionRefusedError(10061, 'Unknown error'); dest=(<AddressFamily.AF_INET: 2>, <SocketKind.SOCK_STREAM: 1>, 6, '', ('127.0.0.1', 5672))
[12:27:08] ERROR [Notif] AMQPConnector - reporting failure: AMQPConnectorSocketConnectError: ConnectionRefusedError(10061, 'Unknown error')
[12:27:08] ERROR [Notif] AMQP connection workflow failed: AMQPConnectionWorkflowFailed: 2 exceptions in all; last exception - AMQPConnectorSocketConnectError: ConnectionRefusedError(10061, 'Unknown error'); first exception - AMQPConnectorSocketConnectError: ConnectionRefusedError(10061, 'Unknown error').
[12:27:08] ERROR [Notif] AMQPConnectionWorkflow - reporting failure: AMQPConnectionWorkflowFailed: 2 exceptions in all; last exception - AMQPConnectorSocketConnectError: ConnectionRefusedError(10061, 'Unknown error'); first exception - AMQPConnectorSocketConnectError: ConnectionRefusedError(10061, 'Unknown error')
[12:27:08] ERROR [Notif] Connection workflow failed: AMQPConnectionWorkflowFailed: 2 exceptions in all; last exception - AMQPConnectorSocketConnectError: ConnectionRefusedError(10061, 'Unknown error'); first exception - AMQPConnectorSocketConnectError: ConnectionRefusedError(10061, 'Unknown error')
[12:27:08] ERROR [Notif] Error in _create_connection().
Traceback (most recent call last):
  File "C:\Users\Usuario iTC\OneDrive\Desktop\Proyecto-Distribuidos\Proyecto-Sistemas-Distribuidos-U1\.venv\Lib\site-packages\pika\adapters\blocking_connection.py", line 451, in _create_connection
    raise self._reap_last_connection_workflow_error(error)
pika.exceptions.AMQPConnectionError
[12:27:08] ERROR [Notif] RabbitMQ no disponible: . Reintentando en 5s...
[12:27:13] INFO [Notif] Conectando a RabbitMQ (localhost)...
[12:27:13] INFO [Notif] Pika version 1.3.2 connecting to ('::1', 5672, 0, 0)
[12:27:15] ERROR [Notif] Socket failed to connect: <socket.socket fd=1020, family=23, type=1, proto=6, laddr=('::', 58902, 0, 0)>; error=10061 (Unknown error)
[12:27:15] ERROR [Notif] TCP Connection attempt failed: ConnectionRefusedError(10061, 'Unknown error'); dest=(<AddressFamily.AF_INET6: 23>, <SocketKind.SOCK_STREAM: 1>, 6, '', ('::1', 5672, 0, 0))
[12:27:15] ERROR [Notif] AMQPConnector - reporting failure: AMQPConnectorSocketConnectError: ConnectionRefusedError(10061, 'Unknown error')
[12:27:15] INFO [Notif] Pika version 1.3.2 connecting to ('127.0.0.1', 5672)
[12:27:17] ERROR [Notif] Socket failed to connect: <socket.socket fd=1020, family=2, type=1, proto=6, laddr=('0.0.0.0', 58904)>; error=10061 (Unknown error)
[12:27:17] ERROR [Notif] TCP Connection attempt failed: ConnectionRefusedError(10061, 'Unknown error'); dest=(<AddressFamily.AF_INET: 2>, <SocketKind.SOCK_STREAM: 1>, 6, '', ('127.0.0.1', 5672))
[12:27:17] ERROR [Notif] AMQPConnector - reporting failure: AMQPConnectorSocketConnectError: ConnectionRefusedError(10061, 'Unknown error')
[12:27:17] ERROR [Notif] AMQP connection workflow failed: AMQPConnectionWorkflowFailed: 2 exceptions in all; last exception - AMQPConnectorSocketConnectError: ConnectionRefusedError(10061, 'Unknown error'); first exception - AMQPConnectorSocketConnectError: ConnectionRefusedError(10061, 'Unknown error').
[12:27:17] ERROR [Notif] AMQPConnectionWorkflow - reporting failure: AMQPConnectionWorkflowFailed: 2 exceptions in all; last exception - AMQPConnectorSocketConnectError: ConnectionRefusedError(10061, 'Unknown error'); first exception - AMQPConnectorSocketConnectError: ConnectionRefusedError(10061, 'Unknown error')
[12:27:17] ERROR [Notif] Connection workflow failed: AMQPConnectionWorkflowFailed: 2 exceptions in all; last exception - AMQPConnectorSocketConnectError: ConnectionRefusedError(10061, 'Unknown error'); first exception - AMQPConnectorSocketConnectError: ConnectionRefusedError(10061, 'Unknown error')
[12:27:17] ERROR [Notif] Error in _create_connection().
Traceback (most recent call last):
  File "C:\Users\Usuario iTC\OneDrive\Desktop\Proyecto-Distribuidos\Proyecto-Sistemas-Distribuidos-U1\.venv\Lib\site-packages\pika\adapters\blocking_connection.py", line 451, in _create_connection
    raise self._reap_last_connection_workflow_error(error)
pika.exceptions.AMQPConnectionError
[12:27:17] ERROR [Notif] RabbitMQ no disponible: . Reintentando en 5s...
[12:27:22] INFO [Notif] Conectando a RabbitMQ (localhost)...
[12:27:22] INFO [Notif] Pika version 1.3.2 connecting to ('::1', 5672, 0, 0)
[12:27:24] ERROR [Notif] Socket failed to connect: <socket.socket fd=796, family=23, type=1, proto=6, laddr=('::', 58922, 0, 0)>; error=10061 (Unknown error)
[12:27:24] ERROR [Notif] TCP Connection attempt failed: ConnectionRefusedError(10061, 'Unknown error'); dest=(<AddressFamily.AF_INET6: 23>, <SocketKind.SOCK_STREAM: 1>, 6, '', ('::1', 5672, 0, 0))
[12:27:24] ERROR [Notif] AMQPConnector - reporting failure: AMQPConnectorSocketConnectError: ConnectionRefusedError(10061, 'Unknown error')
[12:27:24] INFO [Notif] Pika version 1.3.2 connecting to ('127.0.0.1', 5672)
[12:27:26] ERROR [Notif] Socket failed to connect: <socket.socket fd=796, family=2, type=1, proto=6, laddr=('0.0.0.0', 58927)>; error=10061 (Unknown error)
[12:27:26] ERROR [Notif] TCP Connection attempt failed: ConnectionRefusedError(10061, 'Unknown error'); dest=(<AddressFamily.AF_INET: 2>, <SocketKind.SOCK_STREAM: 1>, 6, '', ('127.0.0.1', 5672))
[12:27:26] ERROR [Notif] AMQPConnector - reporting failure: AMQPConnectorSocketConnectError: ConnectionRefusedError(10061, 'Unknown error')
[12:27:26] ERROR [Notif] AMQP connection workflow failed: AMQPConnectionWorkflowFailed: 2 exceptions in all; last exception - AMQPConnectorSocketConnectError: ConnectionRefusedError(10061, 'Unknown error'); first exception - AMQPConnectorSocketConnectError: ConnectionRefusedError(10061, 'Unknown error').
[12:27:26] ERROR [Notif] AMQPConnectionWorkflow - reporting failure: AMQPConnectionWorkflowFailed: 2 exceptions in all; last exception - AMQPConnectorSocketConnectError: ConnectionRefusedError(10061, 'Unknown error'); first exception - AMQPConnectorSocketConnectError: ConnectionRefusedError(10061, 'Unknown error')
[12:27:26] ERROR [Notif] Connection workflow failed: AMQPConnectionWorkflowFailed: 2 exceptions in all; last exception - AMQPConnectorSocketConnectError: ConnectionRefusedError(10061, 'Unknown error'); first exception - AMQPConnectorSocketConnectError: ConnectionRefusedError(10061, 'Unknown error')
[12:27:26] ERROR [Notif] Error in _create_connection().
Traceback (most recent call last):
  File "C:\Users\Usuario iTC\OneDrive\Desktop\Proyecto-Distribuidos\Proyecto-Sistemas-Distribuidos-U1\.venv\Lib\site-packages\pika\adapters\blocking_connection.py", line 451, in _create_connection
    raise self._reap_last_connection_workflow_error(error)
pika.exceptions.AMQPConnectionError
[12:27:26] ERROR [Notif] RabbitMQ no disponible: . Reintentando en 5s...
[12:27:31] INFO [Notif] Conectando a RabbitMQ (localhost)...
[12:27:31] INFO [Notif] Pika version 1.3.2 connecting to ('::1', 5672, 0, 0)
[12:27:33] ERROR [Notif] Socket failed to connect: <socket.socket fd=940, family=23, type=1, proto=6, laddr=('::', 58947, 0, 0)>; error=10061 (Unknown error)
[12:27:33] ERROR [Notif] TCP Connection attempt failed: ConnectionRefusedError(10061, 'Unknown error'); dest=(<AddressFamily.AF_INET6: 23>, <SocketKind.SOCK_STREAM: 1>, 6, '', ('::1', 5672, 0, 0))
[12:27:33] ERROR [Notif] AMQPConnector - reporting failure: AMQPConnectorSocketConnectError: ConnectionRefusedError(10061, 'Unknown error')
[12:27:33] INFO [Notif] Pika version 1.3.2 connecting to ('127.0.0.1', 5672)
[12:27:35] ERROR [Notif] Socket failed to connect: <socket.socket fd=940, family=2, type=1, proto=6, laddr=('0.0.0.0', 58950)>; error=10061 (Unknown error)
[12:27:35] ERROR [Notif] TCP Connection attempt failed: ConnectionRefusedError(10061, 'Unknown error'); dest=(<AddressFamily.AF_INET: 2>, <SocketKind.SOCK_STREAM: 1>, 6, '', ('127.0.0.1', 5672))
[12:27:35] ERROR [Notif] AMQPConnector - reporting failure: AMQPConnectorSocketConnectError: ConnectionRefusedError(10061, 'Unknown error')
[12:27:35] ERROR [Notif] AMQP connection workflow failed: AMQPConnectionWorkflowFailed: 2 exceptions in all; last exception - AMQPConnectorSocketConnectError: ConnectionRefusedError(10061, 'Unknown error'); first exception - AMQPConnectorSocketConnectError: ConnectionRefusedError(10061, 'Unknown error').
[12:27:35] ERROR [Notif] AMQPConnectionWorkflow - reporting failure: AMQPConnectionWorkflowFailed: 2 exceptions in all; last exception - AMQPConnectorSocketConnectError: ConnectionRefusedError(10061, 'Unknown error'); first exception - AMQPConnectorSocketConnectError: ConnectionRefusedError(10061, 'Unknown error')
[12:27:35] ERROR [Notif] Connection workflow failed: AMQPConnectionWorkflowFailed: 2 exceptions in all; last exception - AMQPConnectorSocketConnectError: ConnectionRefusedError(10061, 'Unknown error'); first exception - AMQPConnectorSocketConnectError: ConnectionRefusedError(10061, 'Unknown error')
[12:27:35] ERROR [Notif] Error in _create_connection().
Traceback (most recent call last):
  File "C:\Users\Usuario iTC\OneDrive\Desktop\Proyecto-Distribuidos\Proyecto-Sistemas-Distribuidos-U1\.venv\Lib\site-packages\pika\adapters\blocking_connection.py", line 451, in _create_connection
    raise self._reap_last_connection_workflow_error(error)
pika.exceptions.AMQPConnectionError
[12:27:35] ERROR [Notif] RabbitMQ no disponible: . Reintentando en 5s...
[12:27:40] INFO [Notif] Conectando a RabbitMQ (localhost)...
[12:27:40] INFO [Notif] Pika version 1.3.2 connecting to ('::1', 5672, 0, 0)
[12:27:42] ERROR [Notif] Socket failed to connect: <socket.socket fd=984, family=23, type=1, proto=6, laddr=('::', 58968, 0, 0)>; error=10061 (Unknown error)
[12:27:42] ERROR [Notif] TCP Connection attempt failed: ConnectionRefusedError(10061, 'Unknown error'); dest=(<AddressFamily.AF_INET6: 23>, <SocketKind.SOCK_STREAM: 1>, 6, '', ('::1', 5672, 0, 0))
[12:27:42] ERROR [Notif] AMQPConnector - reporting failure: AMQPConnectorSocketConnectError: ConnectionRefusedError(10061, 'Unknown error')
[12:27:42] INFO [Notif] Pika version 1.3.2 connecting to ('127.0.0.1', 5672)
[12:27:44] ERROR [Notif] Socket failed to connect: <socket.socket fd=984, family=2, type=1, proto=6, laddr=('0.0.0.0', 58972)>; error=10061 (Unknown error)
[12:27:44] ERROR [Notif] TCP Connection attempt failed: ConnectionRefusedError(10061, 'Unknown error'); dest=(<AddressFamily.AF_INET: 2>, <SocketKind.SOCK_STREAM: 1>, 6, '', ('127.0.0.1', 5672))
[12:27:44] ERROR [Notif] AMQPConnector - reporting failure: AMQPConnectorSocketConnectError: ConnectionRefusedError(10061, 'Unknown error')
[12:27:44] ERROR [Notif] AMQP connection workflow failed: AMQPConnectionWorkflowFailed: 2 exceptions in all; last exception - AMQPConnectorSocketConnectError: ConnectionRefusedError(10061, 'Unknown error'); first exception - AMQPConnectorSocketConnectError: ConnectionRefusedError(10061, 'Unknown error').
[12:27:44] ERROR [Notif] AMQPConnectionWorkflow - reporting failure: AMQPConnectionWorkflowFailed: 2 exceptions in all; last exception - AMQPConnectorSocketConnectError: ConnectionRefusedError(10061, 'Unknown error'); first exception - AMQPConnectorSocketConnectError: ConnectionRefusedError(10061, 'Unknown error')
[12:27:44] ERROR [Notif] Connection workflow failed: AMQPConnectionWorkflowFailed: 2 exceptions in all; last exception - AMQPConnectorSocketConnectError: ConnectionRefusedError(10061, 'Unknown error'); first exception - AMQPConnectorSocketConnectError: ConnectionRefusedError(10061, 'Unknown error')
[12:27:44] ERROR [Notif] Error in _create_connection().
Traceback (most recent call last):
  File "C:\Users\Usuario iTC\OneDrive\Desktop\Proyecto-Distribuidos\Proyecto-Sistemas-Distribuidos-U1\.venv\Lib\site-packages\pika\adapters\blocking_connection.py", line 451, in _create_connection
    raise self._reap_last_connection_workflow_error(error)
pika.exceptions.AMQPConnectionError
[12:27:44] ERROR [Notif] RabbitMQ no disponible: . Reintentando en 5s...
[12:27:49] INFO [Notif] Conectando a RabbitMQ (localhost)...
[12:27:49] INFO [Notif] Pika version 1.3.2 connecting to ('::1', 5672, 0, 0)
[12:27:51] ERROR [Notif] Socket failed to connect: <socket.socket fd=900, family=23, type=1, proto=6, laddr=('::', 58995, 0, 0)>; error=10061 (Unknown error)
[12:27:51] ERROR [Notif] TCP Connection attempt failed: ConnectionRefusedError(10061, 'Unknown error'); dest=(<AddressFamily.AF_INET6: 23>, <SocketKind.SOCK_STREAM: 1>, 6, '', ('::1', 5672, 0, 0))
[12:27:51] ERROR [Notif] AMQPConnector - reporting failure: AMQPConnectorSocketConnectError: ConnectionRefusedError(10061, 'Unknown error')
[12:27:51] INFO [Notif] Pika version 1.3.2 connecting to ('127.0.0.1', 5672)
[12:27:53] ERROR [Notif] Socket failed to connect: <socket.socket fd=900, family=2, type=1, proto=6, laddr=('0.0.0.0', 59001)>; error=10061 (Unknown error)
[12:27:53] ERROR [Notif] TCP Connection attempt failed: ConnectionRefusedError(10061, 'Unknown error'); dest=(<AddressFamily.AF_INET: 2>, <SocketKind.SOCK_STREAM: 1>, 6, '', ('127.0.0.1', 5672))
[12:27:53] ERROR [Notif] AMQPConnector - reporting failure: AMQPConnectorSocketConnectError: ConnectionRefusedError(10061, 'Unknown error')
[12:27:53] ERROR [Notif] AMQP connection workflow failed: AMQPConnectionWorkflowFailed: 2 exceptions in all; last exception - AMQPConnectorSocketConnectError: ConnectionRefusedError(10061, 'Unknown error'); first exception - AMQPConnectorSocketConnectError: ConnectionRefusedError(10061, 'Unknown error').
[12:27:53] ERROR [Notif] AMQPConnectionWorkflow - reporting failure: AMQPConnectionWorkflowFailed: 2 exceptions in all; last exception - AMQPConnectorSocketConnectError: ConnectionRefusedError(10061, 'Unknown error'); first exception - AMQPConnectorSocketConnectError: ConnectionRefusedError(10061, 'Unknown error')
[12:27:53] ERROR [Notif] Connection workflow failed: AMQPConnectionWorkflowFailed: 2 exceptions in all; last exception - AMQPConnectorSocketConnectError: ConnectionRefusedError(10061, 'Unknown error'); first exception - AMQPConnectorSocketConnectError: ConnectionRefusedError(10061, 'Unknown error')
[12:27:53] ERROR [Notif] Error in _create_connection().
Traceback (most recent call last):
  File "C:\Users\Usuario iTC\OneDrive\Desktop\Proyecto-Distribuidos\Proyecto-Sistemas-Distribuidos-U1\.venv\Lib\site-packages\pika\adapters\blocking_connection.py", line 451, in _create_connection
    raise self._reap_last_connection_workflow_error(error)
pika.exceptions.AMQPConnectionError
[12:27:53] ERROR [Notif] RabbitMQ no disponible: . Reintentando en 5s...
[12:27:58] INFO [Notif] Conectando a RabbitMQ (localhost)...
[12:27:58] INFO [Notif] Pika version 1.3.2 connecting to ('::1', 5672, 0, 0)
[12:28:00] ERROR [Notif] Socket failed to connect: <socket.socket fd=1012, family=23, type=1, proto=6, laddr=('::', 54411, 0, 0)>; error=10061 (Unknown error)
[12:28:00] ERROR [Notif] TCP Connection attempt failed: ConnectionRefusedError(10061, 'Unknown error'); dest=(<AddressFamily.AF_INET6: 23>, <SocketKind.SOCK_STREAM: 1>, 6, '', ('::1', 5672, 0, 0))
[12:28:00] ERROR [Notif] AMQPConnector - reporting failure: AMQPConnectorSocketConnectError: ConnectionRefusedError(10061, 'Unknown error')
[12:28:00] INFO [Notif] Pika version 1.3.2 connecting to ('127.0.0.1', 5672)
[12:28:02] ERROR [Notif] Socket failed to connect: <socket.socket fd=1012, family=2, type=1, proto=6, laddr=('0.0.0.0', 54413)>; error=10061 (Unknown error)
[12:28:02] ERROR [Notif] TCP Connection attempt failed: ConnectionRefusedError(10061, 'Unknown error'); dest=(<AddressFamily.AF_INET: 2>, <SocketKind.SOCK_STREAM: 1>, 6, '', ('127.0.0.1', 5672))
[12:28:02] ERROR [Notif] AMQPConnector - reporting failure: AMQPConnectorSocketConnectError: ConnectionRefusedError(10061, 'Unknown error')
[12:28:02] ERROR [Notif] AMQP connection workflow failed: AMQPConnectionWorkflowFailed: 2 exceptions in all; last exception - AMQPConnectorSocketConnectError: ConnectionRefusedError(10061, 'Unknown error'); first exception - AMQPConnectorSocketConnectError: ConnectionRefusedError(10061, 'Unknown error').
[12:28:02] ERROR [Notif] AMQPConnectionWorkflow - reporting failure: AMQPConnectionWorkflowFailed: 2 exceptions in all; last exception - AMQPConnectorSocketConnectError: ConnectionRefusedError(10061, 'Unknown error'); first exception - AMQPConnectorSocketConnectError: ConnectionRefusedError(10061, 'Unknown error')
[12:28:02] ERROR [Notif] Connection workflow failed: AMQPConnectionWorkflowFailed: 2 exceptions in all; last exception - AMQPConnectorSocketConnectError: ConnectionRefusedError(10061, 'Unknown error'); first exception - AMQPConnectorSocketConnectError: ConnectionRefusedError(10061, 'Unknown error')
[12:28:02] ERROR [Notif] Error in _create_connection().
Traceback (most recent call last):
  File "C:\Users\Usuario iTC\OneDrive\Desktop\Proyecto-Distribuidos\Proyecto-Sistemas-Distribuidos-U1\.venv\Lib\site-packages\pika\adapters\blocking_connection.py", line 451, in _create_connection
    raise self._reap_last_connection_workflow_error(error)
pika.exceptions.AMQPConnectionError
[12:28:02] ERROR [Notif] RabbitMQ no disponible: . Reintentando en 5s...
[12:28:07] INFO [Notif] Conectando a RabbitMQ (localhost)...
[12:28:07] INFO [Notif] Pika version 1.3.2 connecting to ('::1', 5672, 0, 0)
[12:28:09] ERROR [Notif] Socket failed to connect: <socket.socket fd=1004, family=23, type=1, proto=6, laddr=('::', 54433, 0, 0)>; error=10061 (Unknown error)
[12:28:09] ERROR [Notif] TCP Connection attempt failed: ConnectionRefusedError(10061, 'Unknown error'); dest=(<AddressFamily.AF_INET6: 23>, <SocketKind.SOCK_STREAM: 1>, 6, '', ('::1', 5672, 0, 0))
[12:28:09] ERROR [Notif] AMQPConnector - reporting failure: AMQPConnectorSocketConnectError: ConnectionRefusedError(10061, 'Unknown error')
[12:28:09] INFO [Notif] Pika version 1.3.2 connecting to ('127.0.0.1', 5672)
[12:28:11] ERROR [Notif] Socket failed to connect: <socket.socket fd=1004, family=2, type=1, proto=6, laddr=('0.0.0.0', 54436)>; error=10061 (Unknown error)
[12:28:11] ERROR [Notif] TCP Connection attempt failed: ConnectionRefusedError(10061, 'Unknown error'); dest=(<AddressFamily.AF_INET: 2>, <SocketKind.SOCK_STREAM: 1>, 6, '', ('127.0.0.1', 5672))
[12:28:11] ERROR [Notif] AMQPConnector - reporting failure: AMQPConnectorSocketConnectError: ConnectionRefusedError(10061, 'Unknown error')
[12:28:11] ERROR [Notif] AMQP connection workflow failed: AMQPConnectionWorkflowFailed: 2 exceptions in all; last exception - AMQPConnectorSocketConnectError: ConnectionRefusedError(10061, 'Unknown error'); first exception - AMQPConnectorSocketConnectError: ConnectionRefusedError(10061, 'Unknown error').
[12:28:11] ERROR [Notif] AMQPConnectionWorkflow - reporting failure: AMQPConnectionWorkflowFailed: 2 exceptions in all; last exception - AMQPConnectorSocketConnectError: ConnectionRefusedError(10061, 'Unknown error'); first exception - AMQPConnectorSocketConnectError: ConnectionRefusedError(10061, 'Unknown error')
[12:28:11] ERROR [Notif] Connection workflow failed: AMQPConnectionWorkflowFailed: 2 exceptions in all; last exception - AMQPConnectorSocketConnectError: ConnectionRefusedError(10061, 'Unknown error'); first exception - AMQPConnectorSocketConnectError: ConnectionRefusedError(10061, 'Unknown error')
[12:28:11] ERROR [Notif] Error in _create_connection().
Traceback (most recent call last):
  File "C:\Users\Usuario iTC\OneDrive\Desktop\Proyecto-Distribuidos\Proyecto-Sistemas-Distribuidos-U1\.venv\Lib\site-packages\pika\adapters\blocking_connection.py", line 451, in _create_connection
    raise self._reap_last_connection_workflow_error(error)
pika.exceptions.AMQPConnectionError
[12:28:11] ERROR [Notif] RabbitMQ no disponible: . Reintentando en 5s...
[12:28:16] INFO [Notif] Conectando a RabbitMQ (localhost)...
[12:28:16] INFO [Notif] Pika version 1.3.2 connecting to ('::1', 5672, 0, 0)
[12:28:18] ERROR [Notif] Socket failed to connect: <socket.socket fd=632, family=23, type=1, proto=6, laddr=('::', 54457, 0, 0)>; error=10061 (Unknown error)
[12:28:18] ERROR [Notif] TCP Connection attempt failed: ConnectionRefusedError(10061, 'Unknown error'); dest=(<AddressFamily.AF_INET6: 23>, <SocketKind.SOCK_STREAM: 1>, 6, '', ('::1', 5672, 0, 0))
[12:28:18] ERROR [Notif] AMQPConnector - reporting failure: AMQPConnectorSocketConnectError: ConnectionRefusedError(10061, 'Unknown error')
[12:28:18] INFO [Notif] Pika version 1.3.2 connecting to ('127.0.0.1', 5672)
[12:28:20] ERROR [Notif] Socket failed to connect: <socket.socket fd=632, family=2, type=1, proto=6, laddr=('0.0.0.0', 54459)>; error=10061 (Unknown error)
[12:28:20] ERROR [Notif] TCP Connection attempt failed: ConnectionRefusedError(10061, 'Unknown error'); dest=(<AddressFamily.AF_INET: 2>, <SocketKind.SOCK_STREAM: 1>, 6, '', ('127.0.0.1', 5672))
[12:28:20] ERROR [Notif] AMQPConnector - reporting failure: AMQPConnectorSocketConnectError: ConnectionRefusedError(10061, 'Unknown error')
[12:28:20] ERROR [Notif] AMQP connection workflow failed: AMQPConnectionWorkflowFailed: 2 exceptions in all; last exception - AMQPConnectorSocketConnectError: ConnectionRefusedError(10061, 'Unknown error'); first exception - AMQPConnectorSocketConnectError: ConnectionRefusedError(10061, 'Unknown error').
[12:28:20] ERROR [Notif] AMQPConnectionWorkflow - reporting failure: AMQPConnectionWorkflowFailed: 2 exceptions in all; last exception - AMQPConnectorSocketConnectError: ConnectionRefusedError(10061, 'Unknown error'); first exception - AMQPConnectorSocketConnectError: ConnectionRefusedError(10061, 'Unknown error')
[12:28:20] ERROR [Notif] Connection workflow failed: AMQPConnectionWorkflowFailed: 2 exceptions in all; last exception - AMQPConnectorSocketConnectError: ConnectionRefusedError(10061, 'Unknown error'); first exception - AMQPConnectorSocketConnectError: ConnectionRefusedError(10061, 'Unknown error')
[12:28:20] ERROR [Notif] Error in _create_connection().
Traceback (most recent call last):
  File "C:\Users\Usuario iTC\OneDrive\Desktop\Proyecto-Distribuidos\Proyecto-Sistemas-Distribuidos-U1\.venv\Lib\site-packages\pika\adapters\blocking_connection.py", line 451, in _create_connection
    raise self._reap_last_connection_workflow_error(error)
pika.exceptions.AMQPConnectionError
[12:28:20] ERROR [Notif] RabbitMQ no disponible: . Reintentando en 5s...
[12:28:25] INFO [Notif] Conectando a RabbitMQ (localhost)...
[12:28:25] INFO [Notif] Pika version 1.3.2 connecting to ('::1', 5672, 0, 0)
[12:28:27] ERROR [Notif] Socket failed to connect: <socket.socket fd=868, family=23, type=1, proto=6, laddr=('::', 54477, 0, 0)>; error=10061 (Unknown error)
[12:28:27] ERROR [Notif] TCP Connection attempt failed: ConnectionRefusedError(10061, 'Unknown error'); dest=(<AddressFamily.AF_INET6: 23>, <SocketKind.SOCK_STREAM: 1>, 6, '', ('::1', 5672, 0, 0))
[12:28:27] ERROR [Notif] AMQPConnector - reporting failure: AMQPConnectorSocketConnectError: ConnectionRefusedError(10061, 'Unknown error')
[12:28:27] INFO [Notif] Pika version 1.3.2 connecting to ('127.0.0.1', 5672)
[12:28:29] ERROR [Notif] Socket failed to connect: <socket.socket fd=868, family=2, type=1, proto=6, laddr=('0.0.0.0', 54489)>; error=10061 (Unknown error)
[12:28:29] ERROR [Notif] TCP Connection attempt failed: ConnectionRefusedError(10061, 'Unknown error'); dest=(<AddressFamily.AF_INET: 2>, <SocketKind.SOCK_STREAM: 1>, 6, '', ('127.0.0.1', 5672))
[12:28:29] ERROR [Notif] AMQPConnector - reporting failure: AMQPConnectorSocketConnectError: ConnectionRefusedError(10061, 'Unknown error')
[12:28:29] ERROR [Notif] AMQP connection workflow failed: AMQPConnectionWorkflowFailed: 2 exceptions in all; last exception - AMQPConnectorSocketConnectError: ConnectionRefusedError(10061, 'Unknown error'); first exception - AMQPConnectorSocketConnectError: ConnectionRefusedError(10061, 'Unknown error').
[12:28:29] ERROR [Notif] AMQPConnectionWorkflow - reporting failure: AMQPConnectionWorkflowFailed: 2 exceptions in all; last exception - AMQPConnectorSocketConnectError: ConnectionRefusedError(10061, 'Unknown error'); first exception - AMQPConnectorSocketConnectError: ConnectionRefusedError(10061, 'Unknown error')
[12:28:29] ERROR [Notif] Connection workflow failed: AMQPConnectionWorkflowFailed: 2 exceptions in all; last exception - AMQPConnectorSocketConnectError: ConnectionRefusedError(10061, 'Unknown error'); first exception - AMQPConnectorSocketConnectError: ConnectionRefusedError(10061, 'Unknown error')
[12:28:29] ERROR [Notif] Error in _create_connection().
Traceback (most recent call last):
  File "C:\Users\Usuario iTC\OneDrive\Desktop\Proyecto-Distribuidos\Proyecto-Sistemas-Distribuidos-U1\.venv\Lib\site-packages\pika\adapters\blocking_connection.py", line 451, in _create_connection
    raise self._reap_last_connection_workflow_error(error)
pika.exceptions.AMQPConnectionError
[12:28:29] ERROR [Notif] RabbitMQ no disponible: . Reintentando en 5s...
[12:28:34] INFO [Notif] Conectando a RabbitMQ (localhost)...
[12:28:34] INFO [Notif] Pika version 1.3.2 connecting to ('::1', 5672, 0, 0)
[12:28:36] ERROR [Notif] Socket failed to connect: <socket.socket fd=888, family=23, type=1, proto=6, laddr=('::', 54507, 0, 0)>; error=10061 (Unknown error)
[12:28:36] ERROR [Notif] TCP Connection attempt failed: ConnectionRefusedError(10061, 'Unknown error'); dest=(<AddressFamily.AF_INET6: 23>, <SocketKind.SOCK_STREAM: 1>, 6, '', ('::1', 5672, 0, 0))
[12:28:36] ERROR [Notif] AMQPConnector - reporting failure: AMQPConnectorSocketConnectError: ConnectionRefusedError(10061, 'Unknown error')
[12:28:36] INFO [Notif] Pika version 1.3.2 connecting to ('127.0.0.1', 5672)
[12:28:38] ERROR [Notif] Socket failed to connect: <socket.socket fd=888, family=2, type=1, proto=6, laddr=('0.0.0.0', 54513)>; error=10061 (Unknown error)
[12:28:38] ERROR [Notif] TCP Connection attempt failed: ConnectionRefusedError(10061, 'Unknown error'); dest=(<AddressFamily.AF_INET: 2>, <SocketKind.SOCK_STREAM: 1>, 6, '', ('127.0.0.1', 5672))
[12:28:38] ERROR [Notif] AMQPConnector - reporting failure: AMQPConnectorSocketConnectError: ConnectionRefusedError(10061, 'Unknown error')
[12:28:39] ERROR [Notif] AMQP connection workflow failed: AMQPConnectionWorkflowFailed: 2 exceptions in all; last exception - AMQPConnectorSocketConnectError: ConnectionRefusedError(10061, 'Unknown error'); first exception - AMQPConnectorSocketConnectError: ConnectionRefusedError(10061, 'Unknown error').
[12:28:39] ERROR [Notif] AMQPConnectionWorkflow - reporting failure: AMQPConnectionWorkflowFailed: 2 exceptions in all; last exception - AMQPConnectorSocketConnectError: ConnectionRefusedError(10061, 'Unknown error'); first exception - AMQPConnectorSocketConnectError: ConnectionRefusedError(10061, 'Unknown error')
[12:28:39] ERROR [Notif] Connection workflow failed: AMQPConnectionWorkflowFailed: 2 exceptions in all; last exception - AMQPConnectorSocketConnectError: ConnectionRefusedError(10061, 'Unknown error'); first exception - AMQPConnectorSocketConnectError: ConnectionRefusedError(10061, 'Unknown error')
[12:28:39] ERROR [Notif] Error in _create_connection().
Traceback (most recent call last):
  File "C:\Users\Usuario iTC\OneDrive\Desktop\Proyecto-Distribuidos\Proyecto-Sistemas-Distribuidos-U1\.venv\Lib\site-packages\pika\adapters\blocking_connection.py", line 451, in _create_connection
    raise self._reap_last_connection_workflow_error(error)
pika.exceptions.AMQPConnectionError
[12:28:39] ERROR [Notif] RabbitMQ no disponible: . Reintentando en 5s...
[12:28:44] INFO [Notif] Conectando a RabbitMQ (localhost)...
[12:28:44] INFO [Notif] Pika version 1.3.2 connecting to ('::1', 5672, 0, 0)
[12:28:46] ERROR [Notif] Socket failed to connect: <socket.socket fd=968, family=23, type=1, proto=6, laddr=('::', 50457, 0, 0)>; error=10061 (Unknown error)
[12:28:46] ERROR [Notif] TCP Connection attempt failed: ConnectionRefusedError(10061, 'Unknown error'); dest=(<AddressFamily.AF_INET6: 23>, <SocketKind.SOCK_STREAM: 1>, 6, '', ('::1', 5672, 0, 0))
[12:28:46] ERROR [Notif] AMQPConnector - reporting failure: AMQPConnectorSocketConnectError: ConnectionRefusedError(10061, 'Unknown error')
[12:28:46] INFO [Notif] Pika version 1.3.2 connecting to ('127.0.0.1', 5672)
[12:28:48] ERROR [Notif] Socket failed to connect: <socket.socket fd=968, family=2, type=1, proto=6, laddr=('0.0.0.0', 50461)>; error=10061 (Unknown error)
[12:28:48] ERROR [Notif] TCP Connection attempt failed: ConnectionRefusedError(10061, 'Unknown error'); dest=(<AddressFamily.AF_INET: 2>, <SocketKind.SOCK_STREAM: 1>, 6, '', ('127.0.0.1', 5672))
[12:28:48] ERROR [Notif] AMQPConnector - reporting failure: AMQPConnectorSocketConnectError: ConnectionRefusedError(10061, 'Unknown error')
[12:28:48] ERROR [Notif] AMQP connection workflow failed: AMQPConnectionWorkflowFailed: 2 exceptions in all; last exception - AMQPConnectorSocketConnectError: ConnectionRefusedError(10061, 'Unknown error'); first exception - AMQPConnectorSocketConnectError: ConnectionRefusedError(10061, 'Unknown error').
[12:28:48] ERROR [Notif] AMQPConnectionWorkflow - reporting failure: AMQPConnectionWorkflowFailed: 2 exceptions in all; last exception - AMQPConnectorSocketConnectError: ConnectionRefusedError(10061, 'Unknown error'); first exception - AMQPConnectorSocketConnectError: ConnectionRefusedError(10061, 'Unknown error')
[12:28:48] ERROR [Notif] Connection workflow failed: AMQPConnectionWorkflowFailed: 2 exceptions in all; last exception - AMQPConnectorSocketConnectError: ConnectionRefusedError(10061, 'Unknown error'); first exception - AMQPConnectorSocketConnectError: ConnectionRefusedError(10061, 'Unknown error')
[12:28:48] ERROR [Notif] Error in _create_connection().
Traceback (most recent call last):
  File "C:\Users\Usuario iTC\OneDrive\Desktop\Proyecto-Distribuidos\Proyecto-Sistemas-Distribuidos-U1\.venv\Lib\site-packages\pika\adapters\blocking_connection.py", line 451, in _create_connection
    raise self._reap_last_connection_workflow_error(error)
pika.exceptions.AMQPConnectionError
[12:28:48] ERROR [Notif] RabbitMQ no disponible: . Reintentando en 5s...
[12:28:53] INFO [Notif] Conectando a RabbitMQ (localhost)...
[12:28:53] INFO [Notif] Pika version 1.3.2 connecting to ('::1', 5672, 0, 0)
[12:28:55] ERROR [Notif] Socket failed to connect: <socket.socket fd=1000, family=23, type=1, proto=6, laddr=('::', 50475, 0, 0)>; error=10061 (Unknown error)
[12:28:55] ERROR [Notif] TCP Connection attempt failed: ConnectionRefusedError(10061, 'Unknown error'); dest=(<AddressFamily.AF_INET6: 23>, <SocketKind.SOCK_STREAM: 1>, 6, '', ('::1', 5672, 0, 0))
[12:28:55] ERROR [Notif] AMQPConnector - reporting failure: AMQPConnectorSocketConnectError: ConnectionRefusedError(10061, 'Unknown error')
[12:28:55] INFO [Notif] Pika version 1.3.2 connecting to ('127.0.0.1', 5672)
[12:28:57] ERROR [Notif] Socket failed to connect: <socket.socket fd=1000, family=2, type=1, proto=6, laddr=('0.0.0.0', 50477)>; error=10061 (Unknown error)
[12:28:57] ERROR [Notif] TCP Connection attempt failed: ConnectionRefusedError(10061, 'Unknown error'); dest=(<AddressFamily.AF_INET: 2>, <SocketKind.SOCK_STREAM: 1>, 6, '', ('127.0.0.1', 5672))
[12:28:57] ERROR [Notif] AMQPConnector - reporting failure: AMQPConnectorSocketConnectError: ConnectionRefusedError(10061, 'Unknown error')
[12:28:57] ERROR [Notif] AMQP connection workflow failed: AMQPConnectionWorkflowFailed: 2 exceptions in all; last exception - AMQPConnectorSocketConnectError: ConnectionRefusedError(10061, 'Unknown error'); first exception - AMQPConnectorSocketConnectError: ConnectionRefusedError(10061, 'Unknown error').
[12:28:57] ERROR [Notif] AMQPConnectionWorkflow - reporting failure: AMQPConnectionWorkflowFailed: 2 exceptions in all; last exception - AMQPConnectorSocketConnectError: ConnectionRefusedError(10061, 'Unknown error'); first exception - AMQPConnectorSocketConnectError: ConnectionRefusedError(10061, 'Unknown error')
[12:28:57] ERROR [Notif] Connection workflow failed: AMQPConnectionWorkflowFailed: 2 exceptions in all; last exception - AMQPConnectorSocketConnectError: ConnectionRefusedError(10061, 'Unknown error'); first exception - AMQPConnectorSocketConnectError: ConnectionRefusedError(10061, 'Unknown error')
[12:28:57] ERROR [Notif] Error in _create_connection().
Traceback (most recent call last):
  File "C:\Users\Usuario iTC\OneDrive\Desktop\Proyecto-Distribuidos\Proyecto-Sistemas-Distribuidos-U1\.venv\Lib\site-packages\pika\adapters\blocking_connection.py", line 451, in _create_connection
    raise self._reap_last_connection_workflow_error(error)
pika.exceptions.AMQPConnectionError
[12:28:57] ERROR [Notif] RabbitMQ no disponible: . Reintentando en 5s...
[12:29:02] INFO [Notif] Conectando a RabbitMQ (localhost)...
[12:29:02] INFO [Notif] Pika version 1.3.2 connecting to ('::1', 5672, 0, 0)
[12:29:04] ERROR [Notif] Socket failed to connect: <socket.socket fd=1020, family=23, type=1, proto=6, laddr=('::', 50489, 0, 0)>; error=10061 (Unknown error)
[12:29:04] ERROR [Notif] TCP Connection attempt failed: ConnectionRefusedError(10061, 'Unknown error'); dest=(<AddressFamily.AF_INET6: 23>, <SocketKind.SOCK_STREAM: 1>, 6, '', ('::1', 5672, 0, 0))
[12:29:04] ERROR [Notif] AMQPConnector - reporting failure: AMQPConnectorSocketConnectError: ConnectionRefusedError(10061, 'Unknown error')
[12:29:04] INFO [Notif] Pika version 1.3.2 connecting to ('127.0.0.1', 5672)
[12:29:06] ERROR [Notif] Socket failed to connect: <socket.socket fd=1020, family=2, type=1, proto=6, laddr=('0.0.0.0', 50492)>; error=10061 (Unknown error)
[12:29:06] ERROR [Notif] TCP Connection attempt failed: ConnectionRefusedError(10061, 'Unknown error'); dest=(<AddressFamily.AF_INET: 2>, <SocketKind.SOCK_STREAM: 1>, 6, '', ('127.0.0.1', 5672))
[12:29:06] ERROR [Notif] AMQPConnector - reporting failure: AMQPConnectorSocketConnectError: ConnectionRefusedError(10061, 'Unknown error')
[12:29:06] ERROR [Notif] AMQP connection workflow failed: AMQPConnectionWorkflowFailed: 2 exceptions in all; last exception - AMQPConnectorSocketConnectError: ConnectionRefusedError(10061, 'Unknown error'); first exception - AMQPConnectorSocketConnectError: ConnectionRefusedError(10061, 'Unknown error').
[12:29:06] ERROR [Notif] AMQPConnectionWorkflow - reporting failure: AMQPConnectionWorkflowFailed: 2 exceptions in all; last exception - AMQPConnectorSocketConnectError: ConnectionRefusedError(10061, 'Unknown error'); first exception - AMQPConnectorSocketConnectError: ConnectionRefusedError(10061, 'Unknown error')
[12:29:06] ERROR [Notif] Connection workflow failed: AMQPConnectionWorkflowFailed: 2 exceptions in all; last exception - AMQPConnectorSocketConnectError: ConnectionRefusedError(10061, 'Unknown error'); first exception - AMQPConnectorSocketConnectError: ConnectionRefusedError(10061, 'Unknown error')
[12:29:06] ERROR [Notif] Error in _create_connection().
Traceback (most recent call last):
  File "C:\Users\Usuario iTC\OneDrive\Desktop\Proyecto-Distribuidos\Proyecto-Sistemas-Distribuidos-U1\.venv\Lib\site-packages\pika\adapters\blocking_connection.py", line 451, in _create_connection
pika.exceptions.AMQPConnectionError
[12:29:06] ERROR [Notif] RabbitMQ no disponible: . Reintentando en 5s...
[12:29:11] INFO [Notif] Conectando a RabbitMQ (localhost)...
[12:29:11] INFO [Notif] Pika version 1.3.2 connecting to ('::1', 5672, 0, 0)
[12:29:13] ERROR [Notif] Socket failed to connect: <socket.socket fd=988, family=23, type=1, proto=6, laddr=('::', 50513, 0, 0)>; error=10061 (Unknown error)
[12:29:13] ERROR [Notif] TCP Connection attempt failed: ConnectionRefusedError(10061, 'Unknown error'); dest=(<AddressFamily.AF_INET6: 23>, <SocketKind.SOCK_STREAM: 1>, 6, '', ('::1', 5672, 0, 0))
[12:29:13] ERROR [Notif] AMQPConnector - reporting failure: AMQPConnectorSocketConnectError: ConnectionRefusedError(10061, 'Unknown error')
[12:29:13] INFO [Notif] Pika version 1.3.2 connecting to ('127.0.0.1', 5672)
[12:29:15] ERROR [Notif] Socket failed to connect: <socket.socket fd=748, family=2, type=1, proto=6, laddr=('0.0.0.0', 50516)>; error=10061 (Unknown error)
[12:29:15] ERROR [Notif] TCP Connection attempt failed: ConnectionRefusedError(10061, 'Unknown error'); dest=(<AddressFamily.AF_INET: 2>, <SocketKind.SOCK_STREAM: 1>, 6, '', ('127.0.0.1', 5672))
[12:29:15] ERROR [Notif] AMQPConnector - reporting failure: AMQPConnectorSocketConnectError: ConnectionRefusedError(10061, 'Unknown error')
[12:29:15] ERROR [Notif] AMQP connection workflow failed: AMQPConnectionWorkflowFailed: 2 exceptions in all; last exception - AMQPConnectorSocketConnectError: ConnectionRefusedError(10061, 'Unknown error'); first exception - AMQPConnectorSocketConnectError: ConnectionRefusedError(10061, 'Unknown error').
[12:29:15] ERROR [Notif] AMQPConnectionWorkflow - reporting failure: AMQPConnectionWorkflowFailed: 2 exceptions in all; last exception - AMQPConnectorSocketConnectError: ConnectionRefusedError(10061, 'Unknown error'); first exception - AMQPConnectorSocketConnectError: ConnectionRefusedError(10061, 'Unknown error')
[12:29:15] ERROR [Notif] Connection workflow failed: AMQPConnectionWorkflowFailed: 2 exceptions in all; last exception - AMQPConnectorSocketConnectError: ConnectionRefusedError(10061, 'Unknown error'); first exception - AMQPConnectorSocketConnectError: ConnectionRefusedError(10061, 'Unknown error')
[12:29:15] ERROR [Notif] Error in _create_connection().
Traceback (most recent call last):
  File "C:\Users\Usuario iTC\OneDrive\Desktop\Proyecto-Distribuidos\Proyecto-Sistemas-Distribuidos-U1\.venv\Lib\site-packages\pika\adapters\blocking_connection.py", line 451, in _create_connection
pika.exceptions.AMQPConnectionError
[12:29:15] ERROR [Notif] RabbitMQ no disponible: . Reintentando en 5s...
[12:29:20] INFO [Notif] Conectando a RabbitMQ (localhost)...
[12:29:20] INFO [Notif] Pika version 1.3.2 connecting to ('::1', 5672, 0, 0)
[12:29:22] ERROR [Notif] Socket failed to connect: <socket.socket fd=912, family=23, type=1, proto=6, laddr=('::', 50528, 0, 0)>; error=10061 (Unknown error)
[12:29:22] ERROR [Notif] TCP Connection attempt failed: ConnectionRefusedError(10061, 'Unknown error'); dest=(<AddressFamily.AF_INET6: 23>, <SocketKind.SOCK_STREAM: 1>, 6, '', ('::1', 5672, 0, 0))
[12:29:22] ERROR [Notif] AMQPConnector - reporting failure: AMQPConnectorSocketConnectError: ConnectionRefusedError(10061, 'Unknown error')
[12:29:22] INFO [Notif] Pika version 1.3.2 connecting to ('127.0.0.1', 5672)
[12:29:24] ERROR [Notif] Socket failed to connect: <socket.socket fd=912, family=2, type=1, proto=6, laddr=('0.0.0.0', 50531)>; error=10061 (Unknown error)
[12:29:24] ERROR [Notif] TCP Connection attempt failed: ConnectionRefusedError(10061, 'Unknown error'); dest=(<AddressFamily.AF_INET: 2>, <SocketKind.SOCK_STREAM: 1>, 6, '', ('127.0.0.1', 5672))
[12:29:24] ERROR [Notif] AMQPConnector - reporting failure: AMQPConnectorSocketConnectError: ConnectionRefusedError(10061, 'Unknown error')
[12:29:24] ERROR [Notif] AMQP connection workflow failed: AMQPConnectionWorkflowFailed: 2 exceptions in all; last exception - AMQPConnectorSocketConnectError: ConnectionRefusedError(10061, 'Unknown error'); first exception - AMQPConnectorSocketConnectError: ConnectionRefusedError(10061, 'Unknown error').
[12:29:24] ERROR [Notif] AMQPConnectionWorkflow - reporting failure: AMQPConnectionWorkflowFailed: 2 exceptions in all; last exception - AMQPConnectorSocketConnectError: ConnectionRefusedError(10061, 'Unknown error'); first exception - AMQPConnectorSocketConnectError: ConnectionRefusedError(10061, 'Unknown error')
[12:29:24] ERROR [Notif] Connection workflow failed: AMQPConnectionWorkflowFailed: 2 exceptions in all; last exception - AMQPConnectorSocketConnectError: ConnectionRefusedError(10061, 'Unknown error'); first exception - AMQPConnectorSocketConnectError: ConnectionRefusedError(10061, 'Unknown error')
[12:29:24] ERROR [Notif] Error in _create_connection().
Traceback (most recent call last):
  File "C:\Users\Usuario iTC\OneDrive\Desktop\Proyecto-Distribuidos\Proyecto-Sistemas-Distribuidos-U1\.venv\Lib\site-packages\pika\adapters\blocking_connection.py", line 451, in _create_connection
pika.exceptions.AMQPConnectionError
[12:29:24] ERROR [Notif] RabbitMQ no disponible: . Reintentando en 5s...
[12:29:29] INFO [Notif] Conectando a RabbitMQ (localhost)...
[12:29:29] INFO [Notif] Pika version 1.3.2 connecting to ('::1', 5672, 0, 0)
[12:29:31] ERROR [Notif] Socket failed to connect: <socket.socket fd=740, family=23, type=1, proto=6, laddr=('::', 50542, 0, 0)>; error=10061 (Unknown error)
[12:29:31] ERROR [Notif] TCP Connection attempt failed: ConnectionRefusedError(10061, 'Unknown error'); dest=(<AddressFamily.AF_INET6: 23>, <SocketKind.SOCK_STREAM: 1>, 6, '', ('::1', 5672, 0, 0))
[12:29:31] ERROR [Notif] AMQPConnector - reporting failure: AMQPConnectorSocketConnectError: ConnectionRefusedError(10061, 'Unknown error')
[12:29:31] INFO [Notif] Pika version 1.3.2 connecting to ('127.0.0.1', 5672)
[12:29:33] ERROR [Notif] Socket failed to connect: <socket.socket fd=740, family=2, type=1, proto=6, laddr=('0.0.0.0', 50545)>; error=10061 (Unknown error)
[12:29:33] ERROR [Notif] TCP Connection attempt failed: ConnectionRefusedError(10061, 'Unknown error'); dest=(<AddressFamily.AF_INET: 2>, <SocketKind.SOCK_STREAM: 1>, 6, '', ('127.0.0.1', 5672))
[12:29:33] ERROR [Notif] AMQPConnector - reporting failure: AMQPConnectorSocketConnectError: ConnectionRefusedError(10061, 'Unknown error')
[12:29:33] ERROR [Notif] AMQP connection workflow failed: AMQPConnectionWorkflowFailed: 2 exceptions in all; last exception - AMQPConnectorSocketConnectError: ConnectionRefusedError(10061, 'Unknown error'); first exception - AMQPConnectorSocketConnectError: ConnectionRefusedError(10061, 'Unknown error').
[12:29:33] ERROR [Notif] AMQPConnectionWorkflow - reporting failure: AMQPConnectionWorkflowFailed: 2 exceptions in all; last exception - AMQPConnectorSocketConnectError: ConnectionRefusedError(10061, 'Unknown error'); first exception - AMQPConnectorSocketConnectError: ConnectionRefusedError(10061, 'Unknown error')
[12:29:33] ERROR [Notif] Connection workflow failed: AMQPConnectionWorkflowFailed: 2 exceptions in all; last exception - AMQPConnectorSocketConnectError: ConnectionRefusedError(10061, 'Unknown error'); first exception - AMQPConnectorSocketConnectError: ConnectionRefusedError(10061, 'Unknown error')
[12:29:33] ERROR [Notif] Error in _create_connection().
Traceback (most recent call last):
  File "C:\Users\Usuario iTC\OneDrive\Desktop\Proyecto-Distribuidos\Proyecto-Sistemas-Distribuidos-U1\.venv\Lib\site-packages\pika\adapters\blocking_connection.py", line 451, in _create_connection
pika.exceptions.AMQPConnectionError
[12:29:33] ERROR [Notif] RabbitMQ no disponible: . Reintentando en 5s...
[12:29:38] INFO [Notif] Conectando a RabbitMQ (localhost)...
[12:29:38] INFO [Notif] Pika version 1.3.2 connecting to ('::1', 5672, 0, 0)
[12:29:40] ERROR [Notif] Socket failed to connect: <socket.socket fd=968, family=23, type=1, proto=6, laddr=('::', 50556, 0, 0)>; error=10061 (Unknown error)
[12:29:40] ERROR [Notif] TCP Connection attempt failed: ConnectionRefusedError(10061, 'Unknown error'); dest=(<AddressFamily.AF_INET6: 23>, <SocketKind.SOCK_STREAM: 1>, 6, '', ('::1', 5672, 0, 0))
[12:29:40] ERROR [Notif] AMQPConnector - reporting failure: AMQPConnectorSocketConnectError: ConnectionRefusedError(10061, 'Unknown error')
[12:29:40] INFO [Notif] Pika version 1.3.2 connecting to ('127.0.0.1', 5672)
[12:29:42] ERROR [Notif] Socket failed to connect: <socket.socket fd=968, family=2, type=1, proto=6, laddr=('0.0.0.0', 50558)>; error=10061 (Unknown error)
[12:29:42] ERROR [Notif] TCP Connection attempt failed: ConnectionRefusedError(10061, 'Unknown error'); dest=(<AddressFamily.AF_INET: 2>, <SocketKind.SOCK_STREAM: 1>, 6, '', ('127.0.0.1', 5672))
[12:29:42] ERROR [Notif] AMQPConnector - reporting failure: AMQPConnectorSocketConnectError: ConnectionRefusedError(10061, 'Unknown error')
[12:29:42] ERROR [Notif] AMQP connection workflow failed: AMQPConnectionWorkflowFailed: 2 exceptions in all; last exception - AMQPConnectorSocketConnectError: ConnectionRefusedError(10061, 'Unknown error'); first exception - AMQPConnectorSocketConnectError: ConnectionRefusedError(10061, 'Unknown error').
[12:29:42] ERROR [Notif] AMQPConnectionWorkflow - reporting failure: AMQPConnectionWorkflowFailed: 2 exceptions in all; last exception - AMQPConnectorSocketConnectError: ConnectionRefusedError(10061, 'Unknown error'); first exception - AMQPConnectorSocketConnectError: ConnectionRefusedError(10061, 'Unknown error')
[12:29:42] ERROR [Notif] Connection workflow failed: AMQPConnectionWorkflowFailed: 2 exceptions in all; last exception - AMQPConnectorSocketConnectError: ConnectionRefusedError(10061, 'Unknown error'); first exception - AMQPConnectorSocketConnectError: ConnectionRefusedError(10061, 'Unknown error')
[12:29:42] ERROR [Notif] Error in _create_connection().
Traceback (most recent call last):
  File "C:\Users\Usuario iTC\OneDrive\Desktop\Proyecto-Distribuidos\Proyecto-Sistemas-Distribuidos-U1\.venv\Lib\site-packages\pika\adapters\blocking_connection.py", line 451, in _create_connection
pika.exceptions.AMQPConnectionError
[12:29:42] ERROR [Notif] RabbitMQ no disponible: . Reintentando en 5s...
[12:29:47] INFO [Notif] Conectando a RabbitMQ (localhost)...
[12:29:47] INFO [Notif] Pika version 1.3.2 connecting to ('::1', 5672, 0, 0)
[12:29:49] ERROR [Notif] Socket failed to connect: <socket.socket fd=732, family=23, type=1, proto=6, laddr=('::', 58724, 0, 0)>; error=10061 (Unknown error)
[12:29:49] ERROR [Notif] TCP Connection attempt failed: ConnectionRefusedError(10061, 'Unknown error'); dest=(<AddressFamily.AF_INET6: 23>, <SocketKind.SOCK_STREAM: 1>, 6, '', ('::1', 5672, 0, 0))
[12:29:49] ERROR [Notif] AMQPConnector - reporting failure: AMQPConnectorSocketConnectError: ConnectionRefusedError(10061, 'Unknown error')
[12:29:49] INFO [Notif] Pika version 1.3.2 connecting to ('127.0.0.1', 5672)
[12:29:51] ERROR [Notif] Socket failed to connect: <socket.socket fd=732, family=2, type=1, proto=6, laddr=('0.0.0.0', 58727)>; error=10061 (Unknown error)
[12:29:51] ERROR [Notif] TCP Connection attempt failed: ConnectionRefusedError(10061, 'Unknown error'); dest=(<AddressFamily.AF_INET: 2>, <SocketKind.SOCK_STREAM: 1>, 6, '', ('127.0.0.1', 5672))
[12:29:51] ERROR [Notif] AMQPConnector - reporting failure: AMQPConnectorSocketConnectError: ConnectionRefusedError(10061, 'Unknown error')
[12:29:51] ERROR [Notif] AMQP connection workflow failed: AMQPConnectionWorkflowFailed: 2 exceptions in all; last exception - AMQPConnectorSocketConnectError: ConnectionRefusedError(10061, 'Unknown error'); first exception - AMQPConnectorSocketConnectError: ConnectionRefusedError(10061, 'Unknown error').
[12:29:51] ERROR [Notif] AMQPConnectionWorkflow - reporting failure: AMQPConnectionWorkflowFailed: 2 exceptions in all; last exception - AMQPConnectorSocketConnectError: ConnectionRefusedError(10061, 'Unknown error'); first exception - AMQPConnectorSocketConnectError: ConnectionRefusedError(10061, 'Unknown error')
[12:29:51] ERROR [Notif] Connection workflow failed: AMQPConnectionWorkflowFailed: 2 exceptions in all; last exception - AMQPConnectorSocketConnectError: ConnectionRefusedError(10061, 'Unknown error'); first exception - AMQPConnectorSocketConnectError: ConnectionRefusedError(10061, 'Unknown error')
[12:29:51] ERROR [Notif] Error in _create_connection().
Traceback (most recent call last):
  File "C:\Users\Usuario iTC\OneDrive\Desktop\Proyecto-Distribuidos\Proyecto-Sistemas-Distribuidos-U1\.venv\Lib\site-packages\pika\adapters\blocking_connection.py", line 451, in _create_connection
pika.exceptions.AMQPConnectionError
[12:29:51] ERROR [Notif] RabbitMQ no disponible: . Reintentando en 5s...
[12:29:56] INFO [Notif] Conectando a RabbitMQ (localhost)...
[12:29:56] INFO [Notif] Pika version 1.3.2 connecting to ('::1', 5672, 0, 0)
[12:29:58] ERROR [Notif] Socket failed to connect: <socket.socket fd=1032, family=23, type=1, proto=6, laddr=('::', 58740, 0, 0)>; error=10061 (Unknown error)
[12:29:58] ERROR [Notif] TCP Connection attempt failed: ConnectionRefusedError(10061, 'Unknown error'); dest=(<AddressFamily.AF_INET6: 23>, <SocketKind.SOCK_STREAM: 1>, 6, '', ('::1', 5672, 0, 0))
[12:29:58] ERROR [Notif] AMQPConnector - reporting failure: AMQPConnectorSocketConnectError: ConnectionRefusedError(10061, 'Unknown error')
[12:29:58] INFO [Notif] Pika version 1.3.2 connecting to ('127.0.0.1', 5672)
[12:30:00] ERROR [Notif] Socket failed to connect: <socket.socket fd=1032, family=2, type=1, proto=6, laddr=('0.0.0.0', 62310)>; error=10061 (Unknown error)
[12:30:00] ERROR [Notif] TCP Connection attempt failed: ConnectionRefusedError(10061, 'Unknown error'); dest=(<AddressFamily.AF_INET: 2>, <SocketKind.SOCK_STREAM: 1>, 6, '', ('127.0.0.1', 5672))
[12:30:00] ERROR [Notif] AMQPConnector - reporting failure: AMQPConnectorSocketConnectError: ConnectionRefusedError(10061, 'Unknown error')
[12:30:00] ERROR [Notif] AMQP connection workflow failed: AMQPConnectionWorkflowFailed: 2 exceptions in all; last exception - AMQPConnectorSocketConnectError: ConnectionRefusedError(10061, 'Unknown error'); first exception - AMQPConnectorSocketConnectError: ConnectionRefusedError(10061, 'Unknown error').
[12:30:00] ERROR [Notif] AMQPConnectionWorkflow - reporting failure: AMQPConnectionWorkflowFailed: 2 exceptions in all; last exception - AMQPConnectorSocketConnectError: ConnectionRefusedError(10061, 'Unknown error'); first exception - AMQPConnectorSocketConnectError: ConnectionRefusedError(10061, 'Unknown error')
[12:30:00] ERROR [Notif] Connection workflow failed: AMQPConnectionWorkflowFailed: 2 exceptions in all; last exception - AMQPConnectorSocketConnectError: ConnectionRefusedError(10061, 'Unknown error'); first exception - AMQPConnectorSocketConnectError: ConnectionRefusedError(10061, 'Unknown error')
[12:30:00] ERROR [Notif] Error in _create_connection().
Traceback (most recent call last):
  File "C:\Users\Usuario iTC\OneDrive\Desktop\Proyecto-Distribuidos\Proyecto-Sistemas-Distribuidos-U1\.venv\Lib\site-packages\pika\adapters\blocking_connection.py", line 451, in _create_connection
pika.exceptions.AMQPConnectionError
[12:30:00] ERROR [Notif] RabbitMQ no disponible: . Reintentando en 5s...
[12:30:05] INFO [Notif] Conectando a RabbitMQ (localhost)...
[12:30:05] INFO [Notif] Pika version 1.3.2 connecting to ('::1', 5672, 0, 0)
[12:30:07] ERROR [Notif] Socket failed to connect: <socket.socket fd=604, family=23, type=1, proto=6, laddr=('::', 57895, 0, 0)>; error=10061 (Unknown error)
[12:30:07] ERROR [Notif] TCP Connection attempt failed: ConnectionRefusedError(10061, 'Unknown error'); dest=(<AddressFamily.AF_INET6: 23>, <SocketKind.SOCK_STREAM: 1>, 6, '', ('::1', 5672, 0, 0))
[12:30:07] ERROR [Notif] AMQPConnector - reporting failure: AMQPConnectorSocketConnectError: ConnectionRefusedError(10061, 'Unknown error')
[12:30:07] INFO [Notif] Pika version 1.3.2 connecting to ('127.0.0.1', 5672)
[12:30:09] ERROR [Notif] Socket failed to connect: <socket.socket fd=604, family=2, type=1, proto=6, laddr=('0.0.0.0', 57907)>; error=10061 (Unknown error)
[12:30:09] ERROR [Notif] TCP Connection attempt failed: ConnectionRefusedError(10061, 'Unknown error'); dest=(<AddressFamily.AF_INET: 2>, <SocketKind.SOCK_STREAM: 1>, 6, '', ('127.0.0.1', 5672))
[12:30:09] ERROR [Notif] AMQPConnector - reporting failure: AMQPConnectorSocketConnectError: ConnectionRefusedError(10061, 'Unknown error')
[12:30:09] ERROR [Notif] AMQP connection workflow failed: AMQPConnectionWorkflowFailed: 2 exceptions in all; last exception - AMQPConnectorSocketConnectError: ConnectionRefusedError(10061, 'Unknown error'); first exception - AMQPConnectorSocketConnectError: ConnectionRefusedError(10061, 'Unknown error').
[12:30:09] ERROR [Notif] AMQPConnectionWorkflow - reporting failure: AMQPConnectionWorkflowFailed: 2 exceptions in all; last exception - AMQPConnectorSocketConnectError: ConnectionRefusedError(10061, 'Unknown error'); first exception - AMQPConnectorSocketConnectError: ConnectionRefusedError(10061, 'Unknown error')
[12:30:09] ERROR [Notif] Connection workflow failed: AMQPConnectionWorkflowFailed: 2 exceptions in all; last exception - AMQPConnectorSocketConnectError: ConnectionRefusedError(10061, 'Unknown error'); first exception - AMQPConnectorSocketConnectError: ConnectionRefusedError(10061, 'Unknown error')
[12:30:09] ERROR [Notif] Error in _create_connection().
Traceback (most recent call last):
  File "C:\Users\Usuario iTC\OneDrive\Desktop\Proyecto-Distribuidos\Proyecto-Sistemas-Distribuidos-U1\.venv\Lib\site-packages\pika\adapters\blocking_connection.py", line 451, in _create_connection
pika.exceptions.AMQPConnectionError
[12:30:09] ERROR [Notif] RabbitMQ no disponible: . Reintentando en 5s...
[12:30:14] INFO [Notif] Conectando a RabbitMQ (localhost)...
[12:30:14] INFO [Notif] Pika version 1.3.2 connecting to ('::1', 5672, 0, 0)
[12:30:16] ERROR [Notif] Socket failed to connect: <socket.socket fd=1068, family=23, type=1, proto=6, laddr=('::', 57924, 0, 0)>; error=10061 (Unknown error)
[12:30:16] ERROR [Notif] TCP Connection attempt failed: ConnectionRefusedError(10061, 'Unknown error'); dest=(<AddressFamily.AF_INET6: 23>, <SocketKind.SOCK_STREAM: 1>, 6, '', ('::1', 5672, 0, 0))
[12:30:16] ERROR [Notif] AMQPConnector - reporting failure: AMQPConnectorSocketConnectError: ConnectionRefusedError(10061, 'Unknown error')
[12:30:16] INFO [Notif] Pika version 1.3.2 connecting to ('127.0.0.1', 5672)
[12:30:18] ERROR [Notif] Socket failed to connect: <socket.socket fd=1068, family=2, type=1, proto=6, laddr=('0.0.0.0', 57925)>; error=10061 (Unknown error)
[12:30:18] ERROR [Notif] TCP Connection attempt failed: ConnectionRefusedError(10061, 'Unknown error'); dest=(<AddressFamily.AF_INET: 2>, <SocketKind.SOCK_STREAM: 1>, 6, '', ('127.0.0.1', 5672))
[12:30:18] ERROR [Notif] AMQPConnector - reporting failure: AMQPConnectorSocketConnectError: ConnectionRefusedError(10061, 'Unknown error')
[12:30:18] ERROR [Notif] AMQP connection workflow failed: AMQPConnectionWorkflowFailed: 2 exceptions in all; last exception - AMQPConnectorSocketConnectError: ConnectionRefusedError(10061, 'Unknown error'); first exception - AMQPConnectorSocketConnectError: ConnectionRefusedError(10061, 'Unknown error').
[12:30:18] ERROR [Notif] AMQPConnectionWorkflow - reporting failure: AMQPConnectionWorkflowFailed: 2 exceptions in all; last exception - AMQPConnectorSocketConnectError: ConnectionRefusedError(10061, 'Unknown error'); first exception - AMQPConnectorSocketConnectError: ConnectionRefusedError(10061, 'Unknown error')
[12:30:18] ERROR [Notif] Connection workflow failed: AMQPConnectionWorkflowFailed: 2 exceptions in all; last exception - AMQPConnectorSocketConnectError: ConnectionRefusedError(10061, 'Unknown error'); first exception - AMQPConnectorSocketConnectError: ConnectionRefusedError(10061, 'Unknown error')
[12:30:18] ERROR [Notif] Error in _create_connection().
Traceback (most recent call last):
  File "C:\Users\Usuario iTC\OneDrive\Desktop\Proyecto-Distribuidos\Proyecto-Sistemas-Distribuidos-U1\.venv\Lib\site-packages\pika\adapters\blocking_connection.py", line 451, in _create_connection
pika.exceptions.AMQPConnectionError
[12:30:18] ERROR [Notif] RabbitMQ no disponible: . Reintentando en 5s...
[12:30:23] INFO [Notif] Conectando a RabbitMQ (localhost)...
[12:30:23] INFO [Notif] Pika version 1.3.2 connecting to ('::1', 5672, 0, 0)
[12:30:25] ERROR [Notif] Socket failed to connect: <socket.socket fd=376, family=23, type=1, proto=6, laddr=('::', 57939, 0, 0)>; error=10061 (Unknown error)
[12:30:25] ERROR [Notif] TCP Connection attempt failed: ConnectionRefusedError(10061, 'Unknown error'); dest=(<AddressFamily.AF_INET6: 23>, <SocketKind.SOCK_STREAM: 1>, 6, '', ('::1', 5672, 0, 0))
[12:30:25] ERROR [Notif] AMQPConnector - reporting failure: AMQPConnectorSocketConnectError: ConnectionRefusedError(10061, 'Unknown error')
[12:30:25] INFO [Notif] Pika version 1.3.2 connecting to ('127.0.0.1', 5672)
[12:30:27] ERROR [Notif] Socket failed to connect: <socket.socket fd=376, family=2, type=1, proto=6, laddr=('0.0.0.0', 57940)>; error=10061 (Unknown error)
[12:30:27] ERROR [Notif] TCP Connection attempt failed: ConnectionRefusedError(10061, 'Unknown error'); dest=(<AddressFamily.AF_INET: 2>, <SocketKind.SOCK_STREAM: 1>, 6, '', ('127.0.0.1', 5672))
[12:30:27] ERROR [Notif] AMQPConnector - reporting failure: AMQPConnectorSocketConnectError: ConnectionRefusedError(10061, 'Unknown error')
[12:30:27] ERROR [Notif] AMQP connection workflow failed: AMQPConnectionWorkflowFailed: 2 exceptions in all; last exception - AMQPConnectorSocketConnectError: ConnectionRefusedError(10061, 'Unknown error'); first exception - AMQPConnectorSocketConnectError: ConnectionRefusedError(10061, 'Unknown error').
[12:30:27] ERROR [Notif] AMQPConnectionWorkflow - reporting failure: AMQPConnectionWorkflowFailed: 2 exceptions in all; last exception - AMQPConnectorSocketConnectError: ConnectionRefusedError(10061, 'Unknown error'); first exception - AMQPConnectorSocketConnectError: ConnectionRefusedError(10061, 'Unknown error')
[12:30:27] ERROR [Notif] Connection workflow failed: AMQPConnectionWorkflowFailed: 2 exceptions in all; last exception - AMQPConnectorSocketConnectError: ConnectionRefusedError(10061, 'Unknown error'); first exception - AMQPConnectorSocketConnectError: ConnectionRefusedError(10061, 'Unknown error')
[12:30:27] ERROR [Notif] Error in _create_connection().
Traceback (most recent call last):
  File "C:\Users\Usuario iTC\OneDrive\Desktop\Proyecto-Distribuidos\Proyecto-Sistemas-Distribuidos-U1\.venv\Lib\site-packages\pika\adapters\blocking_connection.py", line 451, in _create_connection
pika.exceptions.AMQPConnectionError
[12:30:27] ERROR [Notif] RabbitMQ no disponible: . Reintentando en 5s...
[12:30:32] INFO [Notif] Conectando a RabbitMQ (localhost)...
[12:30:32] INFO [Notif] Pika version 1.3.2 connecting to ('::1', 5672, 0, 0)
[12:30:34] ERROR [Notif] Socket failed to connect: <socket.socket fd=892, family=23, type=1, proto=6, laddr=('::', 57954, 0, 0)>; error=10061 (Unknown error)
[12:30:34] ERROR [Notif] TCP Connection attempt failed: ConnectionRefusedError(10061, 'Unknown error'); dest=(<AddressFamily.AF_INET6: 23>, <SocketKind.SOCK_STREAM: 1>, 6, '', ('::1', 5672, 0, 0))
[12:30:34] ERROR [Notif] AMQPConnector - reporting failure: AMQPConnectorSocketConnectError: ConnectionRefusedError(10061, 'Unknown error')
[12:30:34] INFO [Notif] Pika version 1.3.2 connecting to ('127.0.0.1', 5672)
[12:30:37] ERROR [Notif] Socket failed to connect: <socket.socket fd=892, family=2, type=1, proto=6, laddr=('0.0.0.0', 57957)>; error=10061 (Unknown error)
[12:30:37] ERROR [Notif] TCP Connection attempt failed: ConnectionRefusedError(10061, 'Unknown error'); dest=(<AddressFamily.AF_INET: 2>, <SocketKind.SOCK_STREAM: 1>, 6, '', ('127.0.0.1', 5672))
[12:30:37] ERROR [Notif] AMQPConnector - reporting failure: AMQPConnectorSocketConnectError: ConnectionRefusedError(10061, 'Unknown error')
[12:30:37] ERROR [Notif] AMQP connection workflow failed: AMQPConnectionWorkflowFailed: 2 exceptions in all; last exception - AMQPConnectorSocketConnectError: ConnectionRefusedError(10061, 'Unknown error'); first exception - AMQPConnectorSocketConnectError: ConnectionRefusedError(10061, 'Unknown error').
[12:30:37] ERROR [Notif] AMQPConnectionWorkflow - reporting failure: AMQPConnectionWorkflowFailed: 2 exceptions in all; last exception - AMQPConnectorSocketConnectError: ConnectionRefusedError(10061, 'Unknown error'); first exception - AMQPConnectorSocketConnectError: ConnectionRefusedError(10061, 'Unknown error')
[12:30:37] ERROR [Notif] Connection workflow failed: AMQPConnectionWorkflowFailed: 2 exceptions in all; last exception - AMQPConnectorSocketConnectError: ConnectionRefusedError(10061, 'Unknown error'); first exception - AMQPConnectorSocketConnectError: ConnectionRefusedError(10061, 'Unknown error')
[12:30:37] ERROR [Notif] Error in _create_connection().
Traceback (most recent call last):
  File "C:\Users\Usuario iTC\OneDrive\Desktop\Proyecto-Distribuidos\Proyecto-Sistemas-Distribuidos-U1\.venv\Lib\site-packages\pika\adapters\blocking_connection.py", line 451, in _create_connection
pika.exceptions.AMQPConnectionError
[12:30:37] ERROR [Notif] RabbitMQ no disponible: . Reintentando en 5s...
[12:30:42] INFO [Notif] Conectando a RabbitMQ (localhost)...
[12:30:42] INFO [Notif] Pika version 1.3.2 connecting to ('::1', 5672, 0, 0)
[12:30:44] ERROR [Notif] Socket failed to connect: <socket.socket fd=880, family=23, type=1, proto=6, laddr=('::', 57969, 0, 0)>; error=10061 (Unknown error)
[12:30:44] ERROR [Notif] TCP Connection attempt failed: ConnectionRefusedError(10061, 'Unknown error'); dest=(<AddressFamily.AF_INET6: 23>, <SocketKind.SOCK_STREAM: 1>, 6, '', ('::1', 5672, 0, 0))
[12:30:44] ERROR [Notif] AMQPConnector - reporting failure: AMQPConnectorSocketConnectError: ConnectionRefusedError(10061, 'Unknown error')
[12:30:44] INFO [Notif] Pika version 1.3.2 connecting to ('127.0.0.1', 5672)
[12:30:46] ERROR [Notif] Socket failed to connect: <socket.socket fd=880, family=2, type=1, proto=6, laddr=('0.0.0.0', 63588)>; error=10061 (Unknown error)
[12:30:46] ERROR [Notif] TCP Connection attempt failed: ConnectionRefusedError(10061, 'Unknown error'); dest=(<AddressFamily.AF_INET: 2>, <SocketKind.SOCK_STREAM: 1>, 6, '', ('127.0.0.1', 5672))
[12:30:46] ERROR [Notif] AMQPConnector - reporting failure: AMQPConnectorSocketConnectError: ConnectionRefusedError(10061, 'Unknown error')
[12:30:46] ERROR [Notif] AMQP connection workflow failed: AMQPConnectionWorkflowFailed: 2 exceptions in all; last exception - AMQPConnectorSocketConnectError: ConnectionRefusedError(10061, 'Unknown error'); first exception - AMQPConnectorSocketConnectError: ConnectionRefusedError(10061, 'Unknown error').
[12:30:46] ERROR [Notif] AMQPConnectionWorkflow - reporting failure: AMQPConnectionWorkflowFailed: 2 exceptions in all; last exception - AMQPConnectorSocketConnectError: ConnectionRefusedError(10061, 'Unknown error'); first exception - AMQPConnectorSocketConnectError: ConnectionRefusedError(10061, 'Unknown error')
[12:30:46] ERROR [Notif] Connection workflow failed: AMQPConnectionWorkflowFailed: 2 exceptions in all; last exception - AMQPConnectorSocketConnectError: ConnectionRefusedError(10061, 'Unknown error'); first exception - AMQPConnectorSocketConnectError: ConnectionRefusedError(10061, 'Unknown error')
[12:30:46] ERROR [Notif] Error in _create_connection().
Traceback (most recent call last):
  File "C:\Users\Usuario iTC\OneDrive\Desktop\Proyecto-Distribuidos\Proyecto-Sistemas-Distribuidos-U1\.venv\Lib\site-packages\pika\adapters\blocking_connection.py", line 451, in _create_connection
pika.exceptions.AMQPConnectionError
[12:30:46] ERROR [Notif] RabbitMQ no disponible: . Reintentando en 5s...
[12:30:51] INFO [Notif] Conectando a RabbitMQ (localhost)...
[12:30:51] INFO [Notif] Pika version 1.3.2 connecting to ('::1', 5672, 0, 0)
[12:30:53] ERROR [Notif] Socket failed to connect: <socket.socket fd=624, family=23, type=1, proto=6, laddr=('::', 63606, 0, 0)>; error=10061 (Unknown error)
[12:30:53] ERROR [Notif] TCP Connection attempt failed: ConnectionRefusedError(10061, 'Unknown error'); dest=(<AddressFamily.AF_INET6: 23>, <SocketKind.SOCK_STREAM: 1>, 6, '', ('::1', 5672, 0, 0))
[12:30:53] ERROR [Notif] AMQPConnector - reporting failure: AMQPConnectorSocketConnectError: ConnectionRefusedError(10061, 'Unknown error')
[12:30:53] INFO [Notif] Pika version 1.3.2 connecting to ('127.0.0.1', 5672)
[12:30:55] ERROR [Notif] Socket failed to connect: <socket.socket fd=624, family=2, type=1, proto=6, laddr=('0.0.0.0', 63612)>; error=10061 (Unknown error)
[12:30:55] ERROR [Notif] TCP Connection attempt failed: ConnectionRefusedError(10061, 'Unknown error'); dest=(<AddressFamily.AF_INET: 2>, <SocketKind.SOCK_STREAM: 1>, 6, '', ('127.0.0.1', 5672))
[12:30:55] ERROR [Notif] AMQPConnector - reporting failure: AMQPConnectorSocketConnectError: ConnectionRefusedError(10061, 'Unknown error')
[12:30:55] ERROR [Notif] AMQP connection workflow failed: AMQPConnectionWorkflowFailed: 2 exceptions in all; last exception - AMQPConnectorSocketConnectError: ConnectionRefusedError(10061, 'Unknown error'); first exception - AMQPConnectorSocketConnectError: ConnectionRefusedError(10061, 'Unknown error').
[12:30:55] ERROR [Notif] AMQPConnectionWorkflow - reporting failure: AMQPConnectionWorkflowFailed: 2 exceptions in all; last exception - AMQPConnectorSocketConnectError: ConnectionRefusedError(10061, 'Unknown error'); first exception - AMQPConnectorSocketConnectError: ConnectionRefusedError(10061, 'Unknown error')
[12:30:55] ERROR [Notif] Connection workflow failed: AMQPConnectionWorkflowFailed: 2 exceptions in all; last exception - AMQPConnectorSocketConnectError: ConnectionRefusedError(10061, 'Unknown error'); first exception - AMQPConnectorSocketConnectError: ConnectionRefusedError(10061, 'Unknown error')
[12:30:55] ERROR [Notif] Error in _create_connection().
Traceback (most recent call last):
  File "C:\Users\Usuario iTC\OneDrive\Desktop\Proyecto-Distribuidos\Proyecto-Sistemas-Distribuidos-U1\.venv\Lib\site-packages\pika\adapters\blocking_connection.py", line 451, in _create_connection
pika.exceptions.AMQPConnectionError
[12:30:55] ERROR [Notif] RabbitMQ no disponible: . Reintentando en 5s...
[12:31:00] INFO [Notif] Conectando a RabbitMQ (localhost)...
[12:31:00] INFO [Notif] Pika version 1.3.2 connecting to ('::1', 5672, 0, 0)
[12:31:02] ERROR [Notif] Socket failed to connect: <socket.socket fd=624, family=23, type=1, proto=6, laddr=('::', 62977, 0, 0)>; error=10061 (Unknown error)
[12:31:02] ERROR [Notif] TCP Connection attempt failed: ConnectionRefusedError(10061, 'Unknown error'); dest=(<AddressFamily.AF_INET6: 23>, <SocketKind.SOCK_STREAM: 1>, 6, '', ('::1', 5672, 0, 0))
[12:31:02] ERROR [Notif] AMQPConnector - reporting failure: AMQPConnectorSocketConnectError: ConnectionRefusedError(10061, 'Unknown error')
[12:31:02] INFO [Notif] Pika version 1.3.2 connecting to ('127.0.0.1', 5672)
[12:31:04] ERROR [Notif] Socket failed to connect: <socket.socket fd=624, family=2, type=1, proto=6, laddr=('0.0.0.0', 62988)>; error=10061 (Unknown error)
[12:31:04] ERROR [Notif] TCP Connection attempt failed: ConnectionRefusedError(10061, 'Unknown error'); dest=(<AddressFamily.AF_INET: 2>, <SocketKind.SOCK_STREAM: 1>, 6, '', ('127.0.0.1', 5672))
[12:31:04] ERROR [Notif] AMQPConnector - reporting failure: AMQPConnectorSocketConnectError: ConnectionRefusedError(10061, 'Unknown error')
[12:31:04] ERROR [Notif] AMQP connection workflow failed: AMQPConnectionWorkflowFailed: 2 exceptions in all; last exception - AMQPConnectorSocketConnectError: ConnectionRefusedError(10061, 'Unknown error'); first exception - AMQPConnectorSocketConnectError: ConnectionRefusedError(10061, 'Unknown error').
[12:31:04] ERROR [Notif] AMQPConnectionWorkflow - reporting failure: AMQPConnectionWorkflowFailed: 2 exceptions in all; last exception - AMQPConnectorSocketConnectError: ConnectionRefusedError(10061, 'Unknown error'); first exception - AMQPConnectorSocketConnectError: ConnectionRefusedError(10061, 'Unknown error')
[12:31:04] ERROR [Notif] Connection workflow failed: AMQPConnectionWorkflowFailed: 2 exceptions in all; last exception - AMQPConnectorSocketConnectError: ConnectionRefusedError(10061, 'Unknown error'); first exception - AMQPConnectorSocketConnectError: ConnectionRefusedError(10061, 'Unknown error')
[12:31:04] ERROR [Notif] Error in _create_connection().
Traceback (most recent call last):
  File "C:\Users\Usuario iTC\OneDrive\Desktop\Proyecto-Distribuidos\Proyecto-Sistemas-Distribuidos-U1\.venv\Lib\site-packages\pika\adapters\blocking_connection.py", line 451, in _create_connection
pika.exceptions.AMQPConnectionError
[12:31:04] ERROR [Notif] RabbitMQ no disponible: . Reintentando en 5s...
[12:31:09] INFO [Notif] Conectando a RabbitMQ (localhost)...
[12:31:09] INFO [Notif] Pika version 1.3.2 connecting to ('::1', 5672, 0, 0)
[12:31:11] ERROR [Notif] Socket failed to connect: <socket.socket fd=688, family=23, type=1, proto=6, laddr=('::', 63010, 0, 0)>; error=10061 (Unknown error)
[12:31:11] ERROR [Notif] TCP Connection attempt failed: ConnectionRefusedError(10061, 'Unknown error'); dest=(<AddressFamily.AF_INET6: 23>, <SocketKind.SOCK_STREAM: 1>, 6, '', ('::1', 5672, 0, 0))
[12:31:11] ERROR [Notif] AMQPConnector - reporting failure: AMQPConnectorSocketConnectError: ConnectionRefusedError(10061, 'Unknown error')
[12:31:11] INFO [Notif] Pika version 1.3.2 connecting to ('127.0.0.1', 5672)
[12:31:13] ERROR [Notif] Socket failed to connect: <socket.socket fd=688, family=2, type=1, proto=6, laddr=('0.0.0.0', 63013)>; error=10061 (Unknown error)
[12:31:13] ERROR [Notif] TCP Connection attempt failed: ConnectionRefusedError(10061, 'Unknown error'); dest=(<AddressFamily.AF_INET: 2>, <SocketKind.SOCK_STREAM: 1>, 6, '', ('127.0.0.1', 5672))
[12:31:13] ERROR [Notif] AMQPConnector - reporting failure: AMQPConnectorSocketConnectError: ConnectionRefusedError(10061, 'Unknown error')
[12:31:13] ERROR [Notif] AMQP connection workflow failed: AMQPConnectionWorkflowFailed: 2 exceptions in all; last exception - AMQPConnectorSocketConnectError: ConnectionRefusedError(10061, 'Unknown error'); first exception - AMQPConnectorSocketConnectError: ConnectionRefusedError(10061, 'Unknown error').
[12:31:13] ERROR [Notif] AMQPConnectionWorkflow - reporting failure: AMQPConnectionWorkflowFailed: 2 exceptions in all; last exception - AMQPConnectorSocketConnectError: ConnectionRefusedError(10061, 'Unknown error'); first exception - AMQPConnectorSocketConnectError: ConnectionRefusedError(10061, 'Unknown error')
[12:31:13] ERROR [Notif] Connection workflow failed: AMQPConnectionWorkflowFailed: 2 exceptions in all; last exception - AMQPConnectorSocketConnectError: ConnectionRefusedError(10061, 'Unknown error'); first exception - AMQPConnectorSocketConnectError: ConnectionRefusedError(10061, 'Unknown error')
[12:31:13] ERROR [Notif] Error in _create_connection().
Traceback (most recent call last):
  File "C:\Users\Usuario iTC\OneDrive\Desktop\Proyecto-Distribuidos\Proyecto-Sistemas-Distribuidos-U1\.venv\Lib\site-packages\pika\adapters\blocking_connection.py", line 451, in _create_connection
pika.exceptions.AMQPConnectionError
[12:31:13] ERROR [Notif] RabbitMQ no disponible: . Reintentando en 5s...
[12:31:18] INFO [Notif] Conectando a RabbitMQ (localhost)...
[12:31:18] INFO [Notif] Pika version 1.3.2 connecting to ('::1', 5672, 0, 0)
[12:31:20] ERROR [Notif] Socket failed to connect: <socket.socket fd=992, family=23, type=1, proto=6, laddr=('::', 63040, 0, 0)>; error=10061 (Unknown error)
[12:31:20] ERROR [Notif] TCP Connection attempt failed: ConnectionRefusedError(10061, 'Unknown error'); dest=(<AddressFamily.AF_INET6: 23>, <SocketKind.SOCK_STREAM: 1>, 6, '', ('::1', 5672, 0, 0))
[12:31:20] ERROR [Notif] AMQPConnector - reporting failure: AMQPConnectorSocketConnectError: ConnectionRefusedError(10061, 'Unknown error')
[12:31:20] INFO [Notif] Pika version 1.3.2 connecting to ('127.0.0.1', 5672)
[12:31:22] ERROR [Notif] Socket failed to connect: <socket.socket fd=992, family=2, type=1, proto=6, laddr=('0.0.0.0', 63041)>; error=10061 (Unknown error)
[12:31:22] ERROR [Notif] TCP Connection attempt failed: ConnectionRefusedError(10061, 'Unknown error'); dest=(<AddressFamily.AF_INET: 2>, <SocketKind.SOCK_STREAM: 1>, 6, '', ('127.0.0.1', 5672))
[12:31:22] ERROR [Notif] AMQPConnector - reporting failure: AMQPConnectorSocketConnectError: ConnectionRefusedError(10061, 'Unknown error')
[12:31:22] ERROR [Notif] AMQP connection workflow failed: AMQPConnectionWorkflowFailed: 2 exceptions in all; last exception - AMQPConnectorSocketConnectError: ConnectionRefusedError(10061, 'Unknown error'); first exception - AMQPConnectorSocketConnectError: ConnectionRefusedError(10061, 'Unknown error').
[12:31:22] ERROR [Notif] AMQPConnectionWorkflow - reporting failure: AMQPConnectionWorkflowFailed: 2 exceptions in all; last exception - AMQPConnectorSocketConnectError: ConnectionRefusedError(10061, 'Unknown error'); first exception - AMQPConnectorSocketConnectError: ConnectionRefusedError(10061, 'Unknown error')
[12:31:22] ERROR [Notif] Connection workflow failed: AMQPConnectionWorkflowFailed: 2 exceptions in all; last exception - AMQPConnectorSocketConnectError: ConnectionRefusedError(10061, 'Unknown error'); first exception - AMQPConnectorSocketConnectError: ConnectionRefusedError(10061, 'Unknown error')
[12:31:22] ERROR [Notif] Error in _create_connection().
Traceback (most recent call last):
  File "C:\Users\Usuario iTC\OneDrive\Desktop\Proyecto-Distribuidos\Proyecto-Sistemas-Distribuidos-U1\.venv\Lib\site-packages\pika\adapters\blocking_connection.py", line 451, in _create_connection
pika.exceptions.AMQPConnectionError
[12:31:22] ERROR [Notif] RabbitMQ no disponible: . Reintentando en 5s...
[12:31:27] INFO [Notif] Conectando a RabbitMQ (localhost)...
[12:31:27] INFO [Notif] Pika version 1.3.2 connecting to ('::1', 5672, 0, 0)
[12:31:29] ERROR [Notif] Socket failed to connect: <socket.socket fd=968, family=23, type=1, proto=6, laddr=('::', 63049, 0, 0)>; error=10061 (Unknown error)
[12:31:29] ERROR [Notif] TCP Connection attempt failed: ConnectionRefusedError(10061, 'Unknown error'); dest=(<AddressFamily.AF_INET6: 23>, <SocketKind.SOCK_STREAM: 1>, 6, '', ('::1', 5672, 0, 0))
[12:31:29] ERROR [Notif] AMQPConnector - reporting failure: AMQPConnectorSocketConnectError: ConnectionRefusedError(10061, 'Unknown error')
[12:31:29] INFO [Notif] Pika version 1.3.2 connecting to ('127.0.0.1', 5672)
[12:31:31] ERROR [Notif] Socket failed to connect: <socket.socket fd=968, family=2, type=1, proto=6, laddr=('0.0.0.0', 63050)>; error=10061 (Unknown error)
[12:31:31] ERROR [Notif] TCP Connection attempt failed: ConnectionRefusedError(10061, 'Unknown error'); dest=(<AddressFamily.AF_INET: 2>, <SocketKind.SOCK_STREAM: 1>, 6, '', ('127.0.0.1', 5672))
[12:31:31] ERROR [Notif] AMQPConnector - reporting failure: AMQPConnectorSocketConnectError: ConnectionRefusedError(10061, 'Unknown error')
[12:31:31] ERROR [Notif] AMQP connection workflow failed: AMQPConnectionWorkflowFailed: 2 exceptions in all; last exception - AMQPConnectorSocketConnectError: ConnectionRefusedError(10061, 'Unknown error'); first exception - AMQPConnectorSocketConnectError: ConnectionRefusedError(10061, 'Unknown error').
[12:31:31] ERROR [Notif] AMQPConnectionWorkflow - reporting failure: AMQPConnectionWorkflowFailed: 2 exceptions in all; last exception - AMQPConnectorSocketConnectError: ConnectionRefusedError(10061, 'Unknown error'); first exception - AMQPConnectorSocketConnectError: ConnectionRefusedError(10061, 'Unknown error')
[12:31:31] ERROR [Notif] Connection workflow failed: AMQPConnectionWorkflowFailed: 2 exceptions in all; last exception - AMQPConnectorSocketConnectError: ConnectionRefusedError(10061, 'Unknown error'); first exception - AMQPConnectorSocketConnectError: ConnectionRefusedError(10061, 'Unknown error')
[12:31:31] ERROR [Notif] Error in _create_connection().
Traceback (most recent call last):
  File "C:\Users\Usuario iTC\OneDrive\Desktop\Proyecto-Distribuidos\Proyecto-Sistemas-Distribuidos-U1\.venv\Lib\site-packages\pika\adapters\blocking_connection.py", line 451, in _create_connection
pika.exceptions.AMQPConnectionError
[12:31:31] ERROR [Notif] RabbitMQ no disponible: . Reintentando en 5s...
[12:31:36] INFO [Notif] Conectando a RabbitMQ (localhost)...
[12:31:36] INFO [Notif] Pika version 1.3.2 connecting to ('::1', 5672, 0, 0)
[12:31:38] ERROR [Notif] Socket failed to connect: <socket.socket fd=624, family=23, type=1, proto=6, laddr=('::', 63059, 0, 0)>; error=10061 (Unknown error)
[12:31:38] ERROR [Notif] TCP Connection attempt failed: ConnectionRefusedError(10061, 'Unknown error'); dest=(<AddressFamily.AF_INET6: 23>, <SocketKind.SOCK_STREAM: 1>, 6, '', ('::1', 5672, 0, 0))
[12:31:38] ERROR [Notif] AMQPConnector - reporting failure: AMQPConnectorSocketConnectError: ConnectionRefusedError(10061, 'Unknown error')
[12:31:38] INFO [Notif] Pika version 1.3.2 connecting to ('127.0.0.1', 5672)
[12:31:40] ERROR [Notif] Socket failed to connect: <socket.socket fd=624, family=2, type=1, proto=6, laddr=('0.0.0.0', 63061)>; error=10061 (Unknown error)
[12:31:40] ERROR [Notif] TCP Connection attempt failed: ConnectionRefusedError(10061, 'Unknown error'); dest=(<AddressFamily.AF_INET: 2>, <SocketKind.SOCK_STREAM: 1>, 6, '', ('127.0.0.1', 5672))
[12:31:40] ERROR [Notif] AMQPConnector - reporting failure: AMQPConnectorSocketConnectError: ConnectionRefusedError(10061, 'Unknown error')
[12:31:40] ERROR [Notif] AMQP connection workflow failed: AMQPConnectionWorkflowFailed: 2 exceptions in all; last exception - AMQPConnectorSocketConnectError: ConnectionRefusedError(10061, 'Unknown error'); first exception - AMQPConnectorSocketConnectError: ConnectionRefusedError(10061, 'Unknown error').
[12:31:40] ERROR [Notif] AMQPConnectionWorkflow - reporting failure: AMQPConnectionWorkflowFailed: 2 exceptions in all; last exception - AMQPConnectorSocketConnectError: ConnectionRefusedError(10061, 'Unknown error'); first exception - AMQPConnectorSocketConnectError: ConnectionRefusedError(10061, 'Unknown error')
[12:31:40] ERROR [Notif] Connection workflow failed: AMQPConnectionWorkflowFailed: 2 exceptions in all; last exception - AMQPConnectorSocketConnectError: ConnectionRefusedError(10061, 'Unknown error'); first exception - AMQPConnectorSocketConnectError: ConnectionRefusedError(10061, 'Unknown error')
[12:31:40] ERROR [Notif] Error in _create_connection().
Traceback (most recent call last):
  File "C:\Users\Usuario iTC\OneDrive\Desktop\Proyecto-Distribuidos\Proyecto-Sistemas-Distribuidos-U1\.venv\Lib\site-packages\pika\adapters\blocking_connection.py", line 451, in _create_connection
pika.exceptions.AMQPConnectionError
[12:31:40] ERROR [Notif] RabbitMQ no disponible: . Reintentando en 5s...
[12:31:45] INFO [Notif] Conectando a RabbitMQ (localhost)...
[12:31:45] INFO [Notif] Pika version 1.3.2 connecting to ('::1', 5672, 0, 0)
[12:31:47] ERROR [Notif] Socket failed to connect: <socket.socket fd=716, family=23, type=1, proto=6, laddr=('::', 61286, 0, 0)>; error=10061 (Unknown error)
[12:31:47] ERROR [Notif] TCP Connection attempt failed: ConnectionRefusedError(10061, 'Unknown error'); dest=(<AddressFamily.AF_INET6: 23>, <SocketKind.SOCK_STREAM: 1>, 6, '', ('::1', 5672, 0, 0))
[12:31:47] ERROR [Notif] AMQPConnector - reporting failure: AMQPConnectorSocketConnectError: ConnectionRefusedError(10061, 'Unknown error')
[12:31:47] INFO [Notif] Pika version 1.3.2 connecting to ('127.0.0.1', 5672)
[12:31:49] ERROR [Notif] Socket failed to connect: <socket.socket fd=716, family=2, type=1, proto=6, laddr=('0.0.0.0', 57447)>; error=10061 (Unknown error)
[12:31:49] ERROR [Notif] TCP Connection attempt failed: ConnectionRefusedError(10061, 'Unknown error'); dest=(<AddressFamily.AF_INET: 2>, <SocketKind.SOCK_STREAM: 1>, 6, '', ('127.0.0.1', 5672))
[12:31:49] ERROR [Notif] AMQPConnector - reporting failure: AMQPConnectorSocketConnectError: ConnectionRefusedError(10061, 'Unknown error')
[12:31:49] ERROR [Notif] AMQP connection workflow failed: AMQPConnectionWorkflowFailed: 2 exceptions in all; last exception - AMQPConnectorSocketConnectError: ConnectionRefusedError(10061, 'Unknown error'); first exception - AMQPConnectorSocketConnectError: ConnectionRefusedError(10061, 'Unknown error').
[12:31:49] ERROR [Notif] AMQPConnectionWorkflow - reporting failure: AMQPConnectionWorkflowFailed: 2 exceptions in all; last exception - AMQPConnectorSocketConnectError: ConnectionRefusedError(10061, 'Unknown error'); first exception - AMQPConnectorSocketConnectError: ConnectionRefusedError(10061, 'Unknown error')
[12:31:49] ERROR [Notif] Connection workflow failed: AMQPConnectionWorkflowFailed: 2 exceptions in all; last exception - AMQPConnectorSocketConnectError: ConnectionRefusedError(10061, 'Unknown error'); first exception - AMQPConnectorSocketConnectError: ConnectionRefusedError(10061, 'Unknown error')
[12:31:49] ERROR [Notif] Error in _create_connection().
Traceback (most recent call last):
  File "C:\Users\Usuario iTC\OneDrive\Desktop\Proyecto-Distribuidos\Proyecto-Sistemas-Distribuidos-U1\.venv\Lib\site-packages\pika\adapters\blocking_connection.py", line 451, in _create_connection
pika.exceptions.AMQPConnectionError
[12:31:49] ERROR [Notif] RabbitMQ no disponible: . Reintentando en 5s...
[12:31:54] INFO [Notif] Conectando a RabbitMQ (localhost)...
[12:31:54] INFO [Notif] Pika version 1.3.2 connecting to ('::1', 5672, 0, 0)
[12:31:56] ERROR [Notif] Socket failed to connect: <socket.socket fd=1032, family=23, type=1, proto=6, laddr=('::', 57454, 0, 0)>; error=10061 (Unknown error)
[12:31:56] ERROR [Notif] TCP Connection attempt failed: ConnectionRefusedError(10061, 'Unknown error'); dest=(<AddressFamily.AF_INET6: 23>, <SocketKind.SOCK_STREAM: 1>, 6, '', ('::1', 5672, 0, 0))
[12:31:56] ERROR [Notif] AMQPConnector - reporting failure: AMQPConnectorSocketConnectError: ConnectionRefusedError(10061, 'Unknown error')
[12:31:56] INFO [Notif] Pika version 1.3.2 connecting to ('127.0.0.1', 5672)
[12:31:58] ERROR [Notif] Socket failed to connect: <socket.socket fd=952, family=2, type=1, proto=6, laddr=('0.0.0.0', 57455)>; error=10061 (Unknown error)
[12:31:58] ERROR [Notif] TCP Connection attempt failed: ConnectionRefusedError(10061, 'Unknown error'); dest=(<AddressFamily.AF_INET: 2>, <SocketKind.SOCK_STREAM: 1>, 6, '', ('127.0.0.1', 5672))
[12:31:58] ERROR [Notif] AMQPConnector - reporting failure: AMQPConnectorSocketConnectError: ConnectionRefusedError(10061, 'Unknown error')
[12:31:58] ERROR [Notif] AMQP connection workflow failed: AMQPConnectionWorkflowFailed: 2 exceptions in all; last exception - AMQPConnectorSocketConnectError: ConnectionRefusedError(10061, 'Unknown error'); first exception - AMQPConnectorSocketConnectError: ConnectionRefusedError(10061, 'Unknown error').
[12:31:58] ERROR [Notif] AMQPConnectionWorkflow - reporting failure: AMQPConnectionWorkflowFailed: 2 exceptions in all; last exception - AMQPConnectorSocketConnectError: ConnectionRefusedError(10061, 'Unknown error'); first exception - AMQPConnectorSocketConnectError: ConnectionRefusedError(10061, 'Unknown error')
[12:31:58] ERROR [Notif] Connection workflow failed: AMQPConnectionWorkflowFailed: 2 exceptions in all; last exception - AMQPConnectorSocketConnectError: ConnectionRefusedError(10061, 'Unknown error'); first exception - AMQPConnectorSocketConnectError: ConnectionRefusedError(10061, 'Unknown error')
[12:31:58] ERROR [Notif] Error in _create_connection().
Traceback (most recent call last):
  File "C:\Users\Usuario iTC\OneDrive\Desktop\Proyecto-Distribuidos\Proyecto-Sistemas-Distribuidos-U1\.venv\Lib\site-packages\pika\adapters\blocking_connection.py", line 451, in _create_connection
pika.exceptions.AMQPConnectionError
[12:31:58] ERROR [Notif] RabbitMQ no disponible: . Reintentando en 5s...
[12:32:03] INFO [Notif] Conectando a RabbitMQ (localhost)...
[12:32:03] INFO [Notif] Pika version 1.3.2 connecting to ('::1', 5672, 0, 0)
[12:32:05] ERROR [Notif] Socket failed to connect: <socket.socket fd=776, family=23, type=1, proto=6, laddr=('::', 57475, 0, 0)>; error=10061 (Unknown error)
[12:32:05] ERROR [Notif] TCP Connection attempt failed: ConnectionRefusedError(10061, 'Unknown error'); dest=(<AddressFamily.AF_INET6: 23>, <SocketKind.SOCK_STREAM: 1>, 6, '', ('::1', 5672, 0, 0))
[12:32:05] ERROR [Notif] AMQPConnector - reporting failure: AMQPConnectorSocketConnectError: ConnectionRefusedError(10061, 'Unknown error')
[12:32:05] INFO [Notif] Pika version 1.3.2 connecting to ('127.0.0.1', 5672)
[12:32:07] ERROR [Notif] Socket failed to connect: <socket.socket fd=776, family=2, type=1, proto=6, laddr=('0.0.0.0', 57477)>; error=10061 (Unknown error)
[12:32:07] ERROR [Notif] TCP Connection attempt failed: ConnectionRefusedError(10061, 'Unknown error'); dest=(<AddressFamily.AF_INET: 2>, <SocketKind.SOCK_STREAM: 1>, 6, '', ('127.0.0.1', 5672))
[12:32:07] ERROR [Notif] AMQPConnector - reporting failure: AMQPConnectorSocketConnectError: ConnectionRefusedError(10061, 'Unknown error')
[12:32:07] ERROR [Notif] AMQP connection workflow failed: AMQPConnectionWorkflowFailed: 2 exceptions in all; last exception - AMQPConnectorSocketConnectError: ConnectionRefusedError(10061, 'Unknown error'); first exception - AMQPConnectorSocketConnectError: ConnectionRefusedError(10061, 'Unknown error').
[12:32:07] ERROR [Notif] AMQPConnectionWorkflow - reporting failure: AMQPConnectionWorkflowFailed: 2 exceptions in all; last exception - AMQPConnectorSocketConnectError: ConnectionRefusedError(10061, 'Unknown error'); first exception - AMQPConnectorSocketConnectError: ConnectionRefusedError(10061, 'Unknown error')
[12:32:07] ERROR [Notif] Connection workflow failed: AMQPConnectionWorkflowFailed: 2 exceptions in all; last exception - AMQPConnectorSocketConnectError: ConnectionRefusedError(10061, 'Unknown error'); first exception - AMQPConnectorSocketConnectError: ConnectionRefusedError(10061, 'Unknown error')
[12:32:07] ERROR [Notif] Error in _create_connection().
Traceback (most recent call last):
  File "C:\Users\Usuario iTC\OneDrive\Desktop\Proyecto-Distribuidos\Proyecto-Sistemas-Distribuidos-U1\.venv\Lib\site-packages\pika\adapters\blocking_connection.py", line 451, in _create_connection
pika.exceptions.AMQPConnectionError
[12:32:07] ERROR [Notif] RabbitMQ no disponible: . Reintentando en 5s...
[12:32:12] INFO [Notif] Conectando a RabbitMQ (localhost)...
[12:32:12] INFO [Notif] Pika version 1.3.2 connecting to ('::1', 5672, 0, 0)
[12:32:14] ERROR [Notif] Socket failed to connect: <socket.socket fd=1040, family=23, type=1, proto=6, laddr=('::', 57485, 0, 0)>; error=10061 (Unknown error)
[12:32:14] ERROR [Notif] TCP Connection attempt failed: ConnectionRefusedError(10061, 'Unknown error'); dest=(<AddressFamily.AF_INET6: 23>, <SocketKind.SOCK_STREAM: 1>, 6, '', ('::1', 5672, 0, 0))
[12:32:14] ERROR [Notif] AMQPConnector - reporting failure: AMQPConnectorSocketConnectError: ConnectionRefusedError(10061, 'Unknown error')
[12:32:14] INFO [Notif] Pika version 1.3.2 connecting to ('127.0.0.1', 5672)
[12:32:16] ERROR [Notif] Socket failed to connect: <socket.socket fd=1040, family=2, type=1, proto=6, laddr=('0.0.0.0', 57486)>; error=10061 (Unknown error)
[12:32:16] ERROR [Notif] TCP Connection attempt failed: ConnectionRefusedError(10061, 'Unknown error'); dest=(<AddressFamily.AF_INET: 2>, <SocketKind.SOCK_STREAM: 1>, 6, '', ('127.0.0.1', 5672))
[12:32:16] ERROR [Notif] AMQPConnector - reporting failure: AMQPConnectorSocketConnectError: ConnectionRefusedError(10061, 'Unknown error')
[12:32:16] ERROR [Notif] AMQP connection workflow failed: AMQPConnectionWorkflowFailed: 2 exceptions in all; last exception - AMQPConnectorSocketConnectError: ConnectionRefusedError(10061, 'Unknown error'); first exception - AMQPConnectorSocketConnectError: ConnectionRefusedError(10061, 'Unknown error').
[12:32:16] ERROR [Notif] AMQPConnectionWorkflow - reporting failure: AMQPConnectionWorkflowFailed: 2 exceptions in all; last exception - AMQPConnectorSocketConnectError: ConnectionRefusedError(10061, 'Unknown error'); first exception - AMQPConnectorSocketConnectError: ConnectionRefusedError(10061, 'Unknown error')
[12:32:16] ERROR [Notif] Connection workflow failed: AMQPConnectionWorkflowFailed: 2 exceptions in all; last exception - AMQPConnectorSocketConnectError: ConnectionRefusedError(10061, 'Unknown error'); first exception - AMQPConnectorSocketConnectError: ConnectionRefusedError(10061, 'Unknown error')
[12:32:16] ERROR [Notif] Error in _create_connection().
Traceback (most recent call last):
  File "C:\Users\Usuario iTC\OneDrive\Desktop\Proyecto-Distribuidos\Proyecto-Sistemas-Distribuidos-U1\.venv\Lib\site-packages\pika\adapters\blocking_connection.py", line 451, in _create_connection
pika.exceptions.AMQPConnectionError
[12:32:16] ERROR [Notif] RabbitMQ no disponible: . Reintentando en 5s...
[12:32:21] INFO [Notif] Conectando a RabbitMQ (localhost)...
[12:32:21] INFO [Notif] Pika version 1.3.2 connecting to ('::1', 5672, 0, 0)
[12:32:24] ERROR [Notif] Socket failed to connect: <socket.socket fd=904, family=23, type=1, proto=6, laddr=('::', 57494, 0, 0)>; error=10061 (Unknown error)
[12:32:24] ERROR [Notif] TCP Connection attempt failed: ConnectionRefusedError(10061, 'Unknown error'); dest=(<AddressFamily.AF_INET6: 23>, <SocketKind.SOCK_STREAM: 1>, 6, '', ('::1', 5672, 0, 0))
[12:32:24] ERROR [Notif] AMQPConnector - reporting failure: AMQPConnectorSocketConnectError: ConnectionRefusedError(10061, 'Unknown error')
[12:32:24] INFO [Notif] Pika version 1.3.2 connecting to ('127.0.0.1', 5672)
[12:32:26] ERROR [Notif] Socket failed to connect: <socket.socket fd=904, family=2, type=1, proto=6, laddr=('0.0.0.0', 57495)>; error=10061 (Unknown error)
[12:32:26] ERROR [Notif] TCP Connection attempt failed: ConnectionRefusedError(10061, 'Unknown error'); dest=(<AddressFamily.AF_INET: 2>, <SocketKind.SOCK_STREAM: 1>, 6, '', ('127.0.0.1', 5672))
[12:32:26] ERROR [Notif] AMQPConnector - reporting failure: AMQPConnectorSocketConnectError: ConnectionRefusedError(10061, 'Unknown error')
[12:32:26] ERROR [Notif] AMQP connection workflow failed: AMQPConnectionWorkflowFailed: 2 exceptions in all; last exception - AMQPConnectorSocketConnectError: ConnectionRefusedError(10061, 'Unknown error'); first exception - AMQPConnectorSocketConnectError: ConnectionRefusedError(10061, 'Unknown error').
[12:32:26] ERROR [Notif] AMQPConnectionWorkflow - reporting failure: AMQPConnectionWorkflowFailed: 2 exceptions in all; last exception - AMQPConnectorSocketConnectError: ConnectionRefusedError(10061, 'Unknown error'); first exception - AMQPConnectorSocketConnectError: ConnectionRefusedError(10061, 'Unknown error')
[12:32:26] ERROR [Notif] Connection workflow failed: AMQPConnectionWorkflowFailed: 2 exceptions in all; last exception - AMQPConnectorSocketConnectError: ConnectionRefusedError(10061, 'Unknown error'); first exception - AMQPConnectorSocketConnectError: ConnectionRefusedError(10061, 'Unknown error')
[12:32:26] ERROR [Notif] Error in _create_connection().
Traceback (most recent call last):
  File "C:\Users\Usuario iTC\OneDrive\Desktop\Proyecto-Distribuidos\Proyecto-Sistemas-Distribuidos-U1\.venv\Lib\site-packages\pika\adapters\blocking_connection.py", line 451, in _create_connection
pika.exceptions.AMQPConnectionError
[12:32:26] ERROR [Notif] RabbitMQ no disponible: . Reintentando en 5s...
[12:32:31] INFO [Notif] Conectando a RabbitMQ (localhost)...
[12:32:31] INFO [Notif] Pika version 1.3.2 connecting to ('::1', 5672, 0, 0)
[12:32:33] ERROR [Notif] Socket failed to connect: <socket.socket fd=968, family=23, type=1, proto=6, laddr=('::', 57502, 0, 0)>; error=10061 (Unknown error)
[12:32:33] ERROR [Notif] TCP Connection attempt failed: ConnectionRefusedError(10061, 'Unknown error'); dest=(<AddressFamily.AF_INET6: 23>, <SocketKind.SOCK_STREAM: 1>, 6, '', ('::1', 5672, 0, 0))
[12:32:33] ERROR [Notif] AMQPConnector - reporting failure: AMQPConnectorSocketConnectError: ConnectionRefusedError(10061, 'Unknown error')
[12:32:33] INFO [Notif] Pika version 1.3.2 connecting to ('127.0.0.1', 5672)
[12:32:35] ERROR [Notif] Socket failed to connect: <socket.socket fd=968, family=2, type=1, proto=6, laddr=('0.0.0.0', 61723)>; error=10061 (Unknown error)
[12:32:35] ERROR [Notif] TCP Connection attempt failed: ConnectionRefusedError(10061, 'Unknown error'); dest=(<AddressFamily.AF_INET: 2>, <SocketKind.SOCK_STREAM: 1>, 6, '', ('127.0.0.1', 5672))
[12:32:35] ERROR [Notif] AMQPConnector - reporting failure: AMQPConnectorSocketConnectError: ConnectionRefusedError(10061, 'Unknown error')
[12:32:35] ERROR [Notif] AMQP connection workflow failed: AMQPConnectionWorkflowFailed: 2 exceptions in all; last exception - AMQPConnectorSocketConnectError: ConnectionRefusedError(10061, 'Unknown error'); first exception - AMQPConnectorSocketConnectError: ConnectionRefusedError(10061, 'Unknown error').
[12:32:35] ERROR [Notif] AMQPConnectionWorkflow - reporting failure: AMQPConnectionWorkflowFailed: 2 exceptions in all; last exception - AMQPConnectorSocketConnectError: ConnectionRefusedError(10061, 'Unknown error'); first exception - AMQPConnectorSocketConnectError: ConnectionRefusedError(10061, 'Unknown error')
[12:32:35] ERROR [Notif] Connection workflow failed: AMQPConnectionWorkflowFailed: 2 exceptions in all; last exception - AMQPConnectorSocketConnectError: ConnectionRefusedError(10061, 'Unknown error'); first exception - AMQPConnectorSocketConnectError: ConnectionRefusedError(10061, 'Unknown error')
[12:32:35] ERROR [Notif] Error in _create_connection().
Traceback (most recent call last):
  File "C:\Users\Usuario iTC\OneDrive\Desktop\Proyecto-Distribuidos\Proyecto-Sistemas-Distribuidos-U1\.venv\Lib\site-packages\pika\adapters\blocking_connection.py", line 451, in _create_connection
pika.exceptions.AMQPConnectionError
[12:32:35] ERROR [Notif] RabbitMQ no disponible: . Reintentando en 5s...
[12:32:40] INFO [Notif] Conectando a RabbitMQ (localhost)...
[12:32:40] INFO [Notif] Pika version 1.3.2 connecting to ('::1', 5672, 0, 0)
[12:32:42] ERROR [Notif] Socket failed to connect: <socket.socket fd=1072, family=23, type=1, proto=6, laddr=('::', 61031, 0, 0)>; error=10061 (Unknown error)
[12:32:42] ERROR [Notif] TCP Connection attempt failed: ConnectionRefusedError(10061, 'Unknown error'); dest=(<AddressFamily.AF_INET6: 23>, <SocketKind.SOCK_STREAM: 1>, 6, '', ('::1', 5672, 0, 0))
[12:32:42] ERROR [Notif] AMQPConnector - reporting failure: AMQPConnectorSocketConnectError: ConnectionRefusedError(10061, 'Unknown error')
[12:32:42] INFO [Notif] Pika version 1.3.2 connecting to ('127.0.0.1', 5672)
[12:32:44] ERROR [Notif] Socket failed to connect: <socket.socket fd=1072, family=2, type=1, proto=6, laddr=('0.0.0.0', 61032)>; error=10061 (Unknown error)
[12:32:44] ERROR [Notif] TCP Connection attempt failed: ConnectionRefusedError(10061, 'Unknown error'); dest=(<AddressFamily.AF_INET: 2>, <SocketKind.SOCK_STREAM: 1>, 6, '', ('127.0.0.1', 5672))
[12:32:44] ERROR [Notif] AMQPConnector - reporting failure: AMQPConnectorSocketConnectError: ConnectionRefusedError(10061, 'Unknown error')
[12:32:44] ERROR [Notif] AMQP connection workflow failed: AMQPConnectionWorkflowFailed: 2 exceptions in all; last exception - AMQPConnectorSocketConnectError: ConnectionRefusedError(10061, 'Unknown error'); first exception - AMQPConnectorSocketConnectError: ConnectionRefusedError(10061, 'Unknown error').
[12:32:44] ERROR [Notif] AMQPConnectionWorkflow - reporting failure: AMQPConnectionWorkflowFailed: 2 exceptions in all; last exception - AMQPConnectorSocketConnectError: ConnectionRefusedError(10061, 'Unknown error'); first exception - AMQPConnectorSocketConnectError: ConnectionRefusedError(10061, 'Unknown error')
[12:32:44] ERROR [Notif] Connection workflow failed: AMQPConnectionWorkflowFailed: 2 exceptions in all; last exception - AMQPConnectorSocketConnectError: ConnectionRefusedError(10061, 'Unknown error'); first exception - AMQPConnectorSocketConnectError: ConnectionRefusedError(10061, 'Unknown error')
[12:32:44] ERROR [Notif] Error in _create_connection().
Traceback (most recent call last):
  File "C:\Users\Usuario iTC\OneDrive\Desktop\Proyecto-Distribuidos\Proyecto-Sistemas-Distribuidos-U1\.venv\Lib\site-packages\pika\adapters\blocking_connection.py", line 451, in _create_connection
pika.exceptions.AMQPConnectionError
[12:32:44] ERROR [Notif] RabbitMQ no disponible: . Reintentando en 5s...
[12:32:49] INFO [Notif] Conectando a RabbitMQ (localhost)...
[12:32:49] INFO [Notif] Pika version 1.3.2 connecting to ('::1', 5672, 0, 0)
[12:32:51] ERROR [Notif] Socket failed to connect: <socket.socket fd=728, family=23, type=1, proto=6, laddr=('::', 58881, 0, 0)>; error=10061 (Unknown error)
[12:32:51] ERROR [Notif] TCP Connection attempt failed: ConnectionRefusedError(10061, 'Unknown error'); dest=(<AddressFamily.AF_INET6: 23>, <SocketKind.SOCK_STREAM: 1>, 6, '', ('::1', 5672, 0, 0))
[12:32:51] ERROR [Notif] AMQPConnector - reporting failure: AMQPConnectorSocketConnectError: ConnectionRefusedError(10061, 'Unknown error')
[12:32:51] INFO [Notif] Pika version 1.3.2 connecting to ('127.0.0.1', 5672)
[12:32:53] ERROR [Notif] Socket failed to connect: <socket.socket fd=728, family=2, type=1, proto=6, laddr=('0.0.0.0', 58882)>; error=10061 (Unknown error)
[12:32:53] ERROR [Notif] TCP Connection attempt failed: ConnectionRefusedError(10061, 'Unknown error'); dest=(<AddressFamily.AF_INET: 2>, <SocketKind.SOCK_STREAM: 1>, 6, '', ('127.0.0.1', 5672))
[12:32:53] ERROR [Notif] AMQPConnector - reporting failure: AMQPConnectorSocketConnectError: ConnectionRefusedError(10061, 'Unknown error')
[12:32:53] ERROR [Notif] AMQP connection workflow failed: AMQPConnectionWorkflowFailed: 2 exceptions in all; last exception - AMQPConnectorSocketConnectError: ConnectionRefusedError(10061, 'Unknown error'); first exception - AMQPConnectorSocketConnectError: ConnectionRefusedError(10061, 'Unknown error').
[12:32:53] ERROR [Notif] AMQPConnectionWorkflow - reporting failure: AMQPConnectionWorkflowFailed: 2 exceptions in all; last exception - AMQPConnectorSocketConnectError: ConnectionRefusedError(10061, 'Unknown error'); first exception - AMQPConnectorSocketConnectError: ConnectionRefusedError(10061, 'Unknown error')
[12:32:53] ERROR [Notif] Connection workflow failed: AMQPConnectionWorkflowFailed: 2 exceptions in all; last exception - AMQPConnectorSocketConnectError: ConnectionRefusedError(10061, 'Unknown error'); first exception - AMQPConnectorSocketConnectError: ConnectionRefusedError(10061, 'Unknown error')
[12:32:53] ERROR [Notif] Error in _create_connection().
Traceback (most recent call last):
  File "C:\Users\Usuario iTC\OneDrive\Desktop\Proyecto-Distribuidos\Proyecto-Sistemas-Distribuidos-U1\.venv\Lib\site-packages\pika\adapters\blocking_connection.py", line 451, in _create_connection
pika.exceptions.AMQPConnectionError
[12:32:53] ERROR [Notif] RabbitMQ no disponible: . Reintentando en 5s...
[12:32:58] INFO [Notif] Conectando a RabbitMQ (localhost)...
[12:32:58] INFO [Notif] Pika version 1.3.2 connecting to ('::1', 5672, 0, 0)
[12:33:00] ERROR [Notif] Socket failed to connect: <socket.socket fd=720, family=23, type=1, proto=6, laddr=('::', 58889, 0, 0)>; error=10061 (Unknown error)
[12:33:00] ERROR [Notif] TCP Connection attempt failed: ConnectionRefusedError(10061, 'Unknown error'); dest=(<AddressFamily.AF_INET6: 23>, <SocketKind.SOCK_STREAM: 1>, 6, '', ('::1', 5672, 0, 0))
[12:33:00] ERROR [Notif] AMQPConnector - reporting failure: AMQPConnectorSocketConnectError: ConnectionRefusedError(10061, 'Unknown error')
[12:33:00] INFO [Notif] Pika version 1.3.2 connecting to ('127.0.0.1', 5672)
[12:33:02] ERROR [Notif] Socket failed to connect: <socket.socket fd=720, family=2, type=1, proto=6, laddr=('0.0.0.0', 58890)>; error=10061 (Unknown error)
[12:33:02] ERROR [Notif] TCP Connection attempt failed: ConnectionRefusedError(10061, 'Unknown error'); dest=(<AddressFamily.AF_INET: 2>, <SocketKind.SOCK_STREAM: 1>, 6, '', ('127.0.0.1', 5672))
[12:33:02] ERROR [Notif] AMQPConnector - reporting failure: AMQPConnectorSocketConnectError: ConnectionRefusedError(10061, 'Unknown error')
[12:33:02] ERROR [Notif] AMQP connection workflow failed: AMQPConnectionWorkflowFailed: 2 exceptions in all; last exception - AMQPConnectorSocketConnectError: ConnectionRefusedError(10061, 'Unknown error'); first exception - AMQPConnectorSocketConnectError: ConnectionRefusedError(10061, 'Unknown error').
[12:33:02] ERROR [Notif] AMQPConnectionWorkflow - reporting failure: AMQPConnectionWorkflowFailed: 2 exceptions in all; last exception - AMQPConnectorSocketConnectError: ConnectionRefusedError(10061, 'Unknown error'); first exception - AMQPConnectorSocketConnectError: ConnectionRefusedError(10061, 'Unknown error')
[12:33:02] ERROR [Notif] Connection workflow failed: AMQPConnectionWorkflowFailed: 2 exceptions in all; last exception - AMQPConnectorSocketConnectError: ConnectionRefusedError(10061, 'Unknown error'); first exception - AMQPConnectorSocketConnectError: ConnectionRefusedError(10061, 'Unknown error')
[12:33:02] ERROR [Notif] Error in _create_connection().
Traceback (most recent call last):
  File "C:\Users\Usuario iTC\OneDrive\Desktop\Proyecto-Distribuidos\Proyecto-Sistemas-Distribuidos-U1\.venv\Lib\site-packages\pika\adapters\blocking_connection.py", line 451, in _create_connection
pika.exceptions.AMQPConnectionError
[12:33:02] ERROR [Notif] RabbitMQ no disponible: . Reintentando en 5s...
[12:33:07] INFO [Notif] Conectando a RabbitMQ (localhost)...
[12:33:07] INFO [Notif] Pika version 1.3.2 connecting to ('::1', 5672, 0, 0)
[12:33:09] ERROR [Notif] Socket failed to connect: <socket.socket fd=900, family=23, type=1, proto=6, laddr=('::', 58897, 0, 0)>; error=10061 (Unknown error)
[12:33:09] ERROR [Notif] TCP Connection attempt failed: ConnectionRefusedError(10061, 'Unknown error'); dest=(<AddressFamily.AF_INET6: 23>, <SocketKind.SOCK_STREAM: 1>, 6, '', ('::1', 5672, 0, 0))
[12:33:09] ERROR [Notif] AMQPConnector - reporting failure: AMQPConnectorSocketConnectError: ConnectionRefusedError(10061, 'Unknown error')
[12:33:09] INFO [Notif] Pika version 1.3.2 connecting to ('127.0.0.1', 5672)
[12:33:11] ERROR [Notif] Socket failed to connect: <socket.socket fd=900, family=2, type=1, proto=6, laddr=('0.0.0.0', 58898)>; error=10061 (Unknown error)
[12:33:11] ERROR [Notif] TCP Connection attempt failed: ConnectionRefusedError(10061, 'Unknown error'); dest=(<AddressFamily.AF_INET: 2>, <SocketKind.SOCK_STREAM: 1>, 6, '', ('127.0.0.1', 5672))
[12:33:11] ERROR [Notif] AMQPConnector - reporting failure: AMQPConnectorSocketConnectError: ConnectionRefusedError(10061, 'Unknown error')
[12:33:11] ERROR [Notif] AMQP connection workflow failed: AMQPConnectionWorkflowFailed: 2 exceptions in all; last exception - AMQPConnectorSocketConnectError: ConnectionRefusedError(10061, 'Unknown error'); first exception - AMQPConnectorSocketConnectError: ConnectionRefusedError(10061, 'Unknown error').
[12:33:11] ERROR [Notif] AMQPConnectionWorkflow - reporting failure: AMQPConnectionWorkflowFailed: 2 exceptions in all; last exception - AMQPConnectorSocketConnectError: ConnectionRefusedError(10061, 'Unknown error'); first exception - AMQPConnectorSocketConnectError: ConnectionRefusedError(10061, 'Unknown error')
[12:33:11] ERROR [Notif] Connection workflow failed: AMQPConnectionWorkflowFailed: 2 exceptions in all; last exception - AMQPConnectorSocketConnectError: ConnectionRefusedError(10061, 'Unknown error'); first exception - AMQPConnectorSocketConnectError: ConnectionRefusedError(10061, 'Unknown error')
[12:33:11] ERROR [Notif] Error in _create_connection().
Traceback (most recent call last):
  File "C:\Users\Usuario iTC\OneDrive\Desktop\Proyecto-Distribuidos\Proyecto-Sistemas-Distribuidos-U1\.venv\Lib\site-packages\pika\adapters\blocking_connection.py", line 451, in _create_connection
pika.exceptions.AMQPConnectionError
[12:33:11] ERROR [Notif] RabbitMQ no disponible: . Reintentando en 5s...
[12:33:16] INFO [Notif] Conectando a RabbitMQ (localhost)...
[12:33:16] INFO [Notif] Pika version 1.3.2 connecting to ('::1', 5672, 0, 0)
[12:33:18] ERROR [Notif] Socket failed to connect: <socket.socket fd=728, family=23, type=1, proto=6, laddr=('::', 58905, 0, 0)>; error=10061 (Unknown error)
[12:33:18] ERROR [Notif] TCP Connection attempt failed: ConnectionRefusedError(10061, 'Unknown error'); dest=(<AddressFamily.AF_INET6: 23>, <SocketKind.SOCK_STREAM: 1>, 6, '', ('::1', 5672, 0, 0))
[12:33:18] ERROR [Notif] AMQPConnector - reporting failure: AMQPConnectorSocketConnectError: ConnectionRefusedError(10061, 'Unknown error')
[12:33:18] INFO [Notif] Pika version 1.3.2 connecting to ('127.0.0.1', 5672)
[12:33:20] ERROR [Notif] Socket failed to connect: <socket.socket fd=728, family=2, type=1, proto=6, laddr=('0.0.0.0', 58906)>; error=10061 (Unknown error)
[12:33:20] ERROR [Notif] TCP Connection attempt failed: ConnectionRefusedError(10061, 'Unknown error'); dest=(<AddressFamily.AF_INET: 2>, <SocketKind.SOCK_STREAM: 1>, 6, '', ('127.0.0.1', 5672))
[12:33:20] ERROR [Notif] AMQPConnector - reporting failure: AMQPConnectorSocketConnectError: ConnectionRefusedError(10061, 'Unknown error')
[12:33:20] ERROR [Notif] AMQP connection workflow failed: AMQPConnectionWorkflowFailed: 2 exceptions in all; last exception - AMQPConnectorSocketConnectError: ConnectionRefusedError(10061, 'Unknown error'); first exception - AMQPConnectorSocketConnectError: ConnectionRefusedError(10061, 'Unknown error').
[12:33:20] ERROR [Notif] AMQPConnectionWorkflow - reporting failure: AMQPConnectionWorkflowFailed: 2 exceptions in all; last exception - AMQPConnectorSocketConnectError: ConnectionRefusedError(10061, 'Unknown error'); first exception - AMQPConnectorSocketConnectError: ConnectionRefusedError(10061, 'Unknown error')
[12:33:20] ERROR [Notif] Connection workflow failed: AMQPConnectionWorkflowFailed: 2 exceptions in all; last exception - AMQPConnectorSocketConnectError: ConnectionRefusedError(10061, 'Unknown error'); first exception - AMQPConnectorSocketConnectError: ConnectionRefusedError(10061, 'Unknown error')
[12:33:20] ERROR [Notif] Error in _create_connection().
Traceback (most recent call last):
  File "C:\Users\Usuario iTC\OneDrive\Desktop\Proyecto-Distribuidos\Proyecto-Sistemas-Distribuidos-U1\.venv\Lib\site-packages\pika\adapters\blocking_connection.py", line 451, in _create_connection
pika.exceptions.AMQPConnectionError
[12:33:20] ERROR [Notif] RabbitMQ no disponible: . Reintentando en 5s...
[12:33:25] INFO [Notif] Conectando a RabbitMQ (localhost)...
[12:33:25] INFO [Notif] Pika version 1.3.2 connecting to ('::1', 5672, 0, 0)
[12:33:27] ERROR [Notif] Socket failed to connect: <socket.socket fd=728, family=23, type=1, proto=6, laddr=('::', 58913, 0, 0)>; error=10061 (Unknown error)
[12:33:27] ERROR [Notif] TCP Connection attempt failed: ConnectionRefusedError(10061, 'Unknown error'); dest=(<AddressFamily.AF_INET6: 23>, <SocketKind.SOCK_STREAM: 1>, 6, '', ('::1', 5672, 0, 0))
[12:33:27] ERROR [Notif] AMQPConnector - reporting failure: AMQPConnectorSocketConnectError: ConnectionRefusedError(10061, 'Unknown error')
[12:33:27] INFO [Notif] Pika version 1.3.2 connecting to ('127.0.0.1', 5672)
[12:33:29] ERROR [Notif] Socket failed to connect: <socket.socket fd=728, family=2, type=1, proto=6, laddr=('0.0.0.0', 58914)>; error=10061 (Unknown error)
[12:33:29] ERROR [Notif] TCP Connection attempt failed: ConnectionRefusedError(10061, 'Unknown error'); dest=(<AddressFamily.AF_INET: 2>, <SocketKind.SOCK_STREAM: 1>, 6, '', ('127.0.0.1', 5672))
[12:33:29] ERROR [Notif] AMQPConnector - reporting failure: AMQPConnectorSocketConnectError: ConnectionRefusedError(10061, 'Unknown error')
[12:33:29] ERROR [Notif] AMQP connection workflow failed: AMQPConnectionWorkflowFailed: 2 exceptions in all; last exception - AMQPConnectorSocketConnectError: ConnectionRefusedError(10061, 'Unknown error'); first exception - AMQPConnectorSocketConnectError: ConnectionRefusedError(10061, 'Unknown error').
[12:33:29] ERROR [Notif] AMQPConnectionWorkflow - reporting failure: AMQPConnectionWorkflowFailed: 2 exceptions in all; last exception - AMQPConnectorSocketConnectError: ConnectionRefusedError(10061, 'Unknown error'); first exception - AMQPConnectorSocketConnectError: ConnectionRefusedError(10061, 'Unknown error')
[12:33:29] ERROR [Notif] Connection workflow failed: AMQPConnectionWorkflowFailed: 2 exceptions in all; last exception - AMQPConnectorSocketConnectError: ConnectionRefusedError(10061, 'Unknown error'); first exception - AMQPConnectorSocketConnectError: ConnectionRefusedError(10061, 'Unknown error')
[12:33:29] ERROR [Notif] Error in _create_connection().
Traceback (most recent call last):
  File "C:\Users\Usuario iTC\OneDrive\Desktop\Proyecto-Distribuidos\Proyecto-Sistemas-Distribuidos-U1\.venv\Lib\site-packages\pika\adapters\blocking_connection.py", line 451, in _create_connection
pika.exceptions.AMQPConnectionError
[12:33:29] ERROR [Notif] RabbitMQ no disponible: . Reintentando en 5s...
[12:33:34] INFO [Notif] Conectando a RabbitMQ (localhost)...
[12:33:34] INFO [Notif] Pika version 1.3.2 connecting to ('::1', 5672, 0, 0)
[12:33:36] ERROR [Notif] Socket failed to connect: <socket.socket fd=1076, family=23, type=1, proto=6, laddr=('::', 58924, 0, 0)>; error=10061 (Unknown error)
[12:33:36] ERROR [Notif] TCP Connection attempt failed: ConnectionRefusedError(10061, 'Unknown error'); dest=(<AddressFamily.AF_INET6: 23>, <SocketKind.SOCK_STREAM: 1>, 6, '', ('::1', 5672, 0, 0))
[12:33:36] ERROR [Notif] AMQPConnector - reporting failure: AMQPConnectorSocketConnectError: ConnectionRefusedError(10061, 'Unknown error')
[12:33:36] INFO [Notif] Pika version 1.3.2 connecting to ('127.0.0.1', 5672)
[12:33:38] ERROR [Notif] Socket failed to connect: <socket.socket fd=1076, family=2, type=1, proto=6, laddr=('0.0.0.0', 58925)>; error=10061 (Unknown error)
[12:33:38] ERROR [Notif] TCP Connection attempt failed: ConnectionRefusedError(10061, 'Unknown error'); dest=(<AddressFamily.AF_INET: 2>, <SocketKind.SOCK_STREAM: 1>, 6, '', ('127.0.0.1', 5672))
[12:33:38] ERROR [Notif] AMQPConnector - reporting failure: AMQPConnectorSocketConnectError: ConnectionRefusedError(10061, 'Unknown error')
[12:33:38] ERROR [Notif] AMQP connection workflow failed: AMQPConnectionWorkflowFailed: 2 exceptions in all; last exception - AMQPConnectorSocketConnectError: ConnectionRefusedError(10061, 'Unknown error'); first exception - AMQPConnectorSocketConnectError: ConnectionRefusedError(10061, 'Unknown error').
[12:33:38] ERROR [Notif] AMQPConnectionWorkflow - reporting failure: AMQPConnectionWorkflowFailed: 2 exceptions in all; last exception - AMQPConnectorSocketConnectError: ConnectionRefusedError(10061, 'Unknown error'); first exception - AMQPConnectorSocketConnectError: ConnectionRefusedError(10061, 'Unknown error')
[12:33:38] ERROR [Notif] Connection workflow failed: AMQPConnectionWorkflowFailed: 2 exceptions in all; last exception - AMQPConnectorSocketConnectError: ConnectionRefusedError(10061, 'Unknown error'); first exception - AMQPConnectorSocketConnectError: ConnectionRefusedError(10061, 'Unknown error')
[12:33:38] ERROR [Notif] Error in _create_connection().
Traceback (most recent call last):
  File "C:\Users\Usuario iTC\OneDrive\Desktop\Proyecto-Distribuidos\Proyecto-Sistemas-Distribuidos-U1\.venv\Lib\site-packages\pika\adapters\blocking_connection.py", line 451, in _create_connection
pika.exceptions.AMQPConnectionError
[12:33:38] ERROR [Notif] RabbitMQ no disponible: . Reintentando en 5s...
[12:33:43] INFO [Notif] Conectando a RabbitMQ (localhost)...
[12:33:43] INFO [Notif] Pika version 1.3.2 connecting to ('::1', 5672, 0, 0)
[12:33:45] ERROR [Notif] Socket failed to connect: <socket.socket fd=980, family=23, type=1, proto=6, laddr=('::', 49602, 0, 0)>; error=10061 (Unknown error)
[12:33:45] ERROR [Notif] TCP Connection attempt failed: ConnectionRefusedError(10061, 'Unknown error'); dest=(<AddressFamily.AF_INET6: 23>, <SocketKind.SOCK_STREAM: 1>, 6, '', ('::1', 5672, 0, 0))
[12:33:45] ERROR [Notif] AMQPConnector - reporting failure: AMQPConnectorSocketConnectError: ConnectionRefusedError(10061, 'Unknown error')
[12:33:45] INFO [Notif] Pika version 1.3.2 connecting to ('127.0.0.1', 5672)
[12:33:47] ERROR [Notif] Socket failed to connect: <socket.socket fd=980, family=2, type=1, proto=6, laddr=('0.0.0.0', 49610)>; error=10061 (Unknown error)
[12:33:47] ERROR [Notif] TCP Connection attempt failed: ConnectionRefusedError(10061, 'Unknown error'); dest=(<AddressFamily.AF_INET: 2>, <SocketKind.SOCK_STREAM: 1>, 6, '', ('127.0.0.1', 5672))
[12:33:47] ERROR [Notif] AMQPConnector - reporting failure: AMQPConnectorSocketConnectError: ConnectionRefusedError(10061, 'Unknown error')
[12:33:47] ERROR [Notif] AMQP connection workflow failed: AMQPConnectionWorkflowFailed: 2 exceptions in all; last exception - AMQPConnectorSocketConnectError: ConnectionRefusedError(10061, 'Unknown error'); first exception - AMQPConnectorSocketConnectError: ConnectionRefusedError(10061, 'Unknown error').
[12:33:47] ERROR [Notif] AMQPConnectionWorkflow - reporting failure: AMQPConnectionWorkflowFailed: 2 exceptions in all; last exception - AMQPConnectorSocketConnectError: ConnectionRefusedError(10061, 'Unknown error'); first exception - AMQPConnectorSocketConnectError: ConnectionRefusedError(10061, 'Unknown error')
[12:33:47] ERROR [Notif] Connection workflow failed: AMQPConnectionWorkflowFailed: 2 exceptions in all; last exception - AMQPConnectorSocketConnectError: ConnectionRefusedError(10061, 'Unknown error'); first exception - AMQPConnectorSocketConnectError: ConnectionRefusedError(10061, 'Unknown error')
[12:33:47] ERROR [Notif] Error in _create_connection().
Traceback (most recent call last):
  File "C:\Users\Usuario iTC\OneDrive\Desktop\Proyecto-Distribuidos\Proyecto-Sistemas-Distribuidos-U1\.venv\Lib\site-packages\pika\adapters\blocking_connection.py", line 451, in _create_connection
pika.exceptions.AMQPConnectionError
[12:33:47] ERROR [Notif] RabbitMQ no disponible: . Reintentando en 5s...
[12:33:52] INFO [Notif] Conectando a RabbitMQ (localhost)...
[12:33:52] INFO [Notif] Pika version 1.3.2 connecting to ('::1', 5672, 0, 0)
[12:33:54] ERROR [Notif] Socket failed to connect: <socket.socket fd=996, family=23, type=1, proto=6, laddr=('::', 49623, 0, 0)>; error=10061 (Unknown error)
[12:33:54] ERROR [Notif] TCP Connection attempt failed: ConnectionRefusedError(10061, 'Unknown error'); dest=(<AddressFamily.AF_INET6: 23>, <SocketKind.SOCK_STREAM: 1>, 6, '', ('::1', 5672, 0, 0))
[12:33:54] ERROR [Notif] AMQPConnector - reporting failure: AMQPConnectorSocketConnectError: ConnectionRefusedError(10061, 'Unknown error')
[12:33:54] INFO [Notif] Pika version 1.3.2 connecting to ('127.0.0.1', 5672)
[12:33:56] ERROR [Notif] Socket failed to connect: <socket.socket fd=996, family=2, type=1, proto=6, laddr=('0.0.0.0', 49628)>; error=10061 (Unknown error)
[12:33:56] ERROR [Notif] TCP Connection attempt failed: ConnectionRefusedError(10061, 'Unknown error'); dest=(<AddressFamily.AF_INET: 2>, <SocketKind.SOCK_STREAM: 1>, 6, '', ('127.0.0.1', 5672))
[12:33:56] ERROR [Notif] AMQPConnector - reporting failure: AMQPConnectorSocketConnectError: ConnectionRefusedError(10061, 'Unknown error')
[12:33:56] ERROR [Notif] AMQP connection workflow failed: AMQPConnectionWorkflowFailed: 2 exceptions in all; last exception - AMQPConnectorSocketConnectError: ConnectionRefusedError(10061, 'Unknown error'); first exception - AMQPConnectorSocketConnectError: ConnectionRefusedError(10061, 'Unknown error').
[12:33:56] ERROR [Notif] AMQPConnectionWorkflow - reporting failure: AMQPConnectionWorkflowFailed: 2 exceptions in all; last exception - AMQPConnectorSocketConnectError: ConnectionRefusedError(10061, 'Unknown error'); first exception - AMQPConnectorSocketConnectError: ConnectionRefusedError(10061, 'Unknown error')
[12:33:56] ERROR [Notif] Connection workflow failed: AMQPConnectionWorkflowFailed: 2 exceptions in all; last exception - AMQPConnectorSocketConnectError: ConnectionRefusedError(10061, 'Unknown error'); first exception - AMQPConnectorSocketConnectError: ConnectionRefusedError(10061, 'Unknown error')
[12:33:56] ERROR [Notif] Error in _create_connection().
Traceback (most recent call last):
  File "C:\Users\Usuario iTC\OneDrive\Desktop\Proyecto-Distribuidos\Proyecto-Sistemas-Distribuidos-U1\.venv\Lib\site-packages\pika\adapters\blocking_connection.py", line 451, in _create_connection
pika.exceptions.AMQPConnectionError
[12:33:56] ERROR [Notif] RabbitMQ no disponible: . Reintentando en 5s...
[12:34:01] INFO [Notif] Conectando a RabbitMQ (localhost)...
[12:34:01] INFO [Notif] Pika version 1.3.2 connecting to ('::1', 5672, 0, 0)
[12:34:04] ERROR [Notif] Socket failed to connect: <socket.socket fd=996, family=23, type=1, proto=6, laddr=('::', 49632, 0, 0)>; error=10061 (Unknown error)
[12:34:04] ERROR [Notif] TCP Connection attempt failed: ConnectionRefusedError(10061, 'Unknown error'); dest=(<AddressFamily.AF_INET6: 23>, <SocketKind.SOCK_STREAM: 1>, 6, '', ('::1', 5672, 0, 0))
[12:34:04] ERROR [Notif] AMQPConnector - reporting failure: AMQPConnectorSocketConnectError: ConnectionRefusedError(10061, 'Unknown error')
[12:34:04] INFO [Notif] Pika version 1.3.2 connecting to ('127.0.0.1', 5672)
[12:34:06] ERROR [Notif] Socket failed to connect: <socket.socket fd=996, family=2, type=1, proto=6, laddr=('0.0.0.0', 49636)>; error=10061 (Unknown error)
[12:34:06] ERROR [Notif] TCP Connection attempt failed: ConnectionRefusedError(10061, 'Unknown error'); dest=(<AddressFamily.AF_INET: 2>, <SocketKind.SOCK_STREAM: 1>, 6, '', ('127.0.0.1', 5672))
[12:34:06] ERROR [Notif] AMQPConnector - reporting failure: AMQPConnectorSocketConnectError: ConnectionRefusedError(10061, 'Unknown error')
[12:34:06] ERROR [Notif] AMQP connection workflow failed: AMQPConnectionWorkflowFailed: 2 exceptions in all; last exception - AMQPConnectorSocketConnectError: ConnectionRefusedError(10061, 'Unknown error'); first exception - AMQPConnectorSocketConnectError: ConnectionRefusedError(10061, 'Unknown error').
[12:34:06] ERROR [Notif] AMQPConnectionWorkflow - reporting failure: AMQPConnectionWorkflowFailed: 2 exceptions in all; last exception - AMQPConnectorSocketConnectError: ConnectionRefusedError(10061, 'Unknown error'); first exception - AMQPConnectorSocketConnectError: ConnectionRefusedError(10061, 'Unknown error')
[12:34:06] ERROR [Notif] Connection workflow failed: AMQPConnectionWorkflowFailed: 2 exceptions in all; last exception - AMQPConnectorSocketConnectError: ConnectionRefusedError(10061, 'Unknown error'); first exception - AMQPConnectorSocketConnectError: ConnectionRefusedError(10061, 'Unknown error')
[12:34:06] ERROR [Notif] Error in _create_connection().
Traceback (most recent call last):
  File "C:\Users\Usuario iTC\OneDrive\Desktop\Proyecto-Distribuidos\Proyecto-Sistemas-Distribuidos-U1\.venv\Lib\site-packages\pika\adapters\blocking_connection.py", line 451, in _create_connection
pika.exceptions.AMQPConnectionError
[12:34:06] ERROR [Notif] RabbitMQ no disponible: . Reintentando en 5s...
[12:34:11] INFO [Notif] Conectando a RabbitMQ (localhost)...
[12:34:11] INFO [Notif] Pika version 1.3.2 connecting to ('::1', 5672, 0, 0)
[12:34:13] ERROR [Notif] Socket failed to connect: <socket.socket fd=1064, family=23, type=1, proto=6, laddr=('::', 60141, 0, 0)>; error=10061 (Unknown error)
[12:34:13] ERROR [Notif] TCP Connection attempt failed: ConnectionRefusedError(10061, 'Unknown error'); dest=(<AddressFamily.AF_INET6: 23>, <SocketKind.SOCK_STREAM: 1>, 6, '', ('::1', 5672, 0, 0))
[12:34:13] ERROR [Notif] AMQPConnector - reporting failure: AMQPConnectorSocketConnectError: ConnectionRefusedError(10061, 'Unknown error')
[12:34:13] INFO [Notif] Pika version 1.3.2 connecting to ('127.0.0.1', 5672)
